{"type":"FeatureCollection","features":[{"type":"Feature","properties":{"Dma":"Dallas-Ft. Worth, TX","dma":"Dallas-Ft. Worth, TX","name":"Dallas-Ft. Worth, TX","dma_code":"623","dma_name_nielsen":"DALLAS-FT. WORTH"},"geometry":{"type":"Polygon","coordinates":[[[-95.4264,32.0162],[-95.4278,32.0154],[-95.427,32.0129],[-95.4283,32.0113],[-95.4296,32.0083],[-95.4287,32.0076],[-95.4304,32.0061],[-95.4315,32.0065],[-95.4305,32.0075],[-95.4339,32.0089],[-95.4353,32.0069],[-95.4361,32.0048],[-95.4382,32.0035],[-95.4411,32.0041],[-95.4419,32.0037],[-95.4423,32.0023],[-95.4436,32.0019],[-95.4449,31.9997],[-95.4462,31.9986],[-95.4458,31.9945],[-95.4488,31.9927],[-95.4493,31.9915],[-95.4495,31.9887],[-95.4504,31.9877],[-95.4499,31.9863],[-95.4482,31.9852],[-95.451,31.9814],[-95.4507,31.9808],[-95.4499,31.9805],[-95.4499,31.98],[-95.4515,31.9795],[-95.4526,31.9767],[-95.451,31.9755],[-95.4508,31.9745],[-95.4503,31.9743],[-95.4507,31.9719],[-95.4509,31.9709],[-95.4493,31.9688],[-95.4497,31.9683],[-95.447,31.9689],[-95.446,31.9679],[-95.4436,31.9671],[-95.4439,31.9632],[-95.4453,31.9638],[-95.4459,31.9631],[-95.4469,31.9633],[-95.4479,31.9618],[-95.4489,31.9627],[-95.4507,31.964],[-95.4533,31.9612],[-95.4534,31.9601],[-95.451,31.956],[-95.4495,31.9545],[-95.4479,31.9548],[-95.4482,31.9511],[-95.4453,31.9458],[-95.4444,31.9457],[-95.4421,31.9431],[-95.4407,31.9408],[-95.4374,31.9383],[-95.4359,31.9362],[-95.4313,31.9331],[-95.4281,31.9324],[-95.4265,31.9316],[-95.4241,31.9322],[-95.4236,31.9315],[-95.4238,31.9293],[-95.4228,31.9266],[-95.4203,31.9264],[-95.4204,31.9245],[-95.4224,31.9247],[-95.4243,31.9217],[-95.4243,31.9192],[-95.4266,31.9195],[-95.4263,31.9164],[-95.4283,31.9162],[-95.429,31.9157],[-95.4296,31.9156],[-95.429,31.913],[-95.4315,31.9136],[-95.4298,31.9089],[-95.4303,31.9086],[-95.4296,31.9071],[-95.4287,31.9067],[-95.4285,31.9052],[-95.4305,31.9045],[-95.4289,31.9018],[-95.4298,31.9011],[-95.4313,31.902],[-95.4315,31.9031],[-95.4338,31.9024],[-95.4351,31.9028],[-95.4355,31.9017],[-95.4371,31.902],[-95.4374,31.9014],[-95.437,31.9002],[-95.4374,31.8976],[-95.4362,31.8972],[-95.4348,31.8973],[-95.4347,31.8951],[-95.4365,31.896],[-95.437,31.8959],[-95.4367,31.8943],[-95.4347,31.8944],[-95.4324,31.8936],[-95.4311,31.8919],[-95.4317,31.8911],[-95.4328,31.8906],[-95.4325,31.8889],[-95.4331,31.8876],[-95.4321,31.8859],[-95.4312,31.8836],[-95.4322,31.8828],[-95.432,31.8809],[-95.4311,31.8799],[-95.4331,31.8784],[-95.4317,31.8775],[-95.4319,31.8765],[-95.4334,31.877],[-95.4339,31.8764],[-95.4332,31.8755],[-95.434,31.8745],[-95.4338,31.8738],[-95.435,31.8733],[-95.4367,31.8745],[-95.4367,31.876],[-95.4388,31.8764],[-95.4387,31.8755],[-95.4374,31.8743],[-95.4394,31.873],[-95.439,31.8717],[-95.4374,31.8718],[-95.438,31.8704],[-95.4368,31.8704],[-95.4348,31.8671],[-95.4361,31.8653],[-95.4383,31.8651],[-95.439,31.8642],[-95.4402,31.8639],[-95.4424,31.8622],[-95.4432,31.86],[-95.4432,31.8579],[-95.4451,31.8581],[-95.4452,31.8566],[-95.4442,31.8552],[-95.4456,31.8546],[-95.4455,31.8541],[-95.4445,31.854],[-95.4448,31.8527],[-95.4441,31.851],[-95.4451,31.8502],[-95.4452,31.8493],[-95.446,31.8482],[-95.4441,31.8461],[-95.4443,31.8456],[-95.4458,31.8454],[-95.4467,31.8441],[-95.4467,31.8433],[-95.4448,31.8435],[-95.4442,31.8432],[-95.4438,31.8442],[-95.4423,31.8439],[-95.4433,31.8425],[-95.4404,31.8416],[-95.4378,31.8434],[-95.4343,31.8408],[-95.4297,31.8393],[-95.4293,31.84],[-95.4306,31.8409],[-95.4304,31.8414],[-95.4294,31.8414],[-95.4271,31.8405],[-95.4272,31.8417],[-95.425,31.8414],[-95.422,31.8374],[-95.4204,31.8365],[-95.4195,31.8358],[-95.4183,31.8368],[-95.4169,31.836],[-95.4169,31.8373],[-95.4158,31.8368],[-95.4144,31.8357],[-95.4131,31.8354],[-95.4125,31.8347],[-95.4127,31.8326],[-95.4104,31.8339],[-95.4109,31.8321],[-95.4118,31.8318],[-95.4108,31.8308],[-95.4113,31.8295],[-95.4118,31.8291],[-95.4105,31.8283],[-95.4108,31.8274],[-95.4122,31.8275],[-95.4125,31.8261],[-95.4113,31.8254],[-95.4083,31.8248],[-95.4078,31.8242],[-95.4085,31.8239],[-95.408,31.8233],[-95.4036,31.8218],[-95.4028,31.8189],[-95.4009,31.8185],[-95.4009,31.8179],[-95.4015,31.8175],[-95.4014,31.8165],[-95.4006,31.8158],[-95.4013,31.8144],[-95.4011,31.8139],[-95.4002,31.8135],[-95.4027,31.8124],[-95.404,31.8106],[-95.4048,31.8102],[-95.4041,31.8094],[-95.4045,31.8081],[-95.4027,31.8089],[-95.4027,31.8077],[-95.4039,31.8072],[-95.4023,31.8057],[-95.4041,31.8037],[-95.4033,31.8014],[-95.4035,31.8007],[-95.401,31.802],[-95.3992,31.8014],[-95.3983,31.7997],[-95.3995,31.7991],[-95.399,31.7965],[-95.3975,31.7961],[-95.3988,31.7941],[-95.3969,31.7943],[-95.3961,31.7937],[-95.3953,31.7937],[-95.3955,31.7917],[-95.3961,31.7912],[-95.395,31.791],[-95.3948,31.7895],[-95.3953,31.7888],[-95.3942,31.7873],[-95.3949,31.7863],[-95.3948,31.7853],[-95.3941,31.7847],[-95.3964,31.7832],[-95.396,31.7823],[-95.3948,31.7817],[-95.3955,31.7798],[-95.3955,31.7792],[-95.3962,31.7792],[-95.396,31.7781],[-95.3967,31.7766],[-95.3969,31.7759],[-95.3978,31.7755],[-95.3978,31.775],[-95.3973,31.7742],[-95.3985,31.7745],[-95.3992,31.7751],[-95.399,31.7739],[-95.3979,31.7729],[-95.3987,31.772],[-95.3978,31.7715],[-95.3967,31.772],[-95.3967,31.7709],[-95.398,31.7688],[-95.397,31.7677],[-95.3966,31.7654],[-95.3983,31.7659],[-95.3989,31.7668],[-95.3998,31.7666],[-95.3997,31.765],[-95.401,31.7653],[-95.3999,31.7634],[-95.4021,31.7621],[-95.3994,31.7604],[-95.3972,31.7624],[-95.395,31.7637],[-95.3923,31.7623],[-95.3919,31.7612],[-95.3922,31.7599],[-95.3899,31.7586],[-95.389,31.7574],[-95.3884,31.7586],[-95.3867,31.7582],[-95.3852,31.7572],[-95.3846,31.7587],[-95.3838,31.7585],[-95.3838,31.756],[-95.3827,31.7548],[-95.3816,31.7549],[-95.3815,31.7532],[-95.3797,31.7527],[-95.3795,31.7533],[-95.3799,31.7548],[-95.3783,31.7564],[-95.3771,31.7564],[-95.3767,31.7539],[-95.3736,31.7537],[-95.3732,31.7519],[-95.3717,31.752],[-95.3704,31.7527],[-95.3679,31.7523],[-95.3657,31.7523],[-95.3648,31.7519],[-95.3632,31.7524],[-95.362,31.7518],[-95.3605,31.7491],[-95.3592,31.7498],[-95.358,31.7491],[-95.3581,31.7478],[-95.3604,31.745],[-95.3601,31.7442],[-95.3621,31.7438],[-95.3619,31.7424],[-95.3603,31.7419],[-95.3597,31.7424],[-95.3592,31.741],[-95.3633,31.7368],[-95.3647,31.737],[-95.3648,31.7385],[-95.3644,31.7399],[-95.3653,31.7401],[-95.3658,31.7396],[-95.3665,31.74],[-95.3709,31.7379],[-95.3723,31.7362],[-95.3703,31.7359],[-95.3701,31.7354],[-95.3686,31.7352],[-95.3688,31.7348],[-95.3701,31.7346],[-95.3706,31.7334],[-95.37,31.7328],[-95.3678,31.7321],[-95.3668,31.7305],[-95.3683,31.7297],[-95.3684,31.7292],[-95.3661,31.7289],[-95.3656,31.7281],[-95.3665,31.7272],[-95.3646,31.7271],[-95.3624,31.7279],[-95.3616,31.7288],[-95.3599,31.7289],[-95.3553,31.7278],[-95.3544,31.7279],[-95.3532,31.7309],[-95.3531,31.7315],[-95.3488,31.7322],[-95.3464,31.7338],[-95.3414,31.7353],[-95.3407,31.7346],[-95.3411,31.7338],[-95.34,31.7336],[-95.3386,31.7353],[-95.3352,31.7347],[-95.3332,31.7329],[-95.3328,31.728],[-95.3361,31.7277],[-95.337,31.7269],[-95.3353,31.7265],[-95.338,31.7232],[-95.3378,31.7223],[-95.3395,31.7204],[-95.3403,31.7206],[-95.3405,31.7218],[-95.3393,31.722],[-95.34,31.7234],[-95.3421,31.7222],[-95.3424,31.7183],[-95.3422,31.7181],[-95.3377,31.7162],[-95.3366,31.7148],[-95.3349,31.7136],[-95.3343,31.7123],[-95.3317,31.7129],[-95.3328,31.7147],[-95.3325,31.7156],[-95.3347,31.7157],[-95.3327,31.7178],[-95.3316,31.7186],[-95.3277,31.7167],[-95.3276,31.7157],[-95.3268,31.7157],[-95.3272,31.7149],[-95.326,31.7142],[-95.3245,31.7103],[-95.326,31.7089],[-95.3285,31.7081],[-95.327,31.7061],[-95.3253,31.7052],[-95.3241,31.7054],[-95.3257,31.704],[-95.3228,31.7042],[-95.3164,31.7064],[-95.3115,31.7062],[-95.3107,31.703],[-95.3122,31.7016],[-95.312,31.6974],[-95.3071,31.6938],[-95.3052,31.6934],[-95.302,31.6943],[-95.3014,31.6936],[-95.3036,31.6921],[-95.3029,31.6913],[-95.304,31.6904],[-95.3048,31.6906],[-95.3033,31.6887],[-95.2991,31.6871],[-95.2973,31.6861],[-95.2937,31.6857],[-95.2928,31.6843],[-95.2898,31.684],[-95.29,31.6821],[-95.289,31.6812],[-95.2877,31.681],[-95.2883,31.6795],[-95.2863,31.678],[-95.2856,31.6763],[-95.2833,31.6764],[-95.2831,31.6744],[-95.2827,31.6724],[-95.2838,31.6717],[-95.2855,31.6716],[-95.2857,31.6697],[-95.2851,31.6674],[-95.2831,31.6657],[-95.2831,31.6651],[-95.2821,31.6649],[-95.2823,31.6637],[-95.2837,31.6634],[-95.2828,31.6626],[-95.2805,31.6626],[-95.2803,31.662],[-95.281,31.6617],[-95.2797,31.6609],[-95.2802,31.6605],[-95.2788,31.66],[-95.278,31.6608],[-95.2761,31.6575],[-95.2765,31.656],[-95.2786,31.6546],[-95.2785,31.6535],[-95.2793,31.6537],[-95.2802,31.6553],[-95.2812,31.6548],[-95.2811,31.6539],[-95.2795,31.6518],[-95.2825,31.6517],[-95.2824,31.6507],[-95.2835,31.6494],[-95.2824,31.6482],[-95.2826,31.6463],[-95.2836,31.6458],[-95.2854,31.6469],[-95.2843,31.648],[-95.2844,31.6486],[-95.2853,31.6485],[-95.2862,31.6474],[-95.2868,31.6442],[-95.2859,31.6436],[-95.2836,31.643],[-95.2841,31.6423],[-95.2854,31.6421],[-95.283,31.6393],[-95.282,31.6389],[-95.2821,31.6351],[-95.2828,31.6324],[-95.2847,31.6324],[-95.2877,31.6331],[-95.286,31.6298],[-95.2846,31.6291],[-95.2833,31.6272],[-95.2819,31.6269],[-95.282,31.6257],[-95.2803,31.6255],[-95.2794,31.6248],[-95.2778,31.6255],[-95.2773,31.6249],[-95.2763,31.6257],[-95.2753,31.6252],[-95.2759,31.6243],[-95.2758,31.6238],[-95.2752,31.6241],[-95.2739,31.6237],[-95.2734,31.6246],[-95.2711,31.6252],[-95.2708,31.6249],[-95.2656,31.6247],[-95.2649,31.6242],[-95.2641,31.6209],[-95.2621,31.6197],[-95.262,31.6183],[-95.2629,31.6169],[-95.2628,31.6153],[-95.2605,31.6127],[-95.2608,31.6117],[-95.2608,31.6091],[-95.2591,31.6106],[-95.2591,31.6096],[-95.2628,31.6041],[-95.2624,31.6028],[-95.2654,31.6027],[-95.2693,31.5993],[-95.2702,31.5966],[-95.2698,31.5952],[-95.2725,31.5948],[-95.2736,31.5954],[-95.2733,31.5964],[-95.2753,31.5952],[-95.2747,31.5932],[-95.2736,31.5932],[-95.2734,31.5929],[-95.3656,31.5812],[-95.3815,31.5788],[-95.3878,31.578],[-95.4414,31.5715],[-95.5005,31.5637],[-95.5655,31.5541],[-95.6518,31.5418],[-95.6472,31.527],[-95.7399,31.5039],[-95.7344,31.5081],[-95.7339,31.5097],[-95.7369,31.5185],[-95.7381,31.52],[-95.7404,31.5212],[-95.7414,31.5229],[-95.747,31.5245],[-95.7473,31.528],[-95.748,31.5289],[-95.7565,31.5311],[-95.7579,31.5321],[-95.7589,31.5345],[-95.7559,31.5378],[-95.7519,31.54],[-95.751,31.5422],[-95.7544,31.5463],[-95.7524,31.5515],[-95.7515,31.5522],[-95.7473,31.553],[-95.7432,31.5542],[-95.7411,31.5541],[-95.7358,31.5518],[-95.7315,31.5513],[-95.7292,31.5517],[-95.7251,31.5554],[-95.7227,31.5557],[-95.7183,31.5538],[-95.7158,31.5541],[-95.7154,31.5555],[-95.717,31.5585],[-95.7172,31.5681],[-95.7184,31.5691],[-95.7216,31.5695],[-95.7221,31.5705],[-95.7215,31.571],[-95.7187,31.5716],[-95.7179,31.5732],[-95.7222,31.5787],[-95.7256,31.5805],[-95.7294,31.5836],[-95.7291,31.5844],[-95.7253,31.5849],[-95.7232,31.5857],[-95.7218,31.5868],[-95.7205,31.59],[-95.7197,31.593],[-95.7186,31.5938],[-95.7159,31.5941],[-95.7155,31.5952],[-95.7166,31.5969],[-95.7163,31.5986],[-95.713,31.6026],[-95.7114,31.6039],[-95.7111,31.6053],[-95.7125,31.6078],[-95.7104,31.6149],[-95.7105,31.6162],[-95.7151,31.6241],[-95.7174,31.6275],[-95.7182,31.6317],[-95.7229,31.6376],[-95.7253,31.6408],[-95.7276,31.6447],[-95.7316,31.6477],[-95.7344,31.6523],[-95.7359,31.6539],[-95.7388,31.6541],[-95.743,31.6518],[-95.746,31.6514],[-95.7502,31.6499],[-95.7536,31.6493],[-95.7569,31.6455],[-95.7574,31.6434],[-95.7551,31.6409],[-95.7529,31.6343],[-95.7535,31.6297],[-95.7486,31.6193],[-95.7484,31.6184],[-95.7532,31.614],[-95.7536,31.6126],[-95.7528,31.6089],[-95.7539,31.607],[-95.7573,31.6051],[-95.7604,31.6041],[-95.7615,31.6025],[-95.761,31.5995],[-95.7626,31.5996],[-95.7648,31.5993],[-95.7682,31.5975],[-95.7733,31.5994],[-95.7777,31.6024],[-95.7812,31.6056],[-95.7854,31.6116],[-95.7869,31.6176],[-95.7874,31.6184],[-95.9809,31.5307],[-95.9924,31.5255],[-96.0585,31.4951],[-96.1465,31.4547],[-96.1933,31.4333],[-96.2366,31.4134],[-96.2486,31.4322],[-96.251,31.4367],[-96.2848,31.4851],[-96.2994,31.5069],[-96.3108,31.5236],[-96.3815,31.6276],[-96.4622,31.746],[-96.4967,31.7962],[-96.5758,31.803],[-96.7191,31.8149],[-96.7444,31.8022],[-96.7548,31.7967],[-96.8387,31.7552],[-96.9322,31.7089],[-96.968,31.7603],[-96.9718,31.7659],[-96.9766,31.7731],[-96.9842,31.7843],[-97.0206,31.8385],[-97.0373,31.8631],[-97.1616,31.8029],[-97.1873,31.7901],[-97.2247,31.7715],[-97.2775,31.7454],[-97.3066,31.7313],[-97.3267,31.7217],[-97.3365,31.717],[-97.4055,31.6837],[-97.4523,31.6615],[-97.4756,31.6503],[-97.4829,31.6461],[-97.5631,31.6073],[-97.5802,31.5988],[-97.6052,31.5878],[-97.6183,31.6064],[-97.6716,31.6844],[-97.6898,31.711],[-97.7664,31.6725],[-97.7974,31.6567],[-97.8943,31.6079],[-98.0194,31.5446],[-98.0764,31.5161],[-98.1433,31.4825],[-98.18,31.4637],[-98.2497,31.4281],[-98.2503,31.4274],[-98.2711,31.4164],[-98.3233,31.4889],[-98.4157,31.6185],[-98.4573,31.6752],[-98.4637,31.684],[-98.4928,31.7236],[-98.4999,31.7233],[-98.5213,31.7202],[-98.5444,31.7173],[-98.6053,31.7096],[-98.6253,31.7064],[-98.6684,31.7005],[-98.7834,31.8704],[-98.7881,31.8782],[-98.8049,31.9025],[-98.8339,31.9449],[-98.9244,32.078],[-98.8872,32.096],[-98.8606,32.1092],[-98.8325,32.1216],[-98.8021,32.136],[-98.7526,32.1602],[-98.6649,32.2022],[-98.6344,32.2182],[-98.5888,32.2417],[-98.5512,32.2614],[-98.5377,32.2681],[-98.4747,32.2991],[-98.4752,32.3734],[-98.4755,32.3763],[-98.4754,32.3881],[-98.4752,32.4599],[-98.4752,32.513],[-98.4957,32.513],[-98.5079,32.5135],[-98.5763,32.5152],[-98.5761,32.6082],[-98.5761,32.6091],[-98.576,32.6508],[-98.576,32.7337],[-98.5758,32.7857],[-98.5757,32.878],[-98.5757,32.8809],[-98.5757,32.885],[-98.5756,32.9543],[-98.4754,32.9531],[-98.4272,32.9523],[-98.4272,32.9893],[-98.4266,33.0079],[-98.4248,33.1328],[-98.4225,33.2218],[-98.4209,33.2699],[-98.4209,33.2966],[-98.4208,33.3691],[-98.4205,33.3849],[-98.4207,33.3962],[-98.4214,33.4668],[-98.1253,33.4662],[-97.9789,33.4671],[-97.9788,33.7275],[-97.9783,33.7741],[-97.9778,33.8161],[-97.9779,33.8419],[-97.9779,33.87],[-97.9779,33.8899],[-97.9719,33.885],[-97.9667,33.8819],[-97.9571,33.8789],[-97.9504,33.8785],[-97.9465,33.8789],[-97.9427,33.8798],[-97.9421,33.8795],[-97.9388,33.8799],[-97.935,33.8784],[-97.9302,33.8751],[-97.9183,33.8699],[-97.913,33.8685],[-97.9071,33.8656],[-97.9056,33.8637],[-97.9036,33.8627],[-97.8995,33.8597],[-97.895,33.8573],[-97.8887,33.8567],[-97.8884,33.8563],[-97.8894,33.8564],[-97.8894,33.8563],[-97.8873,33.8555],[-97.8832,33.8544],[-97.8798,33.8524],[-97.8782,33.8505],[-97.8714,33.849],[-97.8658,33.8494],[-97.8523,33.8531],[-97.8458,33.8557],[-97.8433,33.8568],[-97.8416,33.8563],[-97.8335,33.8581],[-97.8318,33.86],[-97.8318,33.8607],[-97.8303,33.8623],[-97.8259,33.8645],[-97.823,33.8665],[-97.8197,33.8705],[-97.8189,33.874],[-97.8192,33.8791],[-97.8176,33.881],[-97.8147,33.8821],[-97.8125,33.8812],[-97.8089,33.8767],[-97.8067,33.8762],[-97.8042,33.8789],[-97.8014,33.8863],[-97.8016,33.8898],[-97.8011,33.8909],[-97.8016,33.8959],[-97.7981,33.8991],[-97.7948,33.9],[-97.7918,33.8986],[-97.7881,33.8936],[-97.788,33.8919],[-97.7847,33.8906],[-97.7806,33.8955],[-97.7797,33.8992],[-97.7803,33.9048],[-97.7837,33.9106],[-97.7855,33.9122],[-97.7861,33.9143],[-97.7835,33.9183],[-97.7805,33.9197],[-97.7774,33.9193],[-97.7736,33.9157],[-97.7727,33.9144],[-97.7678,33.9135],[-97.7652,33.9136],[-97.7617,33.9156],[-97.7597,33.918],[-97.7598,33.9252],[-97.7619,33.9298],[-97.7627,33.9308],[-97.7628,33.9344],[-97.7571,33.9357],[-97.753,33.937],[-97.7511,33.937],[-97.7495,33.9363],[-97.742,33.9374],[-97.7385,33.9374],[-97.7355,33.9364],[-97.7323,33.9367],[-97.7253,33.941],[-97.7247,33.9418],[-97.7168,33.9477],[-97.7097,33.955],[-97.7042,33.9633],[-97.7026,33.9676],[-97.7005,33.9722],[-97.6992,33.9757],[-97.6986,33.9758],[-97.6972,33.9784],[-97.6931,33.9837],[-97.6901,33.985],[-97.6892,33.9858],[-97.6887,33.9865],[-97.688,33.9866],[-97.6877,33.9872],[-97.6842,33.9884],[-97.6838,33.9881],[-97.6729,33.9909],[-97.6713,33.9916],[-97.6677,33.9911],[-97.668,33.9904],[-97.6615,33.9908],[-97.6573,33.9896],[-97.6555,33.9891],[-97.6573,33.9888],[-97.6474,33.9861],[-97.6441,33.9845],[-97.6338,33.9813],[-97.6303,33.9791],[-97.6296,33.9792],[-97.6287,33.9781],[-97.6241,33.9754],[-97.6218,33.973],[-97.6156,33.9696],[-97.6091,33.9681],[-97.606,33.965],[-97.6044,33.9638],[-97.6043,33.9628],[-97.601,33.9608],[-97.6009,33.9589],[-97.5995,33.9563],[-97.5964,33.9545],[-97.5904,33.9541],[-97.589,33.9525],[-97.5892,33.9514],[-97.5914,33.9481],[-97.5922,33.946],[-97.5944,33.9441],[-97.5955,33.9404],[-97.5949,33.9372],[-97.5933,33.9339],[-97.5914,33.932],[-97.5915,33.9282],[-97.5951,33.923],[-97.5965,33.9212],[-97.5971,33.9179],[-97.5963,33.9138],[-97.5938,33.9103],[-97.5931,33.9103],[-97.5909,33.9096],[-97.5899,33.908],[-97.5893,33.9039],[-97.5874,33.9025],[-97.581,33.9004],[-97.5782,33.9005],[-97.573,33.9015],[-97.5687,33.903],[-97.5686,33.9026],[-97.5668,33.9029],[-97.5637,33.9019],[-97.5609,33.8996],[-97.5599,33.8976],[-97.5583,33.8971],[-97.5515,33.8979],[-97.5417,33.9022],[-97.538,33.9043],[-97.5327,33.9066],[-97.5242,33.9122],[-97.5241,33.9117],[-97.5177,33.9139],[-97.5091,33.9168],[-97.5061,33.9176],[-97.5003,33.9197],[-97.4949,33.9193],[-97.491,33.9181],[-97.49,33.9182],[-97.4865,33.9168],[-97.4864,33.9164],[-97.4842,33.9154],[-97.4691,33.9086],[-97.4636,33.905],[-97.4619,33.9052],[-97.4603,33.9044],[-97.4604,33.9039],[-97.4598,33.9026],[-97.4583,33.9019],[-97.4563,33.899],[-97.4511,33.8917],[-97.4511,33.8913],[-97.451,33.8869],[-97.4515,33.8852],[-97.4518,33.8816],[-97.4512,33.8782],[-97.4515,33.8709],[-97.4522,33.869],[-97.4532,33.8681],[-97.4559,33.8599],[-97.4557,33.8581],[-97.4569,33.8571],[-97.4575,33.8554],[-97.4596,33.8533],[-97.4615,33.8496],[-97.4629,33.8418],[-97.4595,33.8352],[-97.4573,33.8334],[-97.4531,33.8285],[-97.4457,33.8248],[-97.4449,33.824],[-97.4373,33.8221],[-97.4316,33.8213],[-97.4265,33.8194],[-97.4179,33.8199],[-97.411,33.8191],[-97.404,33.8189],[-97.4003,33.8194],[-97.3951,33.82],[-97.3906,33.8188],[-97.3862,33.8196],[-97.3793,33.8189],[-97.3753,33.8196],[-97.3729,33.8195],[-97.3687,33.8215],[-97.3655,33.8238],[-97.3573,33.8314],[-97.3549,33.8372],[-97.3533,33.8385],[-97.3497,33.8434],[-97.3478,33.8444],[-97.3451,33.8503],[-97.3443,33.8527],[-97.3428,33.8548],[-97.3421,33.8572],[-97.3408,33.8588],[-97.3392,33.8621],[-97.3381,33.8706],[-97.3359,33.8792],[-97.3336,33.8836],[-97.3305,33.8847],[-97.3266,33.8844],[-97.3238,33.8817],[-97.3233,33.8792],[-97.3243,33.8764],[-97.3281,33.8703],[-97.3342,33.8629],[-97.3347,33.8591],[-97.3342,33.8562],[-97.3321,33.8551],[-97.3287,33.8554],[-97.326,33.8569],[-97.3181,33.8635],[-97.3164,33.8658],[-97.3144,33.867],[-97.3108,33.8725],[-97.3095,33.8778],[-97.3099,33.883],[-97.3112,33.8865],[-97.3103,33.8885],[-97.3092,33.8887],[-97.3076,33.888],[-97.3014,33.8829],[-97.2878,33.8701],[-97.281,33.8655],[-97.2754,33.8632],[-97.2715,33.8626],[-97.2566,33.8633],[-97.2552,33.8641],[-97.2492,33.8751],[-97.2491,33.8806],[-97.2475,33.8892],[-97.2467,33.8972],[-97.2452,33.9026],[-97.2421,33.9063],[-97.2394,33.9079],[-97.2315,33.9102],[-97.2284,33.9132],[-97.2265,33.9146],[-97.2228,33.915],[-97.2206,33.9153],[-97.2169,33.915],[-97.2109,33.9161],[-97.2081,33.915],[-97.2049,33.9133],[-97.2022,33.911],[-97.2004,33.9088],[-97.1908,33.9038],[-97.188,33.9022],[-97.1855,33.9007],[-97.1808,33.8952],[-97.1793,33.8911],[-97.1778,33.8826],[-97.1763,33.8784],[-97.177,33.8767],[-97.1687,33.856],[-97.1666,33.8473],[-97.1673,33.8416],[-97.1668,33.8404],[-97.1716,33.8353],[-97.1758,33.8338],[-97.1799,33.8317],[-97.1863,33.8309],[-97.1947,33.8312],[-97.1975,33.8298],[-97.2035,33.8218],[-97.205,33.818],[-97.2049,33.8097],[-97.2053,33.8098],[-97.2057,33.8113],[-97.2054,33.8015],[-97.2026,33.7966],[-97.2007,33.7948],[-97.2005,33.7932],[-97.1954,33.7875],[-97.1957,33.7868],[-97.1924,33.7828],[-97.1908,33.7818],[-97.1894,33.7761],[-97.1908,33.7764],[-97.1885,33.7724],[-97.1878,33.7697],[-97.1888,33.7672],[-97.1909,33.765],[-97.1934,33.7606],[-97.1929,33.7595],[-97.1905,33.7578],[-97.1853,33.7555],[-97.185,33.756],[-97.1842,33.7561],[-97.1818,33.7559],[-97.1818,33.7557],[-97.1827,33.7556],[-97.1827,33.7555],[-97.1818,33.7554],[-97.1801,33.7545],[-97.1782,33.7501],[-97.1746,33.745],[-97.1733,33.739],[-97.1653,33.7309],[-97.1598,33.7274],[-97.1562,33.7256],[-97.1542,33.7239],[-97.1494,33.722],[-97.1375,33.7187],[-97.1261,33.7169],[-97.1183,33.7176],[-97.1089,33.7203],[-97.1045,33.7226],[-97.0972,33.7278],[-97.0924,33.7332],[-97.087,33.742],[-97.0858,33.7462],[-97.0847,33.7531],[-97.0849,33.7626],[-97.0866,33.7705],[-97.0939,33.7891],[-97.0952,33.7941],[-97.0948,33.7985],[-97.0921,33.8041],[-97.088,33.8087],[-97.0786,33.8128],[-97.0727,33.8141],[-97.058,33.8164],[-97.051,33.8164],[-97.0488,33.8173],[-97.048,33.8179],[-97.0478,33.8243],[-97.0488,33.8286],[-97.0506,33.8311],[-97.0545,33.8345],[-97.06,33.8372],[-97.0658,33.8388],[-97.0696,33.8394],[-97.0813,33.8393],[-97.0833,33.8394],[-97.0843,33.8399],[-97.0873,33.8398],[-97.0895,33.8407],[-97.0905,33.8426],[-97.0907,33.8467],[-97.0872,33.854],[-97.0755,33.8588],[-97.0701,33.8605],[-97.0702,33.8601],[-97.0669,33.8603],[-97.0633,33.8597],[-97.0573,33.8569],[-97.0549,33.8545],[-97.0537,33.8518],[-97.0491,33.8441],[-97.045,33.8391],[-97.0412,33.8378],[-97.0387,33.8384],[-97.0286,33.8429],[-97.0249,33.8443],[-97.0235,33.8445],[-97.017,33.8514],[-97.0155,33.8537],[-97.0084,33.8604],[-97.0087,33.8595],[-97.0044,33.8641],[-96.9971,33.8743],[-96.9856,33.8865],[-96.984,33.8921],[-96.9853,33.9066],[-96.988,33.9153],[-96.988,33.9174],[-96.9947,33.931],[-96.996,33.9401],[-96.9961,33.9444],[-96.9947,33.9487],[-96.9894,33.9537],[-96.9865,33.9551],[-96.9804,33.9564],[-96.9793,33.956],[-96.981,33.9503],[-96.9798,33.9416],[-96.9777,33.9385],[-96.9757,33.9364],[-96.9729,33.9357],[-96.966,33.9397],[-96.9588,33.9417],[-96.9518,33.9447],[-96.9468,33.9481],[-96.9446,33.9492],[-96.945,33.8695],[-96.9447,33.798],[-96.9447,33.79],[-96.9436,33.6544],[-96.9433,33.606],[-96.9434,33.5932],[-96.9434,33.5788],[-96.9434,33.5553],[-96.9434,33.5361],[-96.9435,33.4857],[-96.9435,33.4838],[-96.9437,33.4324],[-96.9435,33.4325],[-96.9439,33.4164],[-96.9383,33.4162],[-96.9275,33.4155],[-96.9161,33.4156],[-96.9161,33.4218],[-96.9148,33.4219],[-96.9058,33.4159],[-96.8858,33.4146],[-96.8753,33.4151],[-96.8722,33.4145],[-96.8683,33.4146],[-96.8645,33.4142],[-96.8411,33.4136],[-96.8411,33.4057],[-96.8341,33.4055],[-96.8066,33.4051],[-96.792,33.4051],[-96.7821,33.4042],[-96.7408,33.4032],[-96.7318,33.4033],[-96.7275,33.403],[-96.6834,33.4019],[-96.6692,33.4022],[-96.6567,33.4011],[-96.6565,33.4019],[-96.6538,33.4013],[-96.6406,33.4015],[-96.6397,33.4012],[-96.6274,33.4007],[-96.6199,33.4021],[-96.6094,33.4007],[-96.5844,33.4001],[-96.5809,33.3982],[-96.5805,33.4],[-96.5738,33.4],[-96.5705,33.3999],[-96.57,33.4003],[-96.5529,33.4001],[-96.5333,33.3995],[-96.5207,33.3993],[-96.5113,33.3993],[-96.5044,33.3979],[-96.5021,33.3993],[-96.4889,33.3991],[-96.4725,33.3987],[-96.46,33.3989],[-96.4436,33.399],[-96.4294,33.4],[-96.4247,33.3982],[-96.4024,33.3981],[-96.3942,33.3983],[-96.3846,33.3978],[-96.384,33.4297],[-96.3845,33.4301],[-96.3842,33.4346],[-96.3829,33.4967],[-96.3829,33.5135],[-96.3828,33.5229],[-96.3825,33.5705],[-96.3816,33.6251],[-96.3801,33.6759],[-96.3801,33.6934],[-96.3795,33.7258],[-96.3788,33.7247],[-96.3766,33.722],[-96.3696,33.7168],[-96.3672,33.712],[-96.3662,33.7062],[-96.3634,33.7016],[-96.3632,33.6952],[-96.3622,33.6918],[-96.3559,33.6872],[-96.3483,33.6864],[-96.3427,33.687],[-96.3386,33.6902],[-96.3348,33.6921],[-96.3312,33.6936],[-96.3222,33.6947],[-96.3188,33.6968],[-96.3169,33.699],[-96.31,33.7105],[-96.3084,33.7158],[-96.307,33.72],[-96.3066,33.7259],[-96.307,33.7294],[-96.3078,33.7307],[-96.3083,33.7336],[-96.3074,33.735],[-96.3049,33.7453],[-96.3017,33.7538],[-96.2996,33.7561],[-96.2993,33.7576],[-96.2974,33.7593],[-96.2949,33.7648],[-96.293,33.7661],[-96.2921,33.7666],[-96.2898,33.7656],[-96.288,33.7655],[-96.2822,33.7672],[-96.2773,33.7697],[-96.2707,33.7686],[-96.2607,33.7637],[-96.2503,33.7601],[-96.238,33.7535],[-96.2353,33.7523],[-96.2293,33.7481],[-96.2252,33.7482],[-96.2211,33.7474],[-96.2159,33.7492],[-96.2137,33.7492],[-96.2005,33.752],[-96.1888,33.7556],[-96.1817,33.7585],[-96.1781,33.7605],[-96.1725,33.7662],[-96.1695,33.7701],[-96.1683,33.7745],[-96.1675,33.7745],[-96.1659,33.7792],[-96.1652,33.7801],[-96.1648,33.7823],[-96.1629,33.7866],[-96.1637,33.7873],[-96.1625,33.7899],[-96.1628,33.7926],[-96.1608,33.7959],[-96.162,33.7997],[-96.1611,33.8027],[-96.1611,33.8058],[-96.1595,33.812],[-96.1569,33.8133],[-96.1604,33.8135],[-96.1638,33.8131],[-96.1666,33.807],[-96.1683,33.803],[-96.1703,33.801],[-96.1729,33.8011],[-96.1757,33.8023],[-96.1779,33.8068],[-96.179,33.8106],[-96.1764,33.8143],[-96.1754,33.8147],[-96.1724,33.8145],[-96.1705,33.8154],[-96.1704,33.8158],[-96.1665,33.8179],[-96.1615,33.8176],[-96.1593,33.8186],[-96.1508,33.817],[-96.1488,33.8192],[-96.1495,33.8224],[-96.1516,33.8319],[-96.1511,33.8332],[-96.1492,33.8371],[-96.1465,33.8383],[-96.1389,33.8392],[-96.1358,33.8384],[-96.1311,33.8374],[-96.1304,33.8382],[-96.1278,33.8399],[-96.123,33.84],[-96.1182,33.8379],[-96.11,33.8324],[-96.1041,33.8307],[-96.0994,33.8305],[-96.0974,33.8327],[-96.0977,33.8369],[-96.0992,33.8424],[-96.1008,33.8442],[-96.1015,33.8467],[-96.1001,33.848],[-96.0991,33.8476],[-96.0983,33.8478],[-96.0917,33.8469],[-96.0846,33.8467],[-96.0774,33.845],[-96.0727,33.8429],[-96.0683,33.8427],[-96.0639,33.8415],[-96.0554,33.8383],[-96.0536,33.8382],[-96.0516,33.8373],[-96.0506,33.8373],[-96.0488,33.8365],[-96.0464,33.8376],[-96.0397,33.84],[-96.0353,33.8426],[-96.0331,33.8457],[-96.031,33.8541],[-96.0294,33.8563],[-96.027,33.8575],[-96.0224,33.857],[-96.0203,33.8551],[-96.0195,33.8535],[-96.0203,33.8496],[-96.0225,33.8461],[-96.0232,33.8425],[-96.0227,33.8411],[-96.0206,33.8406],[-96.0167,33.8417],[-96.0108,33.8443],[-96.0055,33.8455],[-96.0031,33.8481],[-96.0003,33.8494],[-95.9984,33.851],[-95.9968,33.8539],[-95.9949,33.8618],[-95.9997,33.8626],[-96.004,33.8684],[-96.0046,33.8707],[-96.0029,33.8736],[-96.0019,33.8737],[-96.0003,33.8725],[-95.9986,33.8722],[-95.9921,33.8689],[-95.9892,33.8686],[-95.9849,33.8658],[-95.9841,33.8601],[-95.986,33.8569],[-95.985,33.8529],[-95.9819,33.8528],[-95.974,33.8553],[-95.9706,33.857],[-95.9682,33.857],[-95.9654,33.8574],[-95.9555,33.8586],[-95.9544,33.8575],[-95.9529,33.8569],[-95.948,33.8581],[-95.9413,33.8616],[-95.9403,33.8648],[-95.9378,33.8681],[-95.9355,33.8743],[-95.9353,33.8787],[-95.9362,33.8812],[-95.9372,33.8847],[-95.9361,33.8868],[-95.9354,33.8871],[-95.9321,33.8865],[-95.9275,33.8848],[-95.9227,33.8838],[-95.9153,33.8807],[-95.9121,33.8777],[-95.9098,33.8767],[-95.9053,33.8756],[-95.8956,33.8694],[-95.8889,33.8649],[-95.8813,33.8606],[-95.8789,33.8589],[-95.8771,33.8588],[-95.8704,33.8567],[-95.8649,33.8535],[-95.8595,33.8525],[-95.8554,33.8492],[-95.8524,33.8457],[-95.8495,33.8447],[-95.8435,33.839],[-95.8438,33.8389],[-95.8389,33.836],[-95.8319,33.8352],[-95.8276,33.8363],[-95.8214,33.8398],[-95.8191,33.8434],[-95.8197,33.849],[-95.8212,33.8526],[-95.8217,33.8566],[-95.8206,33.8585],[-95.8177,33.8591],[-95.813,33.8594],[-95.8051,33.8613],[-95.8008,33.8612],[-95.7916,33.8585],[-95.7879,33.8563],[-95.7865,33.8545],[-95.7857,33.8542],[-95.7763,33.8451],[-95.7733,33.8438],[-95.7716,33.8441],[-95.7712,33.8446],[-95.7613,33.8486],[-95.758,33.8501],[-95.7543,33.8543],[-95.7535,33.8565],[-95.7539,33.8588],[-95.7575,33.868],[-95.7589,33.8697],[-95.7608,33.8709],[-95.762,33.8729],[-95.7624,33.8737],[-95.7621,33.8827],[-95.7594,33.8889],[-95.7575,33.8918],[-95.7557,33.8928],[-95.7554,33.8918],[-95.7536,33.8932],[-95.7502,33.8949],[-95.7461,33.8959],[-95.7375,33.896],[-95.7297,33.8941],[-95.7269,33.8929],[-95.7154,33.886],[-95.7109,33.8846],[-95.702,33.8849],[-95.697,33.8852],[-95.6908,33.8872],[-95.6848,33.8902],[-95.6822,33.893],[-95.6769,33.8972],[-95.67,33.9058],[-95.6653,33.9081],[-95.6598,33.9091],[-95.6538,33.9081],[-95.6481,33.9061],[-95.638,33.9063],[-95.6338,33.9085],[-95.6267,33.9151],[-95.6261,33.9167],[-95.624,33.9194],[-95.6189,33.9202],[-95.616,33.9214],[-95.6079,33.9241],[-95.6037,33.9272],[-95.6009,33.9318],[-95.5991,33.9365],[-95.5995,33.9377],[-95.5978,33.9407],[-95.5969,33.9415],[-95.5956,33.9416],[-95.592,33.9401],[-95.5869,33.935],[-95.5816,33.9336],[-95.5634,33.9322],[-95.561,33.9316],[-95.5569,33.927],[-95.5547,33.9209],[-95.5543,33.9195],[-95.551,33.9141],[-95.5491,33.9074],[-95.5497,33.9008],[-95.5524,33.8939],[-95.5521,33.8884],[-95.5474,33.8819],[-95.5452,33.8803],[-95.5398,33.8799],[-95.5333,33.8812],[-95.5253,33.8855],[-95.5215,33.8886],[-95.518,33.8909],[-95.5133,33.8934],[-95.5103,33.8937],[-95.5087,33.893],[-95.5055,33.8899],[-95.5056,33.8832],[-95.5065,33.8774],[-95.5058,33.8762],[-95.5019,33.8747],[-95.492,33.8748],[-95.4786,33.8793],[-95.4642,33.8883],[-95.4613,33.8892],[-95.4599,33.8881],[-95.4601,33.8842],[-95.4629,33.8786],[-95.4631,33.8766],[-95.4641,33.8751],[-95.4642,33.8734],[-95.4633,33.8723],[-95.4568,33.8715],[-95.4554,33.8716],[-95.4474,33.8689],[-95.4445,33.869],[-95.4391,33.8701],[-95.4312,33.869],[-95.4167,33.8667],[-95.4055,33.8663],[-95.3992,33.8672],[-95.3908,33.8677],[-95.3847,33.8695],[-95.3752,33.8682],[-95.3707,33.869],[-95.3593,33.8683],[-95.357,33.869],[-95.3523,33.8678],[-95.3391,33.8689],[-95.338,33.8709],[-95.3377,33.8734],[-95.3358,33.8751],[-95.3345,33.8785],[-95.3345,33.8802],[-95.3345,33.8858],[-95.333,33.8863],[-95.3275,33.886],[-95.321,33.8841],[-95.3106,33.8797],[-95.3106,33.8643],[-95.3109,33.7808],[-95.311,33.7501],[-95.3106,33.6969],[-95.3106,33.6084],[-95.3105,33.601],[-95.3105,33.5979],[-95.3105,33.5318],[-95.3099,33.5001],[-95.3093,33.4951],[-95.3086,33.3807],[-95.3072,33.3804],[-95.3065,33.3781],[-95.3075,33.3778],[-95.3086,33.3768],[-95.3078,33.301],[-95.3078,33.2809],[-95.3079,33.2559],[-95.308,33.1654],[-95.3081,33.0717],[-95.3085,33.0249],[-95.309,32.9626],[-95.398,32.9621],[-95.5098,32.9614],[-95.6654,32.9604],[-95.6583,32.9042],[-95.6575,32.8983],[-95.6352,32.7203],[-95.6346,32.7166],[-95.6321,32.7158],[-95.6318,32.7172],[-95.6298,32.7169],[-95.6268,32.7138],[-95.6275,32.7101],[-95.6257,32.7083],[-95.6242,32.709],[-95.6234,32.7082],[-95.6209,32.7081],[-95.6217,32.7099],[-95.6208,32.7102],[-95.6181,32.7076],[-95.6158,32.7082],[-95.6157,32.7062],[-95.6102,32.7046],[-95.6082,32.7047],[-95.6077,32.7038],[-95.606,32.7046],[-95.605,32.7047],[-95.6056,32.7029],[-95.6049,32.7012],[-95.6047,32.6991],[-95.603,32.6991],[-95.6039,32.6979],[-95.6043,32.6966],[-95.6035,32.6962],[-95.6008,32.697],[-95.6003,32.6954],[-95.6,32.6944],[-95.5972,32.6953],[-95.5964,32.6949],[-95.597,32.6941],[-95.5972,32.693],[-95.5959,32.693],[-95.5951,32.6924],[-95.595,32.6938],[-95.5944,32.6941],[-95.5933,32.6933],[-95.5938,32.6926],[-95.595,32.6901],[-95.5928,32.688],[-95.5945,32.6879],[-95.5952,32.6873],[-95.5945,32.6871],[-95.5945,32.6774],[-95.5932,32.6702],[-95.5945,32.6608],[-95.5943,32.656],[-95.5944,32.6388],[-95.598,32.6268],[-95.5986,32.6218],[-95.5943,32.6108],[-95.5942,32.5994],[-95.5958,32.5973],[-95.5986,32.5953],[-95.5988,32.586],[-95.5969,32.5842],[-95.5942,32.5802],[-95.594,32.5648],[-95.5944,32.5251],[-95.5942,32.507],[-95.5966,32.4995],[-95.5941,32.4966],[-95.5943,32.4799],[-95.5752,32.4633],[-95.5738,32.4606],[-95.5714,32.4595],[-95.5689,32.4606],[-95.5679,32.4604],[-95.567,32.4595],[-95.5656,32.4597],[-95.5645,32.4593],[-95.5637,32.4595],[-95.5623,32.4576],[-95.5614,32.4573],[-95.5612,32.456],[-95.5619,32.4549],[-95.5604,32.4544],[-95.5601,32.4547],[-95.5606,32.4555],[-95.5591,32.4553],[-95.5579,32.4546],[-95.5559,32.4551],[-95.5549,32.4542],[-95.5539,32.4532],[-95.5529,32.4534],[-95.5523,32.4496],[-95.5487,32.4459],[-95.5478,32.4457],[-95.5477,32.4449],[-95.5455,32.4443],[-95.5452,32.443],[-95.5463,32.4432],[-95.5448,32.4407],[-95.541,32.4392],[-95.5411,32.436],[-95.5397,32.435],[-95.5395,32.4335],[-95.5351,32.4324],[-95.53,32.429],[-95.5289,32.4273],[-95.5286,32.4269],[-95.5278,32.4268],[-95.5265,32.4259],[-95.5251,32.4255],[-95.5257,32.4243],[-95.5243,32.4228],[-95.5242,32.4217],[-95.5211,32.4214],[-95.5211,32.4208],[-95.5205,32.4209],[-95.5201,32.4213],[-95.5183,32.4203],[-95.5173,32.4207],[-95.5161,32.4202],[-95.5162,32.4188],[-95.5129,32.4162],[-95.507,32.4153],[-95.5049,32.4137],[-95.5037,32.4105],[-95.5015,32.4086],[-95.5013,32.4047],[-95.5019,32.4019],[-95.5007,32.4007],[-95.5002,32.3994],[-95.4971,32.3974],[-95.4958,32.3946],[-95.496,32.3934],[-95.4941,32.391],[-95.4939,32.3896],[-95.4914,32.3882],[-95.4909,32.387],[-95.4873,32.3864],[-95.4855,32.3849],[-95.4821,32.3826],[-95.4827,32.381],[-95.4814,32.3804],[-95.4796,32.3795],[-95.4804,32.3793],[-95.4784,32.3774],[-95.4787,32.3772],[-95.4781,32.3765],[-95.4767,32.3761],[-95.4739,32.3742],[-95.4739,32.373],[-95.4732,32.3724],[-95.4726,32.371],[-95.4718,32.37],[-95.4696,32.3684],[-95.4673,32.3679],[-95.4667,32.3675],[-95.4639,32.3673],[-95.4637,32.3653],[-95.4613,32.3652],[-95.4604,32.3654],[-95.4603,32.3659],[-95.4604,32.3668],[-95.4605,32.3672],[-95.4588,32.367],[-95.4594,32.3681],[-95.4586,32.3683],[-95.4568,32.3681],[-95.4567,32.3667],[-95.4563,32.3663],[-95.4556,32.3667],[-95.4554,32.3657],[-95.455,32.365],[-95.4554,32.3647],[-95.4546,32.3629],[-95.4541,32.3624],[-95.4521,32.3619],[-95.452,32.3609],[-95.4503,32.3597],[-95.4506,32.3583],[-95.45,32.3557],[-95.4493,32.3551],[-95.4481,32.353],[-95.4487,32.3525],[-95.4485,32.3516],[-95.4479,32.3513],[-95.449,32.3497],[-95.4485,32.348],[-95.4485,32.3476],[-95.4478,32.3476],[-95.4483,32.347],[-95.45,32.3467],[-95.4509,32.3459],[-95.4546,32.3456],[-95.4552,32.3443],[-95.4548,32.3436],[-95.4535,32.3438],[-95.453,32.3423],[-95.4546,32.3378],[-95.4538,32.3371],[-95.4542,32.3366],[-95.453,32.3344],[-95.4534,32.3342],[-95.4532,32.3338],[-95.4551,32.3325],[-95.4551,32.3317],[-95.4562,32.3314],[-95.4574,32.3293],[-95.458,32.3293],[-95.4584,32.3283],[-95.4576,32.3279],[-95.4566,32.3269],[-95.4562,32.3261],[-95.4556,32.3246],[-95.4561,32.3244],[-95.4547,32.3216],[-95.4543,32.3208],[-95.4539,32.319],[-95.4552,32.3186],[-95.455,32.3177],[-95.4566,32.3173],[-95.4562,32.3166],[-95.4535,32.3168],[-95.4509,32.3145],[-95.4505,32.3143],[-95.4505,32.3137],[-95.4521,32.3136],[-95.4532,32.3131],[-95.4541,32.3133],[-95.4556,32.3114],[-95.4548,32.3111],[-95.4533,32.3085],[-95.454,32.3079],[-95.454,32.3069],[-95.4538,32.3058],[-95.452,32.3041],[-95.4519,32.3027],[-95.4509,32.3023],[-95.4508,32.3016],[-95.4499,32.3011],[-95.4486,32.3003],[-95.4483,32.2993],[-95.4474,32.2983],[-95.4466,32.2964],[-95.447,32.2958],[-95.4493,32.2948],[-95.4513,32.295],[-95.4512,32.2943],[-95.4518,32.2927],[-95.4516,32.2923],[-95.4518,32.2909],[-95.4523,32.2903],[-95.4518,32.2897],[-95.4521,32.289],[-95.4513,32.2879],[-95.4518,32.2859],[-95.4526,32.2859],[-95.4525,32.2851],[-95.4532,32.2833],[-95.4535,32.282],[-95.454,32.2813],[-95.4533,32.2802],[-95.4545,32.2798],[-95.4545,32.2792],[-95.455,32.2789],[-95.4551,32.2779],[-95.4552,32.2766],[-95.4561,32.2766],[-95.4564,32.2745],[-95.4577,32.272],[-95.4584,32.2713],[-95.4595,32.271],[-95.4601,32.2698],[-95.4618,32.2703],[-95.4629,32.2692],[-95.4645,32.267],[-95.4656,32.2667],[-95.4667,32.265],[-95.4697,32.2621],[-95.4694,32.2617],[-95.4701,32.2602],[-95.4698,32.2572],[-95.4689,32.2565],[-95.4699,32.254],[-95.469,32.2531],[-95.4696,32.2515],[-95.4689,32.2512],[-95.4695,32.2494],[-95.4678,32.2481],[-95.4676,32.2469],[-95.4705,32.2457],[-95.475,32.2433],[-95.4787,32.2423],[-95.4802,32.2421],[-95.4825,32.2408],[-95.4831,32.2378],[-95.4816,32.2365],[-95.483,32.2358],[-95.4845,32.2361],[-95.4861,32.237],[-95.488,32.2355],[-95.4878,32.2343],[-95.4872,32.2336],[-95.4887,32.2323],[-95.4865,32.231],[-95.4868,32.228],[-95.4863,32.2254],[-95.4831,32.2213],[-95.4785,32.2176],[-95.4794,32.2168],[-95.4803,32.216],[-95.4799,32.2139],[-95.4786,32.2121],[-95.4775,32.2123],[-95.4752,32.2111],[-95.4742,32.2119],[-95.4701,32.2121],[-95.4692,32.211],[-95.4698,32.21],[-95.4702,32.2098],[-95.4679,32.2065],[-95.4686,32.2054],[-95.4706,32.2055],[-95.471,32.205],[-95.4705,32.2041],[-95.4691,32.2041],[-95.4675,32.2047],[-95.4648,32.2038],[-95.4643,32.2019],[-95.4625,32.2015],[-95.4645,32.1984],[-95.465,32.197],[-95.4632,32.1951],[-95.4639,32.1937],[-95.4657,32.1931],[-95.4659,32.1922],[-95.4644,32.191],[-95.4654,32.19],[-95.4676,32.1912],[-95.4683,32.1905],[-95.4681,32.1885],[-95.4678,32.1876],[-95.467,32.187],[-95.4657,32.1858],[-95.4646,32.1852],[-95.4651,32.1838],[-95.464,32.1833],[-95.462,32.1838],[-95.4616,32.1829],[-95.4629,32.1816],[-95.4631,32.1798],[-95.4652,32.1805],[-95.4659,32.1787],[-95.4689,32.1804],[-95.471,32.1787],[-95.4709,32.178],[-95.4697,32.1778],[-95.4704,32.1755],[-95.4694,32.1745],[-95.4716,32.1724],[-95.4694,32.1704],[-95.47,32.1703],[-95.4713,32.1705],[-95.4716,32.1686],[-95.4736,32.1691],[-95.4741,32.1674],[-95.4753,32.1659],[-95.4751,32.1633],[-95.476,32.162],[-95.4769,32.1614],[-95.4779,32.1598],[-95.479,32.1587],[-95.4783,32.1579],[-95.4778,32.1577],[-95.478,32.1558],[-95.4785,32.1554],[-95.4785,32.1538],[-95.4791,32.1531],[-95.4798,32.1519],[-95.4798,32.1512],[-95.4786,32.1504],[-95.4784,32.1484],[-95.4774,32.1472],[-95.4756,32.1464],[-95.4731,32.147],[-95.4698,32.1461],[-95.4667,32.143],[-95.4644,32.1407],[-95.4614,32.1372],[-95.4599,32.1355],[-95.462,32.1338],[-95.4609,32.1318],[-95.4607,32.1295],[-95.4611,32.129],[-95.4622,32.129],[-95.4612,32.1274],[-95.4615,32.1237],[-95.4593,32.1218],[-95.4595,32.1194],[-95.46,32.1186],[-95.4582,32.1174],[-95.4574,32.1149],[-95.4573,32.114],[-95.4577,32.1133],[-95.4568,32.1123],[-95.4557,32.1128],[-95.4548,32.1123],[-95.454,32.1109],[-95.4544,32.1096],[-95.4526,32.1098],[-95.4526,32.108],[-95.4507,32.1071],[-95.4505,32.1078],[-95.4488,32.1072],[-95.4471,32.1073],[-95.4472,32.1065],[-95.4451,32.1036],[-95.4432,32.103],[-95.4424,32.1018],[-95.4435,32.0988],[-95.4417,32.0991],[-95.4403,32.0958],[-95.4393,32.0954],[-95.4377,32.096],[-95.4368,32.0965],[-95.4359,32.0956],[-95.4349,32.0958],[-95.4336,32.0946],[-95.4316,32.0939],[-95.4299,32.0916],[-95.4307,32.0912],[-95.4291,32.0902],[-95.4283,32.0862],[-95.4291,32.0854],[-95.4285,32.0845],[-95.428,32.0841],[-95.4267,32.0845],[-95.4255,32.0839],[-95.4241,32.0839],[-95.424,32.0809],[-95.426,32.077],[-95.4287,32.0767],[-95.4292,32.0771],[-95.4294,32.076],[-95.4316,32.0743],[-95.4312,32.0718],[-95.4317,32.0713],[-95.4334,32.0712],[-95.4344,32.0702],[-95.4359,32.0697],[-95.4379,32.0683],[-95.4384,32.0669],[-95.4379,32.0645],[-95.4364,32.0633],[-95.4329,32.0618],[-95.4321,32.061],[-95.4328,32.0589],[-95.4368,32.0576],[-95.4357,32.0537],[-95.4335,32.0517],[-95.43,32.0503],[-95.4279,32.0508],[-95.428,32.0513],[-95.4276,32.0516],[-95.4262,32.0503],[-95.4221,32.048],[-95.4218,32.0469],[-95.423,32.0452],[-95.4225,32.0422],[-95.4232,32.0417],[-95.426,32.0416],[-95.4262,32.0392],[-95.4281,32.0387],[-95.4346,32.0405],[-95.4362,32.0396],[-95.4355,32.0383],[-95.4378,32.0363],[-95.4381,32.0343],[-95.4383,32.0322],[-95.4365,32.0322],[-95.4341,32.0308],[-95.4321,32.0305],[-95.4295,32.0263],[-95.4254,32.0225],[-95.4257,32.0207],[-95.4244,32.0192],[-95.4249,32.0183],[-95.4257,32.0177],[-95.4264,32.0162]]]}},{"type":"Feature","properties":{"Dma":"Duluth, MN-Superior, WI","dma":"Duluth, MN-Superior, WI","name":"Duluth, MN-Superior, WI","dma_code":"676","dma_name_nielsen":"DULUTH-SUPERIOR"},"geometry":{"type":"MultiPolygon","coordinates":[[[[-90.6787,45.6383],[-90.7723,45.6386],[-90.8031,45.6385],[-90.8195,45.6385],[-90.9258,45.6391],[-90.9393,45.6392],[-91.0505,45.6389],[-91.087,45.6389],[-91.1252,45.6386],[-91.1746,45.6386],[-91.19,45.6385],[-91.2571,45.6392],[-91.2976,45.639],[-91.3349,45.6388],[-91.4196,45.6378],[-91.4674,45.6376],[-91.5002,45.6379],[-91.5403,45.6376],[-91.6623,45.6387],[-91.6676,45.6386],[-91.6828,45.6388],[-91.7033,45.639],[-91.7442,45.6389],[-91.7857,45.6388],[-91.876,45.639],[-91.8884,45.6389],[-91.9088,45.6391],[-91.9191,45.6392],[-92.0312,45.6399],[-92.0316,45.6732],[-92.0314,45.7057],[-92.0312,45.7254],[-92.0318,45.7904],[-92.0319,45.8013],[-92.0318,45.8153],[-92.0328,45.8462],[-92.0327,45.9],[-92.033,45.9398],[-92.0331,45.9731],[-92.0334,45.9839],[-92.0506,45.9839],[-92.0504,45.9984],[-92.0501,46.0418],[-92.0504,46.0712],[-92.0506,46.0795],[-92.0497,46.1577],[-92.1328,46.1572],[-92.2382,46.1575],[-92.2937,46.1573],[-92.293,46.3311],[-92.293,46.3322],[-92.2929,46.4172],[-92.3154,46.4173],[-92.4259,46.4178],[-92.4496,46.4177],[-92.4503,46.4178],[-92.4648,46.4179],[-92.5002,46.4179],[-92.5532,46.4181],[-92.5951,46.4181],[-92.6784,46.4183],[-92.8033,46.4184],[-92.824,46.4185],[-92.8451,46.4187],[-92.8661,46.419],[-92.8662,46.4193],[-92.8752,46.4189],[-92.887,46.4191],[-92.9277,46.4192],[-92.9909,46.4193],[-93.0548,46.4193],[-93.0539,46.3558],[-93.0546,46.3443],[-93.0538,46.3437],[-93.0537,46.332],[-93.0538,46.3197],[-93.0547,46.3181],[-93.0539,46.3086],[-93.0542,46.2452],[-93.0541,46.2354],[-93.0547,46.2305],[-93.0559,46.2248],[-93.0543,46.2248],[-93.0541,46.1982],[-93.0539,46.1583],[-93.0747,46.158],[-93.1164,46.1583],[-93.1551,46.1583],[-93.179,46.1586],[-93.2777,46.1593],[-93.3049,46.1589],[-93.4022,46.1548],[-93.4318,46.154],[-93.4303,46.1621],[-93.4298,46.1921],[-93.4307,46.2461],[-93.4475,46.2465],[-93.5193,46.2471],[-93.5533,46.2468],[-93.6853,46.2448],[-93.7961,46.2432],[-93.7979,46.2481],[-93.8003,46.2485],[-93.804,46.2472],[-93.8076,46.2485],[-93.8104,46.2508],[-93.8108,46.2533],[-93.8108,46.3114],[-93.8118,46.3124],[-93.8105,46.3304],[-93.8096,46.3524],[-93.8101,46.3629],[-93.812,46.3885],[-93.8104,46.402],[-93.8102,46.4173],[-93.8105,46.4239],[-93.8105,46.4576],[-93.812,46.4669],[-93.8124,46.4809],[-93.8119,46.4837],[-93.8125,46.4871],[-93.8114,46.4959],[-93.812,46.5],[-93.8122,46.5044],[-93.8114,46.5161],[-93.8109,46.5308],[-93.8116,46.5834],[-93.8116,46.5839],[-93.7984,46.5853],[-93.7863,46.5892],[-93.7843,46.5893],[-93.7783,46.5889],[-93.778,46.595],[-93.7784,46.6296],[-93.7784,46.6456],[-93.7766,46.6628],[-93.7775,46.7162],[-93.777,46.749],[-93.7775,46.7499],[-93.776,46.8029],[-93.7753,46.8288],[-93.7759,46.8605],[-93.7755,46.8606],[-93.7752,46.8704],[-93.7754,46.8896],[-93.7751,46.9185],[-93.7753,46.9547],[-93.7756,46.9651],[-93.7771,46.9758],[-93.7777,46.981],[-93.7751,47.0109],[-93.7753,47.0304],[-93.7747,47.0638],[-93.7732,47.1104],[-93.7728,47.1284],[-93.7737,47.1503],[-93.7732,47.1545],[-93.7743,47.1673],[-93.7739,47.2065],[-93.7742,47.2111],[-93.7751,47.2126],[-93.7771,47.2124],[-93.7774,47.2108],[-93.7769,47.2092],[-93.7829,47.2093],[-93.7818,47.2111],[-93.784,47.2148],[-93.7863,47.2161],[-93.7931,47.2184],[-93.7956,47.2186],[-93.8006,47.2217],[-93.7997,47.2239],[-93.8027,47.2267],[-93.8018,47.231],[-93.8033,47.2334],[-93.8086,47.2327],[-93.81,47.2336],[-93.8103,47.2358],[-93.8096,47.2363],[-93.8073,47.2367],[-93.8073,47.2372],[-93.8081,47.2385],[-93.8113,47.2398],[-93.8122,47.2424],[-93.8113,47.2425],[-93.8079,47.2411],[-93.8059,47.2417],[-93.8041,47.2439],[-93.8048,47.2466],[-93.8053,47.25],[-93.8034,47.2527],[-93.799,47.2557],[-93.7985,47.2589],[-93.7971,47.2595],[-93.7932,47.2578],[-93.792,47.2582],[-93.7905,47.2602],[-93.7843,47.2602],[-93.7829,47.2614],[-93.7843,47.2626],[-93.7895,47.2644],[-93.7917,47.2665],[-93.7901,47.2672],[-93.7851,47.2655],[-93.784,47.266],[-93.7861,47.2689],[-93.7852,47.2728],[-93.7855,47.275],[-93.7852,47.2757],[-93.7801,47.277],[-93.7775,47.2775],[-93.7772,47.2788],[-93.7802,47.284],[-93.7825,47.2872],[-93.7838,47.2908],[-93.7891,47.2906],[-93.7893,47.2914],[-93.7868,47.2936],[-93.7872,47.2951],[-93.788,47.2965],[-93.7868,47.2988],[-93.7853,47.2995],[-93.7782,47.2981],[-93.7756,47.2973],[-93.7747,47.2978],[-93.7728,47.3033],[-93.774,47.3048],[-93.7753,47.3054],[-93.7802,47.3049],[-93.7829,47.3082],[-93.7848,47.3085],[-93.7867,47.3071],[-93.7912,47.3086],[-93.7943,47.3085],[-93.7979,47.3064],[-93.7998,47.308],[-93.8007,47.3081],[-93.8041,47.3071],[-93.806,47.3047],[-93.8076,47.3047],[-93.808,47.3062],[-93.8083,47.308],[-93.8144,47.3084],[-93.8154,47.3078],[-93.8132,47.3054],[-93.8099,47.304],[-93.809,47.3],[-93.8108,47.2993],[-93.8127,47.3025],[-93.8143,47.3032],[-93.8141,47.3039],[-93.8157,47.3053],[-93.8187,47.3055],[-93.8178,47.3038],[-93.8205,47.3007],[-93.8227,47.3009],[-93.8243,47.3038],[-93.8239,47.308],[-93.825,47.3097],[-93.8265,47.3103],[-93.8274,47.3097],[-93.825,47.3043],[-93.8264,47.3042],[-93.8277,47.3061],[-93.8322,47.3059],[-93.8317,47.3079],[-93.8322,47.3084],[-93.8351,47.3087],[-93.8377,47.3082],[-93.8394,47.3063],[-93.842,47.3067],[-93.843,47.3073],[-93.8424,47.3095],[-93.8437,47.3104],[-93.8475,47.3103],[-93.8479,47.3113],[-93.8454,47.3155],[-93.8452,47.3168],[-93.8469,47.3172],[-93.8494,47.3166],[-93.8502,47.3145],[-93.8549,47.3145],[-93.8555,47.316],[-93.8536,47.3183],[-93.854,47.3193],[-93.8581,47.3195],[-93.8596,47.3222],[-93.8625,47.3219],[-93.8602,47.3209],[-93.8603,47.3196],[-93.8647,47.3209],[-93.8671,47.3213],[-93.8664,47.319],[-93.8636,47.3181],[-93.862,47.3168],[-93.862,47.3151],[-93.8659,47.3149],[-93.8658,47.3155],[-93.8647,47.3157],[-93.8648,47.3165],[-93.8676,47.3166],[-93.87,47.3184],[-93.872,47.3161],[-93.8737,47.3159],[-93.8746,47.3201],[-93.8759,47.3204],[-93.8763,47.3172],[-93.8778,47.3166],[-93.8781,47.3177],[-93.8829,47.3174],[-93.8837,47.3179],[-93.8825,47.3192],[-93.883,47.3198],[-93.8879,47.3189],[-93.8881,47.3198],[-93.8873,47.32],[-93.8855,47.3237],[-93.8876,47.3251],[-93.8876,47.3259],[-93.8891,47.3265],[-93.8902,47.3262],[-93.8909,47.3211],[-93.8896,47.3167],[-93.89,47.3151],[-93.8935,47.312],[-93.8925,47.3089],[-93.8926,47.3074],[-93.8965,47.3063],[-93.9014,47.302],[-93.9034,47.3016],[-93.9038,47.302],[-93.906,47.3027],[-93.9094,47.3021],[-93.9106,47.2994],[-93.9116,47.298],[-93.9142,47.299],[-93.9153,47.3017],[-93.9145,47.3043],[-93.9159,47.3042],[-93.9163,47.3028],[-93.9176,47.3026],[-93.9177,47.3038],[-93.9187,47.3041],[-93.9192,47.3024],[-93.9219,47.3018],[-93.9231,47.3046],[-93.9221,47.3061],[-93.9234,47.3077],[-93.9244,47.3076],[-93.9264,47.3059],[-93.9273,47.3066],[-93.927,47.3084],[-93.9288,47.309],[-93.9288,47.3074],[-93.9315,47.3062],[-93.9303,47.305],[-93.933,47.3046],[-93.933,47.3057],[-93.9363,47.306],[-93.9366,47.3065],[-93.9353,47.3083],[-93.9355,47.3093],[-93.9375,47.308],[-93.9384,47.3083],[-93.9398,47.3082],[-93.9424,47.3095],[-93.9402,47.3096],[-93.9392,47.3107],[-93.9398,47.3144],[-93.9416,47.3153],[-93.9421,47.3148],[-93.9404,47.3111],[-93.9428,47.3112],[-93.942,47.3132],[-93.9444,47.3135],[-93.9441,47.3146],[-93.9431,47.3174],[-93.9452,47.3184],[-93.9492,47.3182],[-93.9503,47.3169],[-93.9514,47.3167],[-93.9511,47.3185],[-93.9517,47.3188],[-93.9531,47.3175],[-93.9554,47.3205],[-93.9549,47.3214],[-93.9532,47.3214],[-93.9545,47.3234],[-93.9552,47.3232],[-93.9552,47.3221],[-93.9597,47.3239],[-93.9596,47.3256],[-93.9632,47.3266],[-93.9638,47.3271],[-93.963,47.3281],[-93.9633,47.3288],[-93.9665,47.3276],[-93.9688,47.3288],[-93.9723,47.3307],[-93.9714,47.3321],[-93.9701,47.3309],[-93.9693,47.3313],[-93.9705,47.3335],[-93.9739,47.3334],[-93.9742,47.334],[-93.9719,47.3348],[-93.9735,47.3377],[-93.9756,47.3379],[-93.9782,47.3392],[-93.982,47.3389],[-93.9821,47.3392],[-93.984,47.3396],[-93.9853,47.3384],[-93.9861,47.3387],[-93.9869,47.3378],[-93.9875,47.3375],[-93.9881,47.3388],[-93.9868,47.3389],[-93.9886,47.3401],[-93.9929,47.3405],[-93.9938,47.3426],[-93.9993,47.345],[-94.0036,47.3469],[-94.004,47.3484],[-94.0048,47.3491],[-94.0066,47.3491],[-94.0068,47.3473],[-94.0081,47.3467],[-94.0153,47.348],[-94.0173,47.35],[-94.0185,47.3504],[-94.0229,47.3513],[-94.0269,47.3516],[-94.0269,47.3528],[-94.0259,47.3547],[-94.0247,47.3564],[-94.0263,47.3578],[-94.0322,47.359],[-94.0336,47.3598],[-94.0355,47.3602],[-94.0354,47.3641],[-94.0396,47.3659],[-94.0389,47.3669],[-94.0378,47.3687],[-94.0402,47.3716],[-94.0428,47.3739],[-94.0432,47.3762],[-94.0421,47.3801],[-94.0393,47.3845],[-94.0397,47.3859],[-94.0407,47.3869],[-94.0425,47.3954],[-94.0425,47.4005],[-94.0402,47.4029],[-94.0357,47.4035],[-94.0337,47.4047],[-94.0304,47.4058],[-94.0281,47.409],[-94.0301,47.4119],[-94.0373,47.4149],[-94.0381,47.4165],[-94.0401,47.4179],[-94.0424,47.4194],[-94.0423,47.4212],[-94.0515,47.4298],[-94.0517,47.4299],[-94.0615,47.4382],[-94.074,47.461],[-94.0799,47.4685],[-94.0951,47.478],[-94.118,47.4807],[-94.2979,47.4253],[-94.3226,47.4156],[-94.3275,47.4158],[-94.3368,47.4182],[-94.3469,47.4226],[-94.3537,47.4245],[-94.3668,47.4253],[-94.3712,47.427],[-94.3732,47.4271],[-94.3779,47.432],[-94.3813,47.4319],[-94.3822,47.4321],[-94.3839,47.4302],[-94.3844,47.4279],[-94.3854,47.4276],[-94.3952,47.428],[-94.396,47.4282],[-94.3961,47.4308],[-94.3968,47.4319],[-94.3986,47.4325],[-94.3991,47.4338],[-94.4006,47.4341],[-94.4076,47.4339],[-94.4101,47.4355],[-94.4097,47.4364],[-94.4074,47.4373],[-94.4036,47.4378],[-94.4039,47.4394],[-94.4059,47.4409],[-94.4081,47.4433],[-94.4112,47.4452],[-94.4141,47.4455],[-94.4163,47.4448],[-94.4157,47.4514],[-94.4168,47.4514],[-94.416,47.4542],[-94.4157,47.5],[-94.4147,47.5],[-94.4152,47.5427],[-94.4144,47.5579],[-94.4147,47.5759],[-94.4142,47.5868],[-94.4167,47.5955],[-94.4162,47.6055],[-94.4163,47.6207],[-94.4173,47.6721],[-94.4182,47.6721],[-94.4188,47.6838],[-94.419,47.7589],[-94.4185,47.8458],[-94.4175,47.9331],[-94.4176,47.9923],[-94.4178,48.0198],[-94.4236,48.0198],[-94.4236,48.0763],[-94.4232,48.1058],[-94.4233,48.1346],[-94.4228,48.1346],[-94.4231,48.1922],[-94.4294,48.2067],[-94.4235,48.2175],[-94.4246,48.2791],[-94.4258,48.3673],[-94.4287,48.3673],[-94.4287,48.3677],[-94.4299,48.4688],[-94.4308,48.4695],[-94.43,48.4797],[-94.4305,48.5034],[-94.4302,48.5118],[-94.4295,48.5119],[-94.4301,48.5337],[-94.4296,48.5703],[-94.4283,48.5818],[-94.4283,48.5887],[-94.4288,48.5887],[-94.4295,48.6102],[-94.4301,48.6798],[-94.4303,48.701],[-94.4238,48.7058],[-94.4214,48.7088],[-94.4182,48.7104],[-94.4162,48.7109],[-94.4063,48.7105],[-94.3888,48.7119],[-94.3841,48.7118],[-94.376,48.7093],[-94.3686,48.7064],[-94.353,48.7041],[-94.3428,48.7034],[-94.3284,48.7045],[-94.3084,48.7102],[-94.2907,48.7077],[-94.2818,48.7053],[-94.2737,48.6998],[-94.2641,48.6987],[-94.2605,48.6964],[-94.2581,48.6918],[-94.2528,48.6863],[-94.2512,48.6835],[-94.2506,48.6782],[-94.2546,48.6639],[-94.2546,48.6614],[-94.2493,48.6559],[-94.2468,48.6542],[-94.2444,48.6534],[-94.2336,48.6523],[-94.2243,48.6495],[-94.2144,48.6494],[-94.1995,48.651],[-94.1886,48.6504],[-94.1677,48.6481],[-94.1574,48.6458],[-94.1387,48.6457],[-94.1252,48.6445],[-94.11,48.6442],[-94.0999,48.6459],[-94.0912,48.6437],[-94.0767,48.6442],[-94.0714,48.6459],[-94.0658,48.6461],[-94.0642,48.6437],[-94.0603,48.6431],[-94.0525,48.644],[-94.0432,48.6434],[-94.0356,48.641],[-94.0295,48.6409],[-94.0069,48.6432],[-94.0007,48.6428],[-94.0002,48.6419],[-93.9872,48.6394],[-93.9804,48.6384],[-93.9765,48.6376],[-93.9634,48.6372],[-93.959,48.6359],[-93.9544,48.6337],[-93.9442,48.6323],[-93.9344,48.6318],[-93.927,48.6312],[-93.9158,48.6324],[-93.9139,48.6346],[-93.9115,48.6347],[-93.8869,48.6308],[-93.8771,48.6312],[-93.8657,48.6301],[-93.8476,48.6298],[-93.8408,48.6285],[-93.8354,48.6258],[-93.8343,48.625],[-93.828,48.613],[-93.8241,48.6107],[-93.8212,48.6063],[-93.8196,48.6021],[-93.8185,48.5953],[-93.8145,48.5886],[-93.8137,48.5864],[-93.808,48.5803],[-93.8063,48.5755],[-93.8054,48.5684],[-93.8067,48.5618],[-93.809,48.5559],[-93.8121,48.5507],[-93.8123,48.5492],[-93.8111,48.5442],[-93.8112,48.5424],[-93.814,48.5386],[-93.8176,48.5358],[-93.8189,48.5327],[-93.8183,48.53],[-93.8152,48.5265],[-93.8083,48.5231],[-93.8015,48.5206],[-93.7974,48.5184],[-93.7945,48.516],[-93.7847,48.5155],[-93.7722,48.516],[-93.7608,48.516],[-93.7529,48.5151],[-93.7471,48.5166],[-93.738,48.5178],[-93.7321,48.518],[-93.7196,48.5173],[-93.718,48.5175],[-93.7091,48.518],[-93.7033,48.5172],[-93.6947,48.5148],[-93.6909,48.5146],[-93.6746,48.5163],[-93.6623,48.5157],[-93.6567,48.5157],[-93.6454,48.5173],[-93.6414,48.5192],[-93.6382,48.5225],[-93.6355,48.5277],[-93.6308,48.5307],[-93.6272,48.5312],[-93.6253,48.5299],[-93.6223,48.5265],[-93.6183,48.524],[-93.6128,48.5219],[-93.6106,48.5217],[-93.6059,48.5225],[-93.6038,48.5233],[-93.5965,48.5281],[-93.5944,48.5288],[-93.5876,48.5288],[-93.5807,48.5267],[-93.5759,48.5267],[-93.5621,48.5289],[-93.5472,48.5287],[-93.5404,48.5299],[-93.5321,48.5325],[-93.5187,48.534],[-93.5155,48.5348],[-93.5117,48.5366],[-93.5047,48.5392],[-93.5002,48.5412],[-93.4987,48.5411],[-93.4916,48.5423],[-93.4815,48.5431],[-93.4675,48.5457],[-93.4654,48.5467],[-93.4608,48.5506],[-93.4582,48.5553],[-93.4567,48.5618],[-93.457,48.5672],[-93.4617,48.5741],[-93.466,48.5874],[-93.4648,48.5913],[-93.4633,48.592],[-93.4522,48.5924],[-93.4385,48.5934],[-93.4341,48.5951],[-93.4317,48.5973],[-93.4255,48.6013],[-93.418,48.6036],[-93.4086,48.6084],[-93.4042,48.6094],[-93.4037,48.6076],[-93.4027,48.6075],[-93.4,48.6046],[-93.3971,48.6034],[-93.3939,48.6034],[-93.3813,48.6053],[-93.3712,48.6051],[-93.3677,48.607],[-93.3621,48.6138],[-93.3554,48.6116],[-93.3532,48.6134],[-93.3528,48.6167],[-93.3482,48.6264],[-93.2549,48.6428],[-93.2074,48.6425],[-93.1915,48.6329],[-93.1841,48.6284],[-93.1781,48.6233],[-93.1758,48.6234],[-93.0884,48.6276],[-92.985,48.6237],[-92.9546,48.6314],[-92.9501,48.6303],[-92.9498,48.6083],[-92.9296,48.6069],[-92.9099,48.5963],[-92.8947,48.5949],[-92.728,48.5393],[-92.6579,48.5463],[-92.6349,48.5427],[-92.6267,48.52],[-92.6255,48.5175],[-92.6266,48.5144],[-92.6264,48.5136],[-92.6254,48.5129],[-92.6309,48.5092],[-92.6315,48.5068],[-92.6291,48.5053],[-92.6272,48.5034],[-92.6306,48.5009],[-92.6373,48.4994],[-92.6387,48.4997],[-92.6471,48.4999],[-92.6541,48.5016],[-92.6614,48.4966],[-92.6849,48.4976],[-92.6988,48.4949],[-92.7013,48.4846],[-92.7093,48.4731],[-92.7086,48.4703],[-92.7126,48.463],[-92.688,48.4439],[-92.6633,48.4402],[-92.656,48.4367],[-92.5756,48.4408],[-92.5372,48.4477],[-92.5149,48.4483],[-92.5073,48.4479],[-92.4921,48.4337],[-92.4892,48.4303],[-92.4832,48.4293],[-92.4819,48.4284],[-92.4808,48.4266],[-92.4812,48.4254],[-92.4756,48.4188],[-92.4563,48.4142],[-92.4564,48.4011],[-92.4768,48.3718],[-92.4699,48.3518],[-92.4585,48.3361],[-92.4537,48.3295],[-92.4408,48.3152],[-92.4378,48.3098],[-92.432,48.3051],[-92.4289,48.3058],[-92.425,48.3037],[-92.4207,48.2989],[-92.4163,48.2955],[-92.4022,48.2724],[-92.393,48.2589],[-92.3934,48.2575],[-92.3893,48.2533],[-92.39,48.2527],[-92.3921,48.2527],[-92.3921,48.2511],[-92.3904,48.2506],[-92.3867,48.2517],[-92.3849,48.2492],[-92.3871,48.2493],[-92.3866,48.2476],[-92.3881,48.2467],[-92.3869,48.2443],[-92.3839,48.2447],[-92.3844,48.2407],[-92.3832,48.2384],[-92.3787,48.2353],[-92.3792,48.2343],[-92.3783,48.2328],[-92.3784,48.2308],[-92.3774,48.2292],[-92.3758,48.228],[-92.3752,48.2263],[-92.3729,48.2248],[-92.3728,48.2237],[-92.371,48.2237],[-92.3692,48.2203],[-92.3666,48.2224],[-92.3682,48.2238],[-92.3664,48.2239],[-92.3625,48.2227],[-92.3598,48.2259],[-92.3541,48.2289],[-92.3528,48.2304],[-92.3479,48.2315],[-92.3439,48.232],[-92.3413,48.232],[-92.3394,48.2345],[-92.3362,48.2354],[-92.3344,48.2344],[-92.3327,48.2338],[-92.3287,48.2353],[-92.3272,48.2366],[-92.3217,48.2373],[-92.3147,48.2405],[-92.2807,48.2443],[-92.2697,48.2482],[-92.2737,48.2567],[-92.2904,48.2655],[-92.2945,48.2716],[-92.2931,48.2766],[-92.2951,48.2766],[-92.3015,48.2886],[-92.2945,48.3065],[-92.3063,48.3164],[-92.3046,48.323],[-92.2954,48.324],[-92.289,48.343],[-92.2623,48.3549],[-92.2228,48.3492],[-92.2197,48.3481],[-92.217,48.3451],[-92.2068,48.3456],[-92.2065,48.3473],[-92.2077,48.3478],[-92.2037,48.3521],[-92.1949,48.3504],[-92.1942,48.3487],[-92.1784,48.3519],[-92.1789,48.3553],[-92.1774,48.3572],[-92.1622,48.3633],[-92.145,48.3657],[-92.1436,48.3561],[-92.0867,48.3542],[-92.0835,48.3539],[-92.078,48.3583],[-92.0663,48.3596],[-92.0552,48.3592],[-92.0486,48.3489],[-92.0457,48.3479],[-92.0452,48.3458],[-92.0477,48.3438],[-92.0466,48.3347],[-92.0377,48.3332],[-92.0309,48.3258],[-92.0001,48.3214],[-92.013,48.2974],[-92.0121,48.2873],[-92.0072,48.2804],[-92.0066,48.2654],[-92.002,48.2644],[-91.9892,48.2598],[-91.9806,48.2477],[-91.9777,48.247],[-91.9773,48.2453],[-91.9765,48.2445],[-91.9744,48.2456],[-91.9737,48.2465],[-91.9706,48.2481],[-91.9707,48.2495],[-91.9726,48.2504],[-91.9718,48.253],[-91.9702,48.2536],[-91.9591,48.2535],[-91.9576,48.2526],[-91.9558,48.2524],[-91.9544,48.2517],[-91.9542,48.2492],[-91.9485,48.2457],[-91.9498,48.2444],[-91.9584,48.2438],[-91.9574,48.2388],[-91.9599,48.2368],[-91.9583,48.233],[-91.9534,48.233],[-91.9518,48.2334],[-91.9452,48.2304],[-91.9416,48.2307],[-91.9396,48.2329],[-91.9374,48.2342],[-91.929,48.2358],[-91.9208,48.2367],[-91.9158,48.2389],[-91.9139,48.2388],[-91.9127,48.2381],[-91.9076,48.2382],[-91.906,48.2371],[-91.9009,48.2371],[-91.8935,48.2377],[-91.8841,48.227],[-91.8679,48.2191],[-91.8644,48.207],[-91.8458,48.2086],[-91.8361,48.2103],[-91.832,48.2093],[-91.8158,48.2117],[-91.8145,48.2087],[-91.809,48.206],[-91.7983,48.2029],[-91.7916,48.2024],[-91.789,48.1966],[-91.7861,48.1964],[-91.7812,48.2004],[-91.7647,48.2006],[-91.7628,48.2022],[-91.7609,48.2048],[-91.7562,48.2058],[-91.7539,48.2012],[-91.7491,48.1988],[-91.745,48.1985],[-91.7419,48.1991],[-91.7423,48.2045],[-91.7389,48.2042],[-91.7149,48.1991],[-91.7105,48.1939],[-91.7124,48.1875],[-91.7214,48.1803],[-91.7226,48.1783],[-91.7233,48.1734],[-91.7243,48.1704],[-91.7233,48.1693],[-91.7175,48.1718],[-91.7094,48.1727],[-91.7053,48.1708],[-91.7053,48.1589],[-91.7073,48.1537],[-91.7084,48.1526],[-91.7033,48.1452],[-91.6993,48.1447],[-91.6984,48.1438],[-91.6983,48.1412],[-91.6995,48.138],[-91.7,48.1318],[-91.7045,48.1245],[-91.7081,48.123],[-91.7096,48.1191],[-91.7122,48.1169],[-91.7125,48.1157],[-91.7118,48.1146],[-91.7035,48.1135],[-91.6971,48.1155],[-91.6925,48.1167],[-91.6916,48.1178],[-91.6924,48.1193],[-91.6828,48.1221],[-91.6844,48.1169],[-91.6875,48.1116],[-91.682,48.1095],[-91.6809,48.1081],[-91.6769,48.1073],[-91.6715,48.1084],[-91.6675,48.1084],[-91.6652,48.107],[-91.6631,48.1089],[-91.6626,48.1115],[-91.6533,48.1141],[-91.6517,48.113],[-91.6536,48.1096],[-91.6482,48.1056],[-91.6474,48.1037],[-91.6402,48.0969],[-91.6153,48.1019],[-91.5887,48.1022],[-91.5759,48.1065],[-91.5593,48.1083],[-91.553,48.103],[-91.5697,48.0933],[-91.5753,48.066],[-91.573,48.0573],[-91.5757,48.0488],[-91.5669,48.0437],[-91.5425,48.0533],[-91.4881,48.0681],[-91.4644,48.0668],[-91.4503,48.0688],[-91.4466,48.0674],[-91.447,48.0629],[-91.4381,48.0517],[-91.4389,48.05],[-91.4365,48.0491],[-91.4296,48.0486],[-91.4272,48.05],[-91.4226,48.0508],[-91.4139,48.0535],[-91.3911,48.0571],[-91.3777,48.0663],[-91.3707,48.0694],[-91.3651,48.067],[-91.3504,48.0716],[-91.3402,48.0732],[-91.3367,48.0706],[-91.3366,48.0696],[-91.3326,48.0693],[-91.3291,48.0702],[-91.3268,48.0718],[-91.3248,48.0726],[-91.3139,48.0734],[-91.3113,48.0727],[-91.3026,48.073],[-91.2902,48.0739],[-91.276,48.0785],[-91.2664,48.0787],[-91.2501,48.0841],[-91.2349,48.0959],[-91.2262,48.0997],[-91.2144,48.1029],[-91.1902,48.1253],[-91.1832,48.1222],[-91.1762,48.1258],[-91.1561,48.1405],[-91.1377,48.1492],[-91.1389,48.1518],[-91.1405,48.1517],[-91.141,48.153],[-91.1429,48.1544],[-91.1386,48.1558],[-91.12,48.1604],[-91.1165,48.164],[-91.1149,48.1661],[-91.1089,48.1684],[-91.0979,48.1712],[-91.0923,48.1731],[-91.088,48.1779],[-91.0823,48.1807],[-91.081,48.1801],[-91.0804,48.1793],[-91.0757,48.1792],[-91.0655,48.1812],[-91.0629,48.1852],[-91.0593,48.1853],[-91.0579,48.1869],[-91.0555,48.188],[-91.0521,48.1877],[-91.0503,48.1885],[-91.047,48.1884],[-91.0436,48.1892],[-91.0356,48.1895],[-91.0348,48.189],[-91.0318,48.1885],[-91.0242,48.1901],[-91.0223,48.1927],[-91.0204,48.1929],[-91.0202,48.1938],[-91.0156,48.1958],[-91.0124,48.1981],[-91.0034,48.2002],[-91.0042,48.2026],[-90.977,48.2195],[-90.9251,48.2299],[-90.9172,48.2309],[-90.915,48.2306],[-90.9068,48.2373],[-90.8989,48.2405],[-90.8855,48.2458],[-90.8815,48.2405],[-90.8751,48.2378],[-90.8671,48.2382],[-90.8474,48.2444],[-90.8436,48.2436],[-90.8429,48.2412],[-90.8392,48.2395],[-90.8378,48.2347],[-90.8396,48.2277],[-90.8374,48.2262],[-90.8345,48.196],[-90.8343,48.1859],[-90.8363,48.177],[-90.8326,48.1738],[-90.8261,48.1771],[-90.8246,48.1769],[-90.8236,48.1781],[-90.8247,48.1806],[-90.8258,48.1827],[-90.8257,48.1836],[-90.8211,48.1847],[-90.8193,48.1827],[-90.8177,48.1796],[-90.8096,48.1795],[-90.8042,48.1778],[-90.8026,48.172],[-90.8018,48.1709],[-90.8012,48.1647],[-90.8001,48.1627],[-90.7976,48.1614],[-90.7966,48.1594],[-90.7955,48.1594],[-90.7933,48.1614],[-90.7905,48.16],[-90.7859,48.1609],[-90.7829,48.1641],[-90.7808,48.1646],[-90.7774,48.1634],[-90.7763,48.1614],[-90.7789,48.1503],[-90.7779,48.1482],[-90.7809,48.1458],[-90.7843,48.1462],[-90.7898,48.1435],[-90.7926,48.1411],[-90.7971,48.1393],[-90.798,48.1369],[-90.7944,48.1352],[-90.7938,48.1356],[-90.7888,48.1362],[-90.7854,48.1353],[-90.7826,48.1358],[-90.7821,48.1351],[-90.7838,48.1328],[-90.7853,48.1331],[-90.7881,48.1325],[-90.7899,48.1299],[-90.7866,48.1277],[-90.7849,48.1277],[-90.7837,48.1281],[-90.7831,48.1274],[-90.7835,48.1269],[-90.7805,48.1254],[-90.7768,48.1241],[-90.7742,48.1186],[-90.773,48.1175],[-90.7689,48.1166],[-90.7671,48.1145],[-90.7676,48.1103],[-90.7616,48.1001],[-90.7616,48.0983],[-90.7516,48.091],[-90.7415,48.0946],[-90.7037,48.096],[-90.6866,48.1005],[-90.6416,48.1035],[-90.6269,48.1118],[-90.6196,48.1118],[-90.6179,48.1125],[-90.6162,48.1125],[-90.6064,48.116],[-90.5915,48.1175],[-90.5906,48.1198],[-90.5868,48.121],[-90.5857,48.1223],[-90.5822,48.1238],[-90.5799,48.1239],[-90.5771,48.1213],[-90.5747,48.1209],[-90.5655,48.1226],[-90.5593,48.1217],[-90.5558,48.1171],[-90.5698,48.107],[-90.5675,48.1012],[-90.5643,48.0988],[-90.5568,48.096],[-90.5171,48.0994],[-90.5109,48.0974],[-90.5076,48.0993],[-90.5037,48.0996],[-90.4961,48.0988],[-90.4938,48.1013],[-90.4899,48.099],[-90.4871,48.0991],[-90.4812,48.1015],[-90.4776,48.1055],[-90.471,48.1061],[-90.4677,48.1088],[-90.4655,48.1087],[-90.4619,48.1065],[-90.452,48.105],[-90.4474,48.1034],[-90.4435,48.1006],[-90.4385,48.0987],[-90.4103,48.105],[-90.4032,48.1051],[-90.3981,48.1023],[-90.3964,48.1021],[-90.396,48.1013],[-90.3948,48.1013],[-90.3935,48.1004],[-90.3902,48.1001],[-90.3882,48.0986],[-90.3864,48.0982],[-90.3846,48.0946],[-90.3839,48.0945],[-90.3823,48.0932],[-90.3792,48.0924],[-90.3777,48.0922],[-90.3745,48.0909],[-90.373,48.0912],[-90.3735,48.0939],[-90.3714,48.0937],[-90.3677,48.0946],[-90.3587,48.0949],[-90.3574,48.0945],[-90.3537,48.095],[-90.3457,48.0941],[-90.3439,48.0946],[-90.3429,48.0956],[-90.3384,48.0962],[-90.3372,48.0998],[-90.3289,48.1027],[-90.3223,48.103],[-90.3172,48.1038],[-90.3141,48.105],[-90.3069,48.1053],[-90.3045,48.1045],[-90.3031,48.1036],[-90.2981,48.1025],[-90.2933,48.0991],[-90.2893,48.099],[-90.2746,48.1033],[-90.265,48.1033],[-90.2604,48.1026],[-90.2539,48.1022],[-90.2338,48.1071],[-90.2247,48.1081],[-90.2145,48.1063],[-90.2105,48.1063],[-90.1951,48.1084],[-90.1887,48.1079],[-90.1766,48.1124],[-90.1642,48.1097],[-90.1507,48.1103],[-90.1448,48.1118],[-90.1438,48.1126],[-90.1326,48.1118],[-90.1296,48.1093],[-90.1273,48.108],[-90.1257,48.1079],[-90.1231,48.1065],[-90.1226,48.1056],[-90.1163,48.1043],[-90.0916,48.1046],[-90.0739,48.1011],[-90.0656,48.0982],[-90.0576,48.0964],[-90.049,48.0917],[-90.0456,48.0914],[-90.0451,48.0907],[-90.0422,48.0899],[-90.0417,48.0892],[-90.0392,48.0899],[-90.0296,48.0876],[-90.0236,48.0847],[-90.0188,48.072],[-90.0151,48.0672],[-90.0109,48.0679],[-90.01,48.0689],[-90.0084,48.0684],[-90.0062,48.0653],[-90.0044,48.0651],[-90.0045,48.0642],[-89.9979,48.0576],[-89.9938,48.049],[-89.9964,48.0392],[-89.9965,48.0347],[-89.9947,48.0307],[-89.9938,48.0282],[-89.9904,48.0285],[-89.9903,48.0281],[-89.9891,48.0279],[-89.99,48.0272],[-89.9889,48.0257],[-89.9868,48.0256],[-89.9852,48.0262],[-89.9817,48.0246],[-89.9745,48.0231],[-89.9729,48.0201],[-89.9715,48.0193],[-89.971,48.0177],[-89.9691,48.0161],[-89.9683,48.0145],[-89.9635,48.0146],[-89.9616,48.0135],[-89.9591,48.0132],[-89.9542,48.0112],[-89.9531,48.0107],[-89.9515,48.011],[-89.9498,48.0133],[-89.9509,48.0157],[-89.9501,48.0159],[-89.9429,48.0144],[-89.9413,48.0145],[-89.9405,48.0156],[-89.9345,48.0156],[-89.934,48.0149],[-89.9337,48.0135],[-89.9329,48.0127],[-89.9326,48.0104],[-89.9307,48.0082],[-89.9259,48.0066],[-89.9259,48.0037],[-89.9281,48.0024],[-89.9275,48.0018],[-89.927,48.0018],[-89.9236,48.001],[-89.9216,47.9999],[-89.9225,47.9981],[-89.9215,47.9969],[-89.9178,47.9972],[-89.9161,47.9966],[-89.9153,47.9949],[-89.913,47.9937],[-89.9064,47.9926],[-89.9035,47.9917],[-89.8991,47.9881],[-89.8949,47.9872],[-89.8923,47.9878],[-89.8865,47.9863],[-89.882,47.9861],[-89.879,47.9866],[-89.8733,47.9854],[-89.8712,47.9859],[-89.8682,47.9899],[-89.8656,47.99],[-89.8462,47.9927],[-89.8443,47.9969],[-89.843,47.9971],[-89.8426,48.0014],[-89.8442,48.0018],[-89.8451,48.0026],[-89.8448,48.0031],[-89.8437,48.0034],[-89.8387,48.0022],[-89.8351,47.9999],[-89.8326,47.9994],[-89.8304,48.0003],[-89.829,48.0043],[-89.8275,48.0054],[-89.8239,48.0087],[-89.8222,48.0105],[-89.824,48.0108],[-89.8206,48.0128],[-89.8209,48.0139],[-89.8198,48.0151],[-89.8175,48.0152],[-89.811,48.0166],[-89.8096,48.0162],[-89.8089,48.017],[-89.8074,48.0172],[-89.806,48.014],[-89.8014,48.014],[-89.7999,48.0146],[-89.7966,48.0147],[-89.7952,48.0172],[-89.7919,48.0182],[-89.7857,48.0178],[-89.7794,48.0184],[-89.7759,48.0224],[-89.775,48.0226],[-89.7744,48.022],[-89.7741,48.0201],[-89.7715,48.0213],[-89.7677,48.0226],[-89.764,48.023],[-89.7605,48.0226],[-89.7557,48.0234],[-89.7533,48.0223],[-89.7493,48.0233],[-89.7467,48.0219],[-89.7442,48.0222],[-89.743,48.02],[-89.7399,48.0204],[-89.7369,48.0213],[-89.734,48.0219],[-89.7311,48.0201],[-89.7324,48.0193],[-89.7317,48.0188],[-89.7236,48.0192],[-89.7241,48.0202],[-89.7232,48.0205],[-89.7197,48.0182],[-89.7202,48.017],[-89.723,48.0169],[-89.7243,48.0165],[-89.724,48.0137],[-89.7213,48.0144],[-89.7193,48.0167],[-89.7171,48.0172],[-89.7163,48.0168],[-89.7169,48.0139],[-89.7162,48.0128],[-89.7162,48.0095],[-89.7152,48.0092],[-89.7132,48.01],[-89.7081,48.0102],[-89.7061,48.008],[-89.7048,48.0071],[-89.7014,48.0062],[-89.6995,48.0074],[-89.6943,48.0091],[-89.6905,48.01],[-89.6889,48.0108],[-89.6865,48.0106],[-89.686,48.0098],[-89.6814,48.0101],[-89.6775,48.011],[-89.6728,48.0114],[-89.6717,48.0104],[-89.6688,48.008],[-89.6661,48.0074],[-89.6648,48.0079],[-89.6632,48.0106],[-89.6571,48.01],[-89.6559,48.008],[-89.6532,48.0046],[-89.6519,48.0038],[-89.6491,48.0039],[-89.6463,48.006],[-89.642,48.0061],[-89.6404,48.0046],[-89.6391,48.0037],[-89.6373,48.0041],[-89.6377,48.0067],[-89.6388,48.0082],[-89.6372,48.0093],[-89.6309,48.0099],[-89.6251,48.0115],[-89.6251,48.0112],[-89.6228,48.0115],[-89.6205,48.0107],[-89.6187,48.0107],[-89.6166,48.012],[-89.6149,48.0147],[-89.6127,48.0162],[-89.6111,48.0178],[-89.6099,48.0176],[-89.6094,48.0157],[-89.6088,48.0134],[-89.6086,48.0115],[-89.6103,48.0099],[-89.6078,48.0066],[-89.6017,48.0048],[-89.5986,48.0047],[-89.5977,48.0043],[-89.5947,48.0043],[-89.5934,48.0035],[-89.5922,48.002],[-89.591,48.0014],[-89.589,48.0018],[-89.5861,48.0014],[-89.5858,47.9999],[-89.5818,47.9961],[-89.5806,47.9962],[-89.5746,47.997],[-89.5707,47.998],[-89.5682,47.9999],[-89.566,47.9999],[-89.5661,47.9994],[-89.5656,47.9986],[-89.5609,47.9991],[-89.552,47.9993],[-89.5512,47.9999],[-89.546,48.0008],[-89.5435,48.0006],[-89.5424,48.0009],[-89.5379,48.0003],[-89.5335,48.0002],[-89.533,47.9995],[-89.5289,48.0001],[-89.5279,47.9995],[-89.5265,47.9994],[-89.5237,48.0009],[-89.5241,48.0015],[-89.5212,48.0012],[-89.5184,48.0009],[-89.5132,48.0024],[-89.5121,48.0038],[-89.5127,48.0045],[-89.5122,48.0052],[-89.5081,48.0051],[-89.5074,48.0047],[-89.5082,48.0045],[-89.5067,48.0038],[-89.5054,48.0044],[-89.5056,48.0055],[-89.4974,48.0061],[-89.497,48.0056],[-89.4959,48.0058],[-89.4936,48.0052],[-89.492,48.0057],[-89.4917,48.0052],[-89.4928,48.0042],[-89.4953,48.0033],[-89.4952,48.0026],[-89.4978,48.0022],[-89.4987,48.0018],[-89.5019,48.0011],[-89.5033,48.0013],[-89.5101,48.0012],[-89.5124,48.0006],[-89.5134,48.0012],[-89.5152,48.0008],[-89.5161,47.9995],[-89.5175,47.9994],[-89.5178,47.9989],[-89.5203,47.9982],[-89.5232,47.9979],[-89.5262,47.9973],[-89.5264,47.9967],[-89.5275,47.997],[-89.5314,47.9958],[-89.5314,47.9964],[-89.5321,47.9967],[-89.5402,47.9953],[-89.5398,47.9947],[-89.5409,47.9946],[-89.5462,47.9933],[-89.5463,47.994],[-89.5475,47.994],[-89.548,47.9947],[-89.5507,47.9943],[-89.5544,47.9944],[-89.5569,47.9933],[-89.5589,47.9937],[-89.5642,47.9928],[-89.5665,47.9919],[-89.5671,47.9906],[-89.5644,47.991],[-89.5628,47.9901],[-89.5618,47.9901],[-89.5613,47.9897],[-89.5649,47.9895],[-89.5673,47.9901],[-89.5696,47.9897],[-89.5729,47.9897],[-89.5738,47.9879],[-89.5734,47.9863],[-89.5703,47.9861],[-89.573,47.9849],[-89.5764,47.9845],[-89.5803,47.9833],[-89.5822,47.9834],[-89.5835,47.9826],[-89.5836,47.9812],[-89.5848,47.9815],[-89.5878,47.9813],[-89.5891,47.9806],[-89.5915,47.9816],[-89.5938,47.9811],[-89.5961,47.9818],[-89.5976,47.9812],[-89.5982,47.9805],[-89.6019,47.9795],[-89.6027,47.9798],[-89.6026,47.9804],[-89.6034,47.9812],[-89.6061,47.981],[-89.6077,47.9805],[-89.6078,47.9798],[-89.6092,47.9798],[-89.6099,47.9804],[-89.6108,47.9829],[-89.6118,47.9838],[-89.6138,47.9842],[-89.6152,47.9852],[-89.6133,47.9855],[-89.6122,47.9862],[-89.6062,47.9891],[-89.6076,47.9924],[-89.6108,47.9943],[-89.6167,47.9966],[-89.6249,47.9943],[-89.6246,47.9931],[-89.6263,47.9919],[-89.6285,47.9912],[-89.6313,47.9895],[-89.6383,47.9873],[-89.6415,47.9853],[-89.6418,47.9842],[-89.6451,47.9819],[-89.6493,47.9798],[-89.6497,47.9787],[-89.6477,47.9747],[-89.6476,47.9708],[-89.645,47.9682],[-89.6401,47.9605],[-89.6397,47.9565],[-89.6383,47.9543],[-89.6393,47.9535],[-89.6414,47.9549],[-89.6437,47.9561],[-89.6441,47.9566],[-89.6514,47.96],[-89.6522,47.9609],[-89.653,47.9612],[-89.6527,47.9626],[-89.6523,47.9641],[-89.6531,47.9647],[-89.6534,47.9655],[-89.6583,47.967],[-89.6658,47.9666],[-89.6749,47.9655],[-89.6808,47.9636],[-89.6837,47.962],[-89.6853,47.9614],[-89.6862,47.9595],[-89.6871,47.9589],[-89.6897,47.9557],[-89.6901,47.953],[-89.6887,47.9521],[-89.6847,47.9516],[-89.682,47.95],[-89.6826,47.9484],[-89.6818,47.9464],[-89.681,47.9449],[-89.6832,47.9439],[-89.685,47.9439],[-89.69,47.9424],[-89.6935,47.9423],[-89.6976,47.9413],[-89.7038,47.9387],[-89.7058,47.9379],[-89.7064,47.9372],[-89.7064,47.9365],[-89.7122,47.9344],[-89.713,47.9325],[-89.7127,47.9318],[-89.714,47.9313],[-89.7157,47.9301],[-89.7216,47.929],[-89.7247,47.9276],[-89.7289,47.9256],[-89.7303,47.9245],[-89.73,47.9236],[-89.7321,47.9229],[-89.7328,47.9205],[-89.734,47.9204],[-89.7343,47.9199],[-89.7355,47.9202],[-89.7375,47.9199],[-89.7375,47.9183],[-89.7359,47.9182],[-89.7356,47.9177],[-89.7387,47.9168],[-89.7399,47.916],[-89.7425,47.9152],[-89.7447,47.9146],[-89.7447,47.9139],[-89.7459,47.9131],[-89.7451,47.9126],[-89.748,47.9124],[-89.7479,47.9117],[-89.7517,47.9106],[-89.7563,47.9079],[-89.7593,47.9069],[-89.7603,47.9056],[-89.7593,47.9052],[-89.7594,47.9046],[-89.7571,47.9042],[-89.757,47.9038],[-89.7608,47.9038],[-89.7621,47.9033],[-89.7659,47.9028],[-89.7668,47.9022],[-89.7675,47.9025],[-89.7724,47.9025],[-89.7726,47.9017],[-89.7732,47.9021],[-89.7753,47.9011],[-89.7754,47.9002],[-89.7775,47.8997],[-89.7771,47.8989],[-89.7794,47.8981],[-89.7802,47.8982],[-89.7824,47.8976],[-89.7828,47.897],[-89.7875,47.8957],[-89.789,47.894],[-89.7909,47.8936],[-89.7912,47.8927],[-89.7936,47.8912],[-89.7961,47.8917],[-89.7974,47.8915],[-89.7996,47.8902],[-89.8027,47.8905],[-89.8035,47.8893],[-89.8091,47.8868],[-89.8104,47.8868],[-89.8121,47.8864],[-89.8142,47.8868],[-89.8143,47.8858],[-89.8155,47.8859],[-89.8154,47.8846],[-89.8168,47.8841],[-89.8167,47.8847],[-89.8189,47.885],[-89.8204,47.884],[-89.8224,47.8838],[-89.8222,47.8833],[-89.8229,47.883],[-89.8252,47.8838],[-89.8257,47.8832],[-89.8273,47.8834],[-89.8301,47.8815],[-89.831,47.8815],[-89.8326,47.8821],[-89.8356,47.8821],[-89.8378,47.8807],[-89.8398,47.88],[-89.8401,47.8785],[-89.8413,47.8782],[-89.8426,47.8794],[-89.8434,47.8795],[-89.8443,47.8785],[-89.8462,47.8787],[-89.8473,47.8797],[-89.8495,47.8797],[-89.8497,47.8788],[-89.8478,47.8773],[-89.8486,47.8763],[-89.8516,47.8753],[-89.8547,47.8738],[-89.8566,47.8746],[-89.8605,47.8742],[-89.8642,47.8738],[-89.8657,47.874],[-89.8689,47.8744],[-89.8719,47.8741],[-89.8804,47.8703],[-89.8838,47.8671],[-89.8861,47.8665],[-89.8888,47.8666],[-89.8885,47.8648],[-89.8905,47.8643],[-89.8962,47.868],[-89.8994,47.8677],[-89.9015,47.8665],[-89.9021,47.8651],[-89.9048,47.8654],[-89.9065,47.8649],[-89.9111,47.8644],[-89.9117,47.864],[-89.912,47.8622],[-89.9166,47.8615],[-89.9189,47.863],[-89.9242,47.8618],[-89.9278,47.8603],[-89.9312,47.8571],[-89.9291,47.8557],[-89.9291,47.8549],[-89.9281,47.8539],[-89.9283,47.8517],[-89.9275,47.8509],[-89.9281,47.8505],[-89.9339,47.8468],[-89.9355,47.8466],[-89.9358,47.8459],[-89.9399,47.8448],[-89.9416,47.8447],[-89.9425,47.8431],[-89.9472,47.8418],[-89.951,47.8411],[-89.9544,47.84],[-89.9581,47.8408],[-89.9636,47.8404],[-89.9651,47.8387],[-89.9711,47.839],[-89.9721,47.8373],[-89.9711,47.8357],[-89.9684,47.8344],[-89.9695,47.8331],[-89.9726,47.8324],[-89.9738,47.831],[-89.9762,47.8304],[-89.9783,47.8296],[-89.9808,47.8296],[-89.9884,47.8279],[-89.9927,47.8274],[-90.0016,47.8257],[-90.0044,47.8248],[-90.0098,47.8239],[-90.0105,47.8229],[-90.0135,47.8212],[-90.0149,47.8215],[-90.0166,47.8208],[-90.0202,47.8207],[-90.0226,47.8193],[-90.0219,47.8187],[-90.0245,47.8176],[-90.0257,47.8179],[-90.0336,47.8177],[-90.037,47.817],[-90.0385,47.8177],[-90.0399,47.8174],[-90.0412,47.8171],[-90.0429,47.8175],[-90.0491,47.816],[-90.0514,47.8145],[-90.0524,47.8145],[-90.0555,47.8138],[-90.0592,47.8128],[-90.0628,47.813],[-90.0717,47.8113],[-90.0758,47.809],[-90.0773,47.8068],[-90.0788,47.8063],[-90.0808,47.804],[-90.0801,47.8025],[-90.0877,47.8032],[-90.0947,47.8019],[-90.097,47.8005],[-90.1003,47.8003],[-90.102,47.7991],[-90.1028,47.7982],[-90.1048,47.7982],[-90.1126,47.7967],[-90.1168,47.7952],[-90.1178,47.7945],[-90.122,47.7957],[-90.1301,47.7959],[-90.139,47.7947],[-90.1492,47.7944],[-90.1651,47.7919],[-90.1722,47.7885],[-90.1791,47.7862],[-90.185,47.7816],[-90.1879,47.778],[-90.1882,47.7767],[-90.1952,47.7762],[-90.2014,47.7752],[-90.2137,47.777],[-90.2208,47.7768],[-90.2316,47.7758],[-90.2533,47.7717],[-90.2583,47.7703],[-90.261,47.7687],[-90.2644,47.7672],[-90.2769,47.7642],[-90.28,47.7642],[-90.2811,47.7636],[-90.2899,47.7613],[-90.2933,47.76],[-90.2947,47.7599],[-90.2959,47.759],[-90.2997,47.7582],[-90.3015,47.7576],[-90.3029,47.7573],[-90.3048,47.756],[-90.308,47.757],[-90.309,47.7564],[-90.3107,47.7571],[-90.3156,47.7559],[-90.3187,47.7549],[-90.3202,47.7538],[-90.3229,47.7534],[-90.327,47.7519],[-90.3303,47.7511],[-90.3325,47.7473],[-90.3321,47.7458],[-90.3306,47.7458],[-90.3293,47.745],[-90.3307,47.7448],[-90.3325,47.7452],[-90.3343,47.7451],[-90.3368,47.7452],[-90.3358,47.7458],[-90.3341,47.7459],[-90.3339,47.7474],[-90.3352,47.7486],[-90.3389,47.7491],[-90.3414,47.7484],[-90.3437,47.7466],[-90.3421,47.7452],[-90.3492,47.7456],[-90.3513,47.745],[-90.3585,47.7438],[-90.3604,47.7438],[-90.3617,47.7434],[-90.3677,47.7427],[-90.3733,47.7426],[-90.3875,47.7411],[-90.3912,47.7411],[-90.3957,47.738],[-90.4007,47.7375],[-90.4037,47.7364],[-90.4088,47.7362],[-90.4107,47.7359],[-90.4148,47.7353],[-90.4164,47.7356],[-90.4221,47.7347],[-90.4238,47.7336],[-90.4301,47.7326],[-90.4318,47.7325],[-90.4339,47.7318],[-90.4374,47.7315],[-90.44,47.73],[-90.4417,47.7267],[-90.441,47.7257],[-90.4399,47.7251],[-90.4426,47.7239],[-90.451,47.7222],[-90.455,47.722],[-90.4709,47.7195],[-90.474,47.7193],[-90.4769,47.7181],[-90.4828,47.717],[-90.4843,47.7165],[-90.4851,47.7169],[-90.4865,47.7161],[-90.4872,47.7152],[-90.4931,47.713],[-90.5049,47.7101],[-90.5189,47.7074],[-90.5224,47.707],[-90.5295,47.7058],[-90.5378,47.7026],[-90.5397,47.7007],[-90.5435,47.6997],[-90.5499,47.6912],[-90.552,47.69],[-90.555,47.6891],[-90.556,47.6887],[-90.558,47.6885],[-90.5597,47.6879],[-90.5666,47.6862],[-90.5674,47.6863],[-90.5691,47.6855],[-90.5778,47.6832],[-90.5794,47.6825],[-90.5816,47.6817],[-90.5824,47.6818],[-90.5828,47.6812],[-90.5876,47.6798],[-90.5911,47.6783],[-90.6047,47.6728],[-90.6119,47.6706],[-90.6153,47.6691],[-90.6159,47.6683],[-90.6181,47.6685],[-90.6279,47.6647],[-90.6307,47.6635],[-90.6312,47.663],[-90.6337,47.6622],[-90.6343,47.6615],[-90.6369,47.6606],[-90.6387,47.6593],[-90.6399,47.659],[-90.6462,47.6571],[-90.6513,47.6546],[-90.6578,47.6522],[-90.6587,47.6507],[-90.6606,47.6502],[-90.6628,47.6489],[-90.6673,47.6478],[-90.6686,47.6473],[-90.6702,47.647],[-90.6716,47.6463],[-90.6774,47.6451],[-90.6803,47.6442],[-90.6869,47.6434],[-90.6908,47.6414],[-90.7006,47.6381],[-90.7033,47.6368],[-90.7076,47.636],[-90.7094,47.6349],[-90.7165,47.6313],[-90.7241,47.6292],[-90.7326,47.6262],[-90.7389,47.6226],[-90.7408,47.6222],[-90.7421,47.6211],[-90.7494,47.6186],[-90.7594,47.6122],[-90.7651,47.61],[-90.7765,47.6064],[-90.779,47.6042],[-90.7808,47.6037],[-90.7883,47.5983],[-90.7893,47.5964],[-90.7911,47.5959],[-90.7919,47.595],[-90.7952,47.5939],[-90.7974,47.5917],[-90.8011,47.5907],[-90.8059,47.5877],[-90.8086,47.5872],[-90.8099,47.586],[-90.8118,47.5857],[-90.8178,47.5821],[-90.8232,47.5799],[-90.8242,47.5785],[-90.8268,47.5771],[-90.8292,47.5765],[-90.8341,47.5747],[-90.8347,47.5734],[-90.8407,47.5696],[-90.8429,47.5679],[-90.8446,47.5674],[-90.8483,47.5651],[-90.8506,47.5644],[-90.8532,47.5639],[-90.8544,47.5629],[-90.8606,47.5612],[-90.868,47.5574],[-90.8683,47.5564],[-90.8681,47.5554],[-90.8705,47.554],[-90.873,47.5536],[-90.8741,47.5529],[-90.8762,47.551],[-90.8824,47.5487],[-90.8851,47.5468],[-90.8898,47.5445],[-90.8914,47.5427],[-90.8954,47.5401],[-90.8988,47.5389],[-90.9068,47.5331],[-90.9098,47.5304],[-90.9106,47.5303],[-90.9128,47.5294],[-90.9233,47.5222],[-90.9234,47.5216],[-90.9237,47.5218],[-90.9265,47.5196],[-90.9297,47.5179],[-90.9339,47.5164],[-90.9358,47.5155],[-90.9402,47.5141],[-90.9437,47.5123],[-90.9457,47.5095],[-90.9513,47.508],[-90.9553,47.5055],[-90.9565,47.5048],[-90.9609,47.5028],[-90.9641,47.5001],[-90.9668,47.4984],[-90.9669,47.4974],[-90.9692,47.4955],[-90.9742,47.494],[-90.9763,47.4921],[-90.9779,47.4911],[-90.9833,47.4877],[-90.9834,47.4867],[-90.9824,47.4862],[-90.9805,47.4865],[-90.9806,47.4861],[-90.9852,47.4856],[-90.9873,47.4847],[-90.9901,47.4835],[-90.992,47.4825],[-90.9933,47.4822],[-90.9955,47.4808],[-91.0003,47.4791],[-91.0018,47.4764],[-91.0058,47.4744],[-91.0058,47.4732],[-91.0098,47.4724],[-91.0109,47.4709],[-91.0121,47.4692],[-91.0147,47.4687],[-91.0193,47.4673],[-91.0243,47.4645],[-91.0295,47.4609],[-91.0329,47.4582],[-91.0399,47.4563],[-91.0444,47.4569],[-91.0478,47.4549],[-91.049,47.4527],[-91.0489,47.4513],[-91.0517,47.4506],[-91.054,47.4479],[-91.0562,47.4461],[-91.0581,47.4454],[-91.0594,47.4438],[-91.0627,47.4432],[-91.0636,47.4428],[-91.0638,47.4416],[-91.0649,47.4412],[-91.0654,47.4394],[-91.0667,47.4384],[-91.0682,47.438],[-91.0687,47.4367],[-91.0707,47.4343],[-91.071,47.4331],[-91.0727,47.433],[-91.0731,47.4322],[-91.0751,47.4309],[-91.075,47.4294],[-91.0777,47.4288],[-91.0852,47.4244],[-91.0902,47.4204],[-91.0936,47.4168],[-91.0967,47.4138],[-91.0986,47.4146],[-91.1026,47.4124],[-91.1066,47.4116],[-91.1129,47.4077],[-91.1159,47.4058],[-91.1206,47.404],[-91.1298,47.3982],[-91.1299,47.3979],[-91.1291,47.3971],[-91.1312,47.3949],[-91.1318,47.3932],[-91.1348,47.3932],[-91.1387,47.3904],[-91.1384,47.3893],[-91.1408,47.389],[-91.1422,47.3878],[-91.1423,47.3858],[-91.1465,47.3818],[-91.1508,47.3797],[-91.1545,47.3804],[-91.1571,47.3781],[-91.1578,47.3762],[-91.1577,47.374],[-91.161,47.3744],[-91.1631,47.3726],[-91.1634,47.3711],[-91.1644,47.3714],[-91.1652,47.369],[-91.1676,47.367],[-91.17,47.3662],[-91.1709,47.3647],[-91.1714,47.3627],[-91.174,47.361],[-91.1736,47.3599],[-91.176,47.3585],[-91.176,47.3574],[-91.1754,47.3563],[-91.1766,47.3554],[-91.1782,47.3551],[-91.1789,47.3525],[-91.1785,47.3506],[-91.18,47.3507],[-91.1816,47.3496],[-91.1809,47.3475],[-91.1832,47.3477],[-91.1848,47.3473],[-91.185,47.3458],[-91.1841,47.3437],[-91.1848,47.3436],[-91.1851,47.343],[-91.1844,47.343],[-91.1858,47.3403],[-91.1846,47.3393],[-91.188,47.3398],[-91.1895,47.3399],[-91.1917,47.3385],[-91.1929,47.3383],[-91.1929,47.3375],[-91.1951,47.3379],[-91.1971,47.3363],[-91.1977,47.3348],[-91.1996,47.3341],[-91.2009,47.3328],[-91.2034,47.3318],[-91.2044,47.3304],[-91.2061,47.3296],[-91.2063,47.3275],[-91.2086,47.3244],[-91.209,47.3231],[-91.2102,47.3219],[-91.2105,47.3205],[-91.215,47.3174],[-91.2203,47.3181],[-91.2227,47.3156],[-91.2246,47.3122],[-91.2288,47.3121],[-91.2302,47.3094],[-91.2302,47.3081],[-91.2295,47.3078],[-91.231,47.3063],[-91.2339,47.3064],[-91.2387,47.305],[-91.2393,47.3043],[-91.2391,47.3026],[-91.2409,47.3019],[-91.2404,47.3015],[-91.2408,47.3001],[-91.2423,47.2995],[-91.2418,47.2981],[-91.2448,47.2969],[-91.245,47.2961],[-91.2458,47.2955],[-91.2467,47.2945],[-91.247,47.2925],[-91.2502,47.2913],[-91.2502,47.2818],[-91.2558,47.2805],[-91.2552,47.281],[-91.2549,47.2813],[-91.2552,47.2813],[-91.2568,47.2805],[-91.2601,47.279],[-91.2624,47.2789],[-91.2626,47.2795],[-91.2603,47.2799],[-91.2575,47.282],[-91.2589,47.2853],[-91.2678,47.2779],[-91.2705,47.2775],[-91.2715,47.276],[-91.2732,47.2757],[-91.2745,47.2729],[-91.2679,47.2702],[-91.267,47.2703],[-91.2674,47.269],[-91.2677,47.2696],[-91.2749,47.2724],[-91.2761,47.2721],[-91.2763,47.2706],[-91.2756,47.2705],[-91.276,47.2698],[-91.275,47.2694],[-91.2751,47.2686],[-91.2777,47.2665],[-91.2801,47.2665],[-91.2877,47.2593],[-91.2898,47.2582],[-91.2923,47.2572],[-91.2951,47.2575],[-91.2972,47.2559],[-91.3007,47.2555],[-91.302,47.2555],[-91.3029,47.2546],[-91.3053,47.2541],[-91.3069,47.2517],[-91.3085,47.251],[-91.3091,47.2505],[-91.3091,47.2499],[-91.3097,47.2498],[-91.3101,47.2487],[-91.3128,47.2468],[-91.3149,47.2462],[-91.3127,47.2458],[-91.3131,47.2453],[-91.3166,47.2456],[-91.3179,47.244],[-91.3198,47.2428],[-91.3208,47.2411],[-91.3233,47.2401],[-91.325,47.239],[-91.3267,47.2381],[-91.3266,47.2358],[-91.3291,47.2339],[-91.3281,47.233],[-91.3293,47.2317],[-91.3317,47.2308],[-91.3327,47.2301],[-91.3351,47.2293],[-91.3342,47.2286],[-91.3349,47.2281],[-91.3368,47.2281],[-91.3392,47.2273],[-91.3383,47.2262],[-91.344,47.2235],[-91.345,47.2236],[-91.3448,47.2213],[-91.3462,47.2203],[-91.3481,47.2204],[-91.3514,47.2164],[-91.3525,47.2156],[-91.3538,47.2116],[-91.3535,47.2099],[-91.3539,47.2095],[-91.3554,47.2097],[-91.3564,47.208],[-91.356,47.2071],[-91.3576,47.2064],[-91.3582,47.2069],[-91.3632,47.206],[-91.3652,47.2051],[-91.3657,47.2033],[-91.3653,47.2013],[-91.366,47.201],[-91.3664,47.1997],[-91.37,47.1997],[-91.3732,47.1987],[-91.3742,47.1978],[-91.3763,47.198],[-91.3779,47.1971],[-91.3782,47.1954],[-91.3802,47.1931],[-91.3809,47.1914],[-91.3842,47.1875],[-91.3918,47.1874],[-91.3969,47.1862],[-91.3995,47.186],[-91.4,47.1848],[-91.3985,47.1839],[-91.4012,47.181],[-91.404,47.1814],[-91.4071,47.1797],[-91.4087,47.1799],[-91.4126,47.1763],[-91.4113,47.1749],[-91.4128,47.1745],[-91.4172,47.1716],[-91.4193,47.171],[-91.422,47.1691],[-91.4231,47.1657],[-91.4247,47.1636],[-91.427,47.1641],[-91.4288,47.164],[-91.431,47.1628],[-91.4342,47.161],[-91.4355,47.1584],[-91.4388,47.1582],[-91.4395,47.1572],[-91.4389,47.1564],[-91.4403,47.1556],[-91.4436,47.1506],[-91.4452,47.1494],[-91.4481,47.148],[-91.4497,47.1459],[-91.4539,47.1451],[-91.4557,47.1438],[-91.4578,47.143],[-91.4563,47.1419],[-91.4558,47.141],[-91.4547,47.1404],[-91.459,47.1382],[-91.4613,47.1352],[-91.4631,47.1345],[-91.4648,47.1335],[-91.4658,47.1317],[-91.4672,47.1319],[-91.4719,47.1297],[-91.4734,47.1296],[-91.4748,47.1286],[-91.4774,47.1257],[-91.4813,47.1243],[-91.4861,47.1249],[-91.4905,47.1231],[-91.4919,47.1232],[-91.4971,47.123],[-91.4995,47.1213],[-91.5017,47.1208],[-91.5026,47.1202],[-91.5061,47.1188],[-91.5082,47.1167],[-91.5112,47.1154],[-91.514,47.1129],[-91.5181,47.1094],[-91.5187,47.1073],[-91.5207,47.1045],[-91.5247,47.1036],[-91.5265,47.104],[-91.5296,47.1023],[-91.5356,47.1028],[-91.5393,47.1018],[-91.5407,47.099],[-91.5442,47.0992],[-91.5448,47.0998],[-91.5466,47.0989],[-91.548,47.0968],[-91.5498,47.0957],[-91.5501,47.094],[-91.5523,47.0936],[-91.5551,47.0945],[-91.5584,47.0948],[-91.5636,47.0932],[-91.5673,47.0924],[-91.5716,47.0913],[-91.5752,47.0888],[-91.5771,47.0853],[-91.5785,47.0844],[-91.5799,47.083],[-91.5824,47.0809],[-91.5843,47.0778],[-91.5847,47.076],[-91.5851,47.075],[-91.5847,47.0738],[-91.5873,47.0723],[-91.5906,47.0706],[-91.5932,47.0672],[-91.5952,47.066],[-91.5954,47.0635],[-91.5948,47.0631],[-91.5959,47.0623],[-91.5982,47.0624],[-91.6008,47.0636],[-91.6041,47.0636],[-91.6126,47.0595],[-91.6148,47.0575],[-91.6173,47.0562],[-91.6201,47.0528],[-91.6217,47.0513],[-91.6267,47.0501],[-91.6304,47.0474],[-91.6329,47.0441],[-91.6353,47.043],[-91.6359,47.0408],[-91.6372,47.0404],[-91.6385,47.0344],[-91.6374,47.0339],[-91.6384,47.0334],[-91.6389,47.0319],[-91.636,47.0312],[-91.6369,47.029],[-91.6366,47.0276],[-91.6375,47.0269],[-91.6398,47.0269],[-91.6424,47.0262],[-91.6445,47.0264],[-91.6457,47.0259],[-91.6492,47.029],[-91.6513,47.0294],[-91.6567,47.0283],[-91.6588,47.027],[-91.6601,47.0264],[-91.6614,47.0243],[-91.6596,47.0237],[-91.6598,47.0191],[-91.6595,47.0186],[-91.6608,47.0172],[-91.6602,47.0151],[-91.6635,47.0126],[-91.6653,47.0132],[-91.665,47.0147],[-91.6671,47.0164],[-91.6692,47.0167],[-91.6703,47.0171],[-91.6747,47.0175],[-91.6768,47.0172],[-91.6786,47.0149],[-91.6796,47.0107],[-91.6853,47.0069],[-91.6872,47.0062],[-91.6923,47.0064],[-91.6996,47.0073],[-91.7061,47.0044],[-91.7092,47.0018],[-91.7116,46.9998],[-91.7124,46.9995],[-91.7199,46.9941],[-91.7212,46.9934],[-91.7237,46.9918],[-91.7258,46.9902],[-91.7272,46.9896],[-91.7281,46.9886],[-91.7297,46.9878],[-91.7371,46.9828],[-91.7398,46.9804],[-91.7422,46.9771],[-91.7458,46.9754],[-91.7474,46.9744],[-91.7532,46.9703],[-91.7591,46.9648],[-91.7594,46.9634],[-91.76,46.9632],[-91.7606,46.9623],[-91.7633,46.9613],[-91.7681,46.9564],[-91.7724,46.9545],[-91.774,46.9532],[-91.7746,46.9532],[-91.7779,46.951],[-91.7787,46.9495],[-91.7772,46.9488],[-91.7807,46.9465],[-91.7801,46.9448],[-91.7795,46.9445],[-91.78,46.9436],[-91.7791,46.9436],[-91.7796,46.9431],[-91.7834,46.9423],[-91.7852,46.9417],[-91.7885,46.9407],[-91.7917,46.9407],[-91.7944,46.9398],[-91.7956,46.9389],[-91.7962,46.9376],[-91.7993,46.9375],[-91.8047,46.9348],[-91.8067,46.9338],[-91.8072,46.933],[-91.8115,46.9306],[-91.8127,46.9287],[-91.8149,46.9267],[-91.8157,46.9256],[-91.8178,46.924],[-91.8188,46.9245],[-91.8218,46.9251],[-91.8262,46.9273],[-91.8307,46.9274],[-91.8351,46.9266],[-91.8346,46.9272],[-91.8347,46.9273],[-91.8349,46.9271],[-91.8413,46.9252],[-91.8462,46.9231],[-91.8476,46.9221],[-91.8484,46.9223],[-91.8478,46.9218],[-91.8514,46.9188],[-91.8551,46.9141],[-91.8613,46.9103],[-91.8679,46.9084],[-91.8752,46.9079],[-91.8811,46.9063],[-91.9057,46.8909],[-91.915,46.8838],[-91.9206,46.8805],[-91.937,46.8732],[-91.9407,46.8723],[-91.942,46.8713],[-91.9522,46.8672],[-91.9657,46.8581],[-91.9761,46.8546],[-91.9854,46.8497],[-91.9924,46.8425],[-91.9963,46.8403],[-91.998,46.8387],[-92.0057,46.8366],[-92.0074,46.8355],[-92.0146,46.8335],[-92.0162,46.8334],[-92.0259,46.828],[-92.0288,46.8246],[-92.0385,46.8201],[-92.0419,46.82],[-92.0502,46.8141],[-92.0519,46.8139],[-92.0542,46.8116],[-92.0589,46.8099],[-92.0621,46.8041],[-92.0663,46.8027],[-92.0674,46.8029],[-92.0691,46.8018],[-92.0725,46.8007],[-92.076,46.7986],[-92.0777,46.7971],[-92.0801,46.797],[-92.082,46.7956],[-92.0861,46.7944],[-92.0941,46.7879],[-92.0932,46.7837],[-92.088,46.7806],[-92.0931,46.7791],[-92.0943,46.7792],[-92.0975,46.7837],[-92.0963,46.7813],[-92.0992,46.7789],[-92.1,46.7794],[-92.1012,46.7763],[-92.101,46.7692],[-92.0997,46.7654],[-92.0957,46.7591],[-92.0929,46.7534],[-92.0942,46.7522],[-92.1009,46.7507],[-92.1061,46.7525],[-92.1107,46.7556],[-92.1117,46.7555],[-92.1132,46.7566],[-92.1171,46.7577],[-92.1215,46.7569],[-92.1227,46.7558],[-92.1232,46.7546],[-92.1222,46.7515],[-92.1238,46.7505],[-92.1249,46.751],[-92.1273,46.7501],[-92.1271,46.7481],[-92.1289,46.7475],[-92.1304,46.7467],[-92.1323,46.7452],[-92.1342,46.7441],[-92.1375,46.7462],[-92.1411,46.7441],[-92.1432,46.7436],[-92.1443,46.7427],[-92.1446,46.7407],[-92.1437,46.7384],[-92.1481,46.7369],[-92.1487,46.735],[-92.1516,46.7348],[-92.153,46.7341],[-92.1534,46.732],[-92.1497,46.7292],[-92.1453,46.7283],[-92.1493,46.7249],[-92.1479,46.7214],[-92.1518,46.7198],[-92.1577,46.7207],[-92.1598,46.7193],[-92.1617,46.7193],[-92.1632,46.7204],[-92.1673,46.7199],[-92.1693,46.7168],[-92.1701,46.712],[-92.1694,46.7106],[-92.1575,46.707],[-92.1534,46.707],[-92.1513,46.7088],[-92.1469,46.7111],[-92.1456,46.7132],[-92.1443,46.7184],[-92.1429,46.7185],[-92.1398,46.7207],[-92.1382,46.7226],[-92.133,46.7226],[-92.1364,46.7235],[-92.1349,46.7279],[-92.1394,46.7278],[-92.1394,46.7284],[-92.135,46.7286],[-92.1339,46.7295],[-92.125,46.7321],[-92.1247,46.7396],[-92.1229,46.7396],[-92.1223,46.7402],[-92.1203,46.7402],[-92.1199,46.741],[-92.1179,46.7409],[-92.1175,46.7416],[-92.1162,46.7416],[-92.1141,46.7421],[-92.1122,46.7421],[-92.1118,46.7408],[-92.1115,46.7414],[-92.1103,46.7388],[-92.1096,46.7387],[-92.1094,46.7436],[-92.1083,46.7436],[-92.108,46.7409],[-92.1067,46.7406],[-92.1063,46.7447],[-92.1053,46.745],[-92.1055,46.7404],[-92.1027,46.7397],[-92.1044,46.7358],[-92.1005,46.7419],[-92.0993,46.7418],[-92.0989,46.7375],[-92.0985,46.7413],[-92.0961,46.7402],[-92.096,46.7376],[-92.0955,46.7399],[-92.0945,46.7393],[-92.0938,46.7376],[-92.0925,46.7383],[-92.0925,46.7376],[-92.0918,46.7378],[-92.0923,46.737],[-92.0913,46.7375],[-92.091,46.7373],[-92.0922,46.736],[-92.0905,46.7371],[-92.0902,46.7369],[-92.0912,46.7358],[-92.0897,46.7368],[-92.0872,46.7342],[-92.0882,46.7359],[-92.086,46.7337],[-92.0866,46.7351],[-92.0842,46.7335],[-92.0905,46.7392],[-92.0918,46.7388],[-92.0909,46.7396],[-92.0955,46.7413],[-92.1031,46.7459],[-92.0993,46.7477],[-92.0939,46.7452],[-92.0868,46.7376],[-92.0836,46.7392],[-92.0767,46.7345],[-92.0797,46.7322],[-92.078,46.7306],[-92.0743,46.7329],[-92.071,46.7307],[-92.0744,46.7283],[-92.0492,46.7101],[-92.0454,46.7123],[-92.0423,46.7099],[-92.0424,46.7088],[-92.0418,46.7083],[-92.0394,46.7084],[-92.0387,46.7079],[-92.0408,46.7066],[-92.0407,46.7041],[-92.0392,46.7027],[-92.0332,46.7012],[-92.0314,46.7016],[-92.0285,46.7042],[-92.0281,46.7039],[-92.0285,46.7031],[-92.0271,46.7003],[-92.0257,46.701],[-92.0261,46.6958],[-92.0299,46.6961],[-92.0281,46.6945],[-92.0245,46.6946],[-92.0245,46.7026],[-92.0241,46.7025],[-92.0236,46.6946],[-92.0234,46.7022],[-92.023,46.7022],[-92.0226,46.6937],[-92.0223,46.7015],[-92.022,46.7015],[-92.0218,46.6938],[-92.0214,46.7014],[-92.0208,46.7014],[-92.0208,46.6957],[-92.022,46.6933],[-92.0204,46.6918],[-92.0186,46.6916],[-92.0179,46.7001],[-92.0156,46.6991],[-92.0161,46.6883],[-92.014,46.6874],[-92.0134,46.6976],[-92.0122,46.697],[-92.0133,46.6869],[-92.01,46.6835],[-92.0025,46.682],[-91.9956,46.6827],[-91.9903,46.6839],[-91.9873,46.6837],[-91.9925,46.6819],[-91.9924,46.6798],[-91.9921,46.6809],[-91.9907,46.682],[-91.9875,46.6822],[-91.9879,46.6802],[-91.9854,46.6817],[-91.9841,46.6811],[-91.9842,46.6801],[-91.9831,46.6798],[-91.9818,46.681],[-91.9837,46.6813],[-91.9838,46.6825],[-91.9809,46.6834],[-91.9783,46.6812],[-91.9753,46.6825],[-91.973,46.6852],[-91.9809,46.689],[-91.9859,46.6905],[-91.9902,46.6926],[-91.9917,46.6938],[-92.0017,46.6983],[-92.0032,46.6983],[-92.0123,46.701],[-92.0163,46.7039],[-92.0131,46.7063],[-92.008,46.705],[-91.9894,46.6941],[-91.9879,46.6927],[-91.9824,46.6903],[-91.9815,46.6903],[-91.9734,46.6864],[-91.9619,46.6825],[-91.943,46.6799],[-91.9303,46.6815],[-91.926,46.6822],[-91.9148,46.6849],[-91.9055,46.6863],[-91.8973,46.6876],[-91.8879,46.69],[-91.8812,46.6901],[-91.8777,46.6915],[-91.873,46.6911],[-91.8611,46.6918],[-91.8573,46.6911],[-91.8574,46.6926],[-91.8455,46.6901],[-91.8351,46.6895],[-91.8283,46.6901],[-91.8271,46.6899],[-91.8249,46.6902],[-91.82,46.6902],[-91.8121,46.6911],[-91.8009,46.6928],[-91.7901,46.6947],[-91.787,46.696],[-91.7749,46.6997],[-91.7724,46.7011],[-91.7654,46.7028],[-91.7576,46.7067],[-91.7509,46.7089],[-91.7417,46.7107],[-91.724,46.7162],[-91.7192,46.7171],[-91.7165,46.7183],[-91.709,46.7195],[-91.6992,46.7223],[-91.6878,46.7251],[-91.6766,46.7267],[-91.6735,46.7278],[-91.666,46.7296],[-91.6531,46.7328],[-91.6466,46.7343],[-91.6437,46.7357],[-91.6337,46.7389],[-91.6273,46.7411],[-91.6216,46.7435],[-91.6152,46.7457],[-91.6117,46.7475],[-91.6034,46.7499],[-91.5969,46.7526],[-91.5892,46.7547],[-91.5823,46.7552],[-91.5756,46.7574],[-91.5693,46.7572],[-91.5622,46.7562],[-91.5563,46.7564],[-91.5514,46.7557],[-91.5371,46.7548],[-91.5251,46.7559],[-91.5226,46.7567],[-91.5111,46.7575],[-91.4997,46.7612],[-91.496,46.7644],[-91.4924,46.7667],[-91.489,46.7669],[-91.4878,46.7669],[-91.4838,46.7679],[-91.4702,46.7689],[-91.4666,46.7696],[-91.4635,46.77],[-91.4615,46.771],[-91.4578,46.7716],[-91.4526,46.7733],[-91.4493,46.7733],[-91.4367,46.7777],[-91.4335,46.7805],[-91.4284,46.7805],[-91.4268,46.7812],[-91.426,46.7818],[-91.4232,46.7825],[-91.4219,46.7841],[-91.4194,46.7854],[-91.4189,46.7873],[-91.4152,46.7889],[-91.4118,46.7896],[-91.4106,46.7912],[-91.4091,46.7938],[-91.4073,46.7947],[-91.4044,46.794],[-91.4029,46.794],[-91.4021,46.7922],[-91.3915,46.7902],[-91.3864,46.7919],[-91.3862,46.7922],[-91.3841,46.7919],[-91.3762,46.7922],[-91.3704,46.7934],[-91.3642,46.7959],[-91.3582,46.8005],[-91.3545,46.8051],[-91.3507,46.8084],[-91.3453,46.8133],[-91.3422,46.8151],[-91.3383,46.8177],[-91.3341,46.8184],[-91.3319,46.8194],[-91.326,46.8223],[-91.3185,46.8253],[-91.3151,46.8259],[-91.3148,46.8268],[-91.3108,46.8283],[-91.3054,46.8291],[-91.3023,46.8303],[-91.301,46.8302],[-91.295,46.83],[-91.2903,46.8304],[-91.2896,46.8308],[-91.2886,46.8333],[-91.2874,46.8338],[-91.2853,46.8337],[-91.281,46.8327],[-91.2753,46.8327],[-91.2659,46.8339],[-91.2567,46.8369],[-91.2512,46.8409],[-91.2472,46.8456],[-91.2428,46.8497],[-91.2371,46.855],[-91.2332,46.8595],[-91.2245,46.8652],[-91.211,46.8666],[-91.2031,46.87],[-91.1999,46.873],[-91.1981,46.8742],[-91.1942,46.8797],[-91.191,46.8803],[-91.1891,46.8828],[-91.189,46.8844],[-91.188,46.885],[-91.1869,46.8864],[-91.1843,46.8859],[-91.1805,46.8856],[-91.1805,46.8831],[-91.1827,46.8788],[-91.1917,46.8755],[-91.1941,46.8734],[-91.1951,46.8704],[-91.1973,46.8662],[-91.2044,46.8605],[-91.2041,46.8582],[-91.2001,46.854],[-91.1938,46.8502],[-91.1846,46.8461],[-91.1751,46.8437],[-91.1676,46.8448],[-91.1659,46.8483],[-91.166,46.8537],[-91.1643,46.8551],[-91.1596,46.8554],[-91.1553,46.8555],[-91.15,46.8574],[-91.1475,46.8605],[-91.1478,46.8631],[-91.1448,46.8694],[-91.1409,46.873],[-91.1386,46.8733],[-91.1347,46.8725],[-91.1337,46.8706],[-91.1336,46.8686],[-91.1347,46.8675],[-91.1343,46.8663],[-91.1362,46.8627],[-91.1362,46.8599],[-91.1323,46.8581],[-91.1239,46.8564],[-91.1194,46.8565],[-91.1119,46.8566],[-91.1075,46.8572],[-91.1039,46.8584],[-91.1037,46.8596],[-91.1023,46.8596],[-91.0974,46.8608],[-91.0954,46.8637],[-91.0963,46.8657],[-91.0962,46.8673],[-91.0949,46.8696],[-91.0951,46.8709],[-91.0938,46.8762],[-91.0941,46.878],[-91.0937,46.8799],[-91.0909,46.8827],[-91.0873,46.8827],[-91.0829,46.8838],[-91.0746,46.882],[-91.0718,46.8793],[-91.0682,46.8783],[-91.0642,46.8785],[-91.058,46.8798],[-91.0509,46.8824],[-91.0432,46.8867],[-91.0393,46.89],[-91.0366,46.8936],[-91.0357,46.8964],[-91.0363,46.8978],[-91.0361,46.8986],[-91.0356,46.9011],[-91.0342,46.9033],[-91.0322,46.9038],[-91.0317,46.9046],[-91.0259,46.9068],[-91.0191,46.9115],[-91.0145,46.9124],[-91.0108,46.9138],[-91.0098,46.9147],[-91.0064,46.9154],[-91.0047,46.9163],[-91.0018,46.9164],[-90.9988,46.916],[-90.9935,46.9186],[-90.9846,46.9256],[-90.9802,46.9316],[-90.9764,46.9383],[-90.9738,46.9413],[-90.9684,46.9439],[-90.9644,46.9436],[-90.9615,46.9415],[-90.9584,46.9399],[-90.9536,46.9383],[-90.9493,46.9383],[-90.9435,46.9361],[-90.9352,46.9336],[-90.9252,46.9313],[-90.9218,46.9313],[-90.9167,46.9323],[-90.9135,46.9338],[-90.9122,46.9372],[-90.9082,46.9416],[-90.898,46.9454],[-90.892,46.9462],[-90.8861,46.9483],[-90.8815,46.9511],[-90.8806,46.953],[-90.8804,46.9572],[-90.8796,46.9581],[-90.8686,46.9619],[-90.8627,46.9626],[-90.855,46.9619],[-90.8503,46.96],[-90.8479,46.9585],[-90.8415,46.9576],[-90.8377,46.9574],[-90.8341,46.9559],[-90.8328,46.9542],[-90.8311,46.9526],[-90.8298,46.9509],[-90.8287,46.9463],[-90.8286,46.9447],[-90.8295,46.9437],[-90.8299,46.9404],[-90.8302,46.9373],[-90.83,46.9357],[-90.8242,46.9329],[-90.8197,46.9316],[-90.8135,46.9314],[-90.8113,46.9329],[-90.8084,46.936],[-90.8047,46.9379],[-90.8009,46.9379],[-90.7957,46.9361],[-90.7901,46.9321],[-90.7876,46.9296],[-90.7875,46.9287],[-90.7864,46.9276],[-90.7828,46.9195],[-90.7826,46.9169],[-90.7831,46.9117],[-90.7798,46.909],[-90.7753,46.9081],[-90.767,46.908],[-90.7637,46.9055],[-90.7594,46.9025],[-90.7544,46.8979],[-90.7529,46.8957],[-90.7515,46.8946],[-90.7507,46.8909],[-90.7516,46.887],[-90.7547,46.8849],[-90.7581,46.8836],[-90.7624,46.8834],[-90.7679,46.8848],[-90.7722,46.8839],[-90.7737,46.8842],[-90.7755,46.885],[-90.777,46.885],[-90.7731,46.8824],[-90.7707,46.8801],[-90.7703,46.8741],[-90.7729,46.87],[-90.775,46.8665],[-90.7791,46.8614],[-90.7794,46.86],[-90.782,46.8587],[-90.7847,46.8587],[-90.7842,46.858],[-90.7852,46.8547],[-90.7883,46.8536],[-90.7886,46.8475],[-90.7882,46.8461],[-90.7882,46.8457],[-90.7882,46.8452],[-90.7852,46.8421],[-90.7936,46.8355],[-90.7937,46.8336],[-90.7941,46.8309],[-90.7958,46.8296],[-90.7961,46.8286],[-90.7968,46.8278],[-90.7974,46.8258],[-90.7983,46.8238],[-90.8078,46.8172],[-90.8084,46.8164],[-90.8119,46.8136],[-90.8121,46.8126],[-90.8126,46.8112],[-90.811,46.8111],[-90.811,46.8108],[-90.8129,46.8105],[-90.8135,46.8088],[-90.8125,46.8082],[-90.8151,46.8073],[-90.817,46.8074],[-90.8175,46.8065],[-90.8181,46.8069],[-90.8187,46.8063],[-90.8191,46.8066],[-90.8206,46.8063],[-90.8199,46.8071],[-90.8222,46.8062],[-90.8263,46.8031],[-90.8262,46.8015],[-90.8267,46.8],[-90.8281,46.7974],[-90.8321,46.7933],[-90.8356,46.7898],[-90.8386,46.7887],[-90.8455,46.7891],[-90.8507,46.79],[-90.8547,46.7889],[-90.856,46.7882],[-90.8563,46.7856],[-90.8593,46.7849],[-90.8624,46.7825],[-90.8636,46.7798],[-90.8598,46.7743],[-90.8597,46.7723],[-90.8626,46.7679],[-90.8657,46.7658],[-90.8667,46.7644],[-90.8706,46.763],[-90.8756,46.7602],[-90.8825,46.7582],[-90.8853,46.7558],[-90.8851,46.7513],[-90.8815,46.7439],[-90.8756,46.7323],[-90.8697,46.7222],[-90.8644,46.7164],[-90.8635,46.7132],[-90.8613,46.711],[-90.8606,46.7107],[-90.8611,46.71],[-90.86,46.7091],[-90.8594,46.709],[-90.8585,46.7062],[-90.8571,46.705],[-90.8551,46.7022],[-90.8527,46.6996],[-90.8528,46.6973],[-90.8544,46.6928],[-90.8561,46.6927],[-90.8559,46.6917],[-90.8608,46.6879],[-90.8649,46.6848],[-90.8655,46.683],[-90.8669,46.6823],[-90.8679,46.6806],[-90.8692,46.6802],[-90.8701,46.6794],[-90.8747,46.678],[-90.8785,46.6759],[-90.8803,46.6756],[-90.8839,46.6725],[-90.8859,46.6701],[-90.8837,46.6682],[-90.8838,46.6677],[-90.8854,46.6684],[-90.8868,46.6677],[-90.8889,46.6686],[-90.8911,46.6677],[-90.8942,46.6677],[-90.9043,46.666],[-90.9052,46.6646],[-90.909,46.6646],[-90.9091,46.6634],[-90.9112,46.6635],[-90.9108,46.6613],[-90.9119,46.6603],[-90.9125,46.6608],[-90.9127,46.66],[-90.9142,46.6594],[-90.9153,46.658],[-90.9157,46.6535],[-90.9152,46.6477],[-90.9147,46.6466],[-90.9158,46.6444],[-90.9162,46.6431],[-90.9182,46.6418],[-90.9192,46.6379],[-90.9208,46.6374],[-90.9207,46.6314],[-90.9204,46.6301],[-90.9222,46.6274],[-90.9249,46.6253],[-90.9261,46.6249],[-90.9268,46.6241],[-90.9274,46.6216],[-90.9283,46.62],[-90.9287,46.618],[-90.9304,46.6174],[-90.932,46.6163],[-90.932,46.615],[-90.9346,46.6141],[-90.9356,46.6132],[-90.936,46.6118],[-90.9382,46.6093],[-90.9387,46.6083],[-90.949,46.6036],[-90.9508,46.6009],[-90.9515,46.6006],[-90.9506,46.5989],[-90.9482,46.5986],[-90.9489,46.5972],[-90.9488,46.5965],[-90.9476,46.5959],[-90.9469,46.5942],[-90.9481,46.5924],[-90.9474,46.5909],[-90.9454,46.5888],[-90.9432,46.5879],[-90.9416,46.5886],[-90.941,46.5892],[-90.9394,46.5884],[-90.9386,46.5883],[-90.9374,46.5875],[-90.9362,46.5873],[-90.9273,46.5854],[-90.9202,46.5837],[-90.9185,46.5831],[-90.9176,46.5835],[-90.9131,46.5827],[-90.9081,46.583],[-90.9053,46.5838],[-90.906,46.5856],[-90.905,46.5848],[-90.9046,46.5852],[-90.9033,46.5857],[-90.9023,46.5856],[-90.9034,46.5875],[-90.9042,46.5877],[-90.9041,46.5889],[-90.9033,46.5884],[-90.9033,46.589],[-90.9027,46.5894],[-90.9017,46.5891],[-90.8945,46.5928],[-90.8913,46.5906],[-90.8896,46.591],[-90.8857,46.5937],[-90.8885,46.5956],[-90.8877,46.596],[-90.8866,46.5949],[-90.8851,46.5947],[-90.8845,46.5957],[-90.8836,46.5964],[-90.8839,46.5974],[-90.8835,46.5976],[-90.8829,46.5968],[-90.8826,46.5969],[-90.8827,46.5972],[-90.8818,46.5972],[-90.8805,46.5987],[-90.8806,46.5995],[-90.8789,46.5984],[-90.8828,46.603],[-90.8761,46.6037],[-90.8732,46.6012],[-90.8716,46.6012],[-90.8686,46.6022],[-90.8671,46.6019],[-90.8589,46.605],[-90.8582,46.6058],[-90.8555,46.6062],[-90.8496,46.6088],[-90.8483,46.6094],[-90.8475,46.6106],[-90.8454,46.6104],[-90.842,46.6112],[-90.8379,46.6129],[-90.8344,46.614],[-90.8337,46.6147],[-90.8282,46.6164],[-90.8249,46.6191],[-90.8223,46.6195],[-90.8079,46.6223],[-90.8051,46.6224],[-90.8029,46.6233],[-90.7948,46.6249],[-90.7836,46.6296],[-90.776,46.633],[-90.7611,46.6418],[-90.7553,46.6463],[-90.7519,46.6504],[-90.7467,46.6517],[-90.7431,46.6544],[-90.7432,46.6575],[-90.7413,46.6589],[-90.74,46.6606],[-90.7385,46.6609],[-90.7337,46.6608],[-90.7302,46.6613],[-90.7252,46.6624],[-90.7252,46.663],[-90.7315,46.6627],[-90.7329,46.6633],[-90.7362,46.6628],[-90.7437,46.6641],[-90.746,46.6637],[-90.7521,46.6628],[-90.7546,46.6619],[-90.7608,46.6606],[-90.7614,46.6617],[-90.7612,46.6629],[-90.7582,46.6638],[-90.7546,46.6658],[-90.7547,46.6667],[-90.7518,46.6678],[-90.749,46.6696],[-90.7447,46.6703],[-90.7321,46.6694],[-90.7252,46.6681],[-90.7224,46.668],[-90.7162,46.6668],[-90.715,46.6672],[-90.7113,46.6659],[-90.7084,46.665],[-90.7097,46.666],[-90.7061,46.6677],[-90.7049,46.6677],[-90.7029,46.6684],[-90.707,46.6692],[-90.7104,46.6734],[-90.7113,46.6732],[-90.7131,46.6737],[-90.7133,46.6743],[-90.7191,46.6758],[-90.722,46.6794],[-90.7266,46.6837],[-90.7286,46.6839],[-90.7298,46.6854],[-90.7326,46.6861],[-90.7345,46.6871],[-90.7347,46.688],[-90.7359,46.6891],[-90.7383,46.6897],[-90.7399,46.6904],[-90.743,46.6933],[-90.7461,46.6975],[-90.7545,46.7016],[-90.7587,46.7029],[-90.762,46.7067],[-90.7606,46.707],[-90.7534,46.7031],[-90.744,46.6971],[-90.7349,46.6909],[-90.7242,46.6832],[-90.6947,46.6644],[-90.6762,46.6535],[-90.6563,46.641],[-90.6532,46.6386],[-90.6502,46.6374],[-90.6356,46.6284],[-90.6305,46.6254],[-90.5889,46.6013],[-90.5698,46.5917],[-90.5608,46.5876],[-90.5499,46.5836],[-90.5418,46.5815],[-90.5369,46.5812],[-90.5255,46.5869],[-90.5158,46.5887],[-90.5104,46.59],[-90.5043,46.5892],[-90.4779,46.5761],[-90.4571,46.5675],[-90.4438,46.5634],[-90.4384,46.5619],[-90.4395,46.5618],[-90.4388,46.5612],[-90.4378,46.5611],[-90.4372,46.5622],[-90.4344,46.5622],[-90.426,46.5648],[-90.4193,46.5662],[-90.4181,46.5661],[-90.4154,46.5667],[-90.4078,46.571],[-90.3987,46.5756],[-90.3951,46.5773],[-90.3892,46.5812],[-90.3793,46.5862],[-90.3714,46.5892],[-90.3575,46.5959],[-90.3553,46.5973],[-90.3474,46.601],[-90.3385,46.6068],[-90.3338,46.6087],[-90.3306,46.6088],[-90.3276,46.6077],[-90.3105,46.603],[-90.3066,46.6027],[-90.288,46.61],[-90.2843,46.6111],[-90.2786,46.6135],[-90.2739,46.6145],[-90.2646,46.6187],[-90.2494,46.622],[-90.243,46.6232],[-90.2303,46.6265],[-90.2282,46.6275],[-90.2136,46.6317],[-90.21,46.6332],[-90.1875,46.6392],[-90.1818,46.6403],[-90.1732,46.6428],[-90.1625,46.646],[-90.1583,46.6464],[-90.1519,46.6466],[-90.1443,46.6477],[-90.1383,46.6492],[-90.133,46.6499],[-90.1302,46.6506],[-90.1236,46.651],[-90.1144,46.6532],[-90.1029,46.6547],[-90.08,46.6599],[-90.0696,46.6632],[-90.059,46.6652],[-90.0488,46.6673],[-90.0416,46.6696],[-90.0284,46.6744],[-90.0227,46.6774],[-90.0075,46.6863],[-89.995,46.6941],[-89.9873,46.7017],[-89.9834,46.705],[-89.9732,46.7107],[-89.9663,46.7127],[-89.9569,46.7172],[-89.9427,46.7253],[-89.9399,46.7265],[-89.931,46.734],[-89.9257,46.7359],[-89.9174,46.7414],[-89.9096,46.7477],[-89.9034,46.7532],[-89.9005,46.7567],[-89.8887,46.7658],[-89.8628,46.7653],[-89.863,46.7499],[-89.8636,46.7453],[-89.8645,46.5928],[-89.7403,46.5921],[-89.7415,46.5052],[-89.5513,46.5054],[-89.3653,46.5056],[-89.3653,46.4193],[-89.3653,46.3793],[-89.3663,46.3485],[-89.3654,46.333],[-89.3116,46.3331],[-89.1164,46.3327],[-89.0097,46.3326],[-88.9906,46.3332],[-88.9909,46.2492],[-88.9908,46.0973],[-89.0916,46.1385],[-89.1454,46.1484],[-89.1772,46.1547],[-89.1805,46.1554],[-89.1996,46.159],[-89.2033,46.16],[-89.3859,46.1952],[-89.4906,46.2154],[-89.5349,46.2242],[-89.5547,46.2279],[-89.6252,46.2414],[-89.6634,46.2489],[-89.7407,46.2636],[-89.8052,46.2762],[-89.8705,46.2886],[-89.8752,46.2899],[-89.8888,46.292],[-89.9047,46.2953],[-89.9292,46.2997],[-89.9288,46.2428],[-89.9292,46.2163],[-89.9289,46.1921],[-89.9289,46.1568],[-89.9295,46.1378],[-89.9288,46.1127],[-89.9286,46.0688],[-89.9283,46.0434],[-89.9288,45.982],[-89.9986,45.9823],[-90.0017,45.9819],[-90.044,45.9819],[-90.1674,45.9819],[-90.3021,45.9813],[-90.4003,45.9814],[-90.4475,45.9815],[-90.4882,45.9815],[-90.595,45.9816],[-90.677,45.9816],[-90.6787,45.9532],[-90.6787,45.9249],[-90.6772,45.8841],[-90.6774,45.875],[-90.6786,45.8675],[-90.6784,45.8615],[-90.6783,45.858],[-90.6778,45.8449],[-90.6779,45.8111],[-90.678,45.7688],[-90.6773,45.75],[-90.678,45.7391],[-90.6778,45.7248],[-90.6778,45.7245],[-90.6778,45.682],[-90.6778,45.6789],[-90.6787,45.6383]]],[[[-90.9636,46.962],[-90.9662,46.9626],[-90.971,46.9707],[-90.9733,46.9722],[-90.9783,46.9712],[-90.9802,46.9727],[-90.9826,46.9762],[-90.9823,46.9781],[-90.9828,46.9798],[-90.9828,46.9822],[-90.9829,46.9841],[-90.9806,46.9861],[-90.9789,46.9866],[-90.9754,46.9866],[-90.9721,46.9876],[-90.9713,46.9889],[-90.9685,46.9891],[-90.9656,46.9895],[-90.9632,46.9905],[-90.957,46.9909],[-90.9535,46.99],[-90.952,46.9903],[-90.9505,46.9901],[-90.9445,46.992],[-90.9395,46.9945],[-90.9374,46.9972],[-90.9377,46.9995],[-90.9389,47.002],[-90.938,47.0031],[-90.9364,47.0032],[-90.9346,47.0023],[-90.931,47.0018],[-90.93,46.9993],[-90.9297,46.9961],[-90.9293,46.9952],[-90.9284,46.9941],[-90.9301,46.9919],[-90.9277,46.9904],[-90.9251,46.9905],[-90.9237,46.9888],[-90.9241,46.9877],[-90.9272,46.9866],[-90.9296,46.9842],[-90.9334,46.9836],[-90.9349,46.9811],[-90.9328,46.9745],[-90.9311,46.9696],[-90.9316,46.9662],[-90.9311,46.9645],[-90.9344,46.9627],[-90.936,46.9632],[-90.938,46.963],[-90.9427,46.9632],[-90.9457,46.9628],[-90.9495,46.963],[-90.9521,46.9641],[-90.9558,46.9635],[-90.9585,46.9626],[-90.9617,46.9624],[-90.9636,46.962]]],[[[-90.8591,46.9763],[-90.8603,46.9777],[-90.8636,46.9801],[-90.8676,46.9833],[-90.8738,46.9855],[-90.8756,46.9855],[-90.8767,46.9868],[-90.8773,46.9881],[-90.8783,46.9893],[-90.8779,46.9912],[-90.876,46.9915],[-90.8739,46.9902],[-90.8728,46.9867],[-90.8704,46.9857],[-90.8633,46.9847],[-90.8582,46.9866],[-90.8549,46.9864],[-90.8515,46.9849],[-90.8521,46.9829],[-90.8537,46.9815],[-90.8561,46.9773],[-90.8582,46.9769],[-90.8591,46.9763]]],[[[-90.7967,46.9688],[-90.8016,46.9689],[-90.8053,46.9702],[-90.8058,46.9719],[-90.8049,46.9731],[-90.8008,46.9739],[-90.7977,46.9759],[-90.7973,46.9793],[-90.796,46.9803],[-90.7912,46.9809],[-90.7881,46.9802],[-90.7872,46.979],[-90.7849,46.9783],[-90.7848,46.9779],[-90.7884,46.9767],[-90.7909,46.9727],[-90.7899,46.9701],[-90.792,46.9703],[-90.7967,46.9688]]],[[[-91.0364,46.941],[-91.0385,46.9417],[-91.0386,46.9428],[-91.0373,46.9451],[-91.0354,46.9458],[-91.0343,46.9455],[-91.0346,46.9433],[-91.036,46.9415],[-91.0364,46.941]]],[[[-90.7805,46.7524],[-90.7877,46.7526],[-90.7885,46.7539],[-90.7876,46.7534],[-90.7868,46.755],[-90.7891,46.7582],[-90.7893,46.7597],[-90.7824,46.7678],[-90.7827,46.7721],[-90.7821,46.7723],[-90.7818,46.7712],[-90.7804,46.7711],[-90.7801,46.7729],[-90.7808,46.7726],[-90.783,46.7729],[-90.7833,46.7735],[-90.7877,46.7785],[-90.7892,46.7792],[-90.7906,46.7809],[-90.7915,46.7846],[-90.791,46.7855],[-90.7856,46.7882],[-90.7781,46.7891],[-90.7718,46.7899],[-90.7679,46.7911],[-90.7587,46.7961],[-90.7533,46.7978],[-90.7407,46.7985],[-90.7404,46.7992],[-90.7352,46.7996],[-90.733,46.8002],[-90.729,46.8036],[-90.7275,46.8085],[-90.728,46.8101],[-90.7209,46.8159],[-90.7124,46.8207],[-90.6956,46.8263],[-90.689,46.8295],[-90.6823,46.8312],[-90.6754,46.8339],[-90.6683,46.8378],[-90.6569,46.8435],[-90.6432,46.8538],[-90.6404,46.8575],[-90.6376,46.8601],[-90.634,46.865],[-90.6319,46.8663],[-90.622,46.8729],[-90.6179,46.8744],[-90.6131,46.8741],[-90.6074,46.8741],[-90.6031,46.8731],[-90.6026,46.8727],[-90.5975,46.8686],[-90.5911,46.8613],[-90.5834,46.8553],[-90.5729,46.8503],[-90.57,46.8497],[-90.5688,46.8481],[-90.5695,46.8466],[-90.5747,46.8455],[-90.578,46.8419],[-90.5845,46.8398],[-90.5938,46.8394],[-90.6136,46.838],[-90.6237,46.8349],[-90.6407,46.8282],[-90.648,46.8264],[-90.6617,46.8238],[-90.6752,46.8196],[-90.678,46.8168],[-90.6799,46.816],[-90.6834,46.8133],[-90.6835,46.8122],[-90.6816,46.8121],[-90.6806,46.812],[-90.6804,46.8111],[-90.6815,46.8116],[-90.6816,46.8108],[-90.6825,46.8109],[-90.683,46.8088],[-90.6841,46.8079],[-90.6841,46.8063],[-90.6858,46.805],[-90.6846,46.8046],[-90.6847,46.8041],[-90.6792,46.8037],[-90.6766,46.804],[-90.6775,46.8054],[-90.6771,46.8057],[-90.6779,46.8075],[-90.6782,46.8127],[-90.6788,46.8137],[-90.6782,46.8153],[-90.6766,46.8173],[-90.6742,46.8194],[-90.6763,46.8153],[-90.6766,46.8087],[-90.6736,46.8024],[-90.6701,46.7996],[-90.6656,46.7992],[-90.664,46.8002],[-90.663,46.7997],[-90.6599,46.7996],[-90.6559,46.7994],[-90.653,46.7978],[-90.6529,46.7959],[-90.6523,46.7948],[-90.654,46.7922],[-90.655,46.7911],[-90.6571,46.7889],[-90.6611,46.788],[-90.6666,46.7876],[-90.6728,46.7867],[-90.6779,46.7854],[-90.6834,46.7836],[-90.6876,46.7835],[-90.6926,46.7826],[-90.7002,46.782],[-90.7085,46.7841],[-90.7156,46.7856],[-90.7213,46.7835],[-90.7302,46.7763],[-90.7379,46.7688],[-90.7417,46.7674],[-90.7439,46.7674],[-90.7475,46.7664],[-90.7545,46.76],[-90.7577,46.7583],[-90.7636,46.7549],[-90.7712,46.753],[-90.7805,46.7524]]],[[[-92.0168,46.7067],[-92.0275,46.7095],[-92.0391,46.7177],[-92.0472,46.7242],[-92.0468,46.7268],[-92.0499,46.7287],[-92.0517,46.7278],[-92.0564,46.7314],[-92.0561,46.7324],[-92.0543,46.7321],[-92.0541,46.733],[-92.0582,46.737],[-92.0605,46.7373],[-92.0637,46.7392],[-92.0613,46.7401],[-92.0675,46.7459],[-92.0832,46.7625],[-92.084,46.7618],[-92.0856,46.7627],[-92.0896,46.7675],[-92.0902,46.7695],[-92.0917,46.7709],[-92.0909,46.7713],[-92.0909,46.7722],[-92.0912,46.7736],[-92.0923,46.7736],[-92.0917,46.7744],[-92.0919,46.7749],[-92.0937,46.7748],[-92.0926,46.7755],[-92.0936,46.7754],[-92.0925,46.7761],[-92.0934,46.7776],[-92.0915,46.7785],[-92.0879,46.7728],[-92.0819,46.7643],[-92.0804,46.7635],[-92.0789,46.7614],[-92.0734,46.7544],[-92.0698,46.751],[-92.0605,46.7412],[-92.0258,46.7108],[-92.0186,46.7103],[-92.0168,46.7067]]],[[[-92.0481,46.7125],[-92.0505,46.7141],[-92.0528,46.7142],[-92.0565,46.717],[-92.0561,46.7182],[-92.0573,46.7179],[-92.0612,46.7209],[-92.0634,46.7217],[-92.0609,46.7217],[-92.0496,46.7145],[-92.0481,46.7125],[-92.0481,46.7125]]]]}},{"type":"Feature","properties":{"Dma":"Harlingen-Weslaco-Brownsville-McAllen","dma":"Harlingen-Weslaco-Brownsville-McAllen","name":"Harlingen-Weslaco-Brownsville-McAllen","dma_code":"636","dma_name_nielsen":"HARLINGEN-WSLCO-BRNSVL-MCA"},"geometry":{"type":"MultiPolygon","coordinates":[[[[-98.1475,26.0496],[-98.1492,26.0513],[-98.1495,26.0558],[-98.1511,26.0578],[-98.153,26.0583],[-98.1556,26.0566],[-98.1567,26.055],[-98.1593,26.0537],[-98.1612,26.0542],[-98.1624,26.0553],[-98.1621,26.0572],[-98.1583,26.0607],[-98.1584,26.0629],[-98.1597,26.0642],[-98.1622,26.0643],[-98.1675,26.0626],[-98.1688,26.063],[-98.1719,26.0707],[-98.1752,26.074],[-98.1772,26.0747],[-98.1784,26.0745],[-98.1798,26.0729],[-98.1802,26.0699],[-98.1798,26.0647],[-98.1783,26.063],[-98.1789,26.0615],[-98.181,26.0611],[-98.1824,26.0619],[-98.1843,26.0639],[-98.1878,26.064],[-98.1891,26.0633],[-98.1915,26.0571],[-98.1929,26.0562],[-98.197,26.0562],[-98.2009,26.0592],[-98.2032,26.0641],[-98.2055,26.0668],[-98.2138,26.0731],[-98.2212,26.0766],[-98.2276,26.0772],[-98.2325,26.0767],[-98.2417,26.0745],[-98.2449,26.073],[-98.2488,26.0731],[-98.2502,26.0742],[-98.2515,26.079],[-98.2608,26.0833],[-98.2631,26.0845],[-98.2651,26.0864],[-98.2662,26.0905],[-98.2684,26.0931],[-98.2772,26.0988],[-98.2843,26.1011],[-98.2866,26.1029],[-98.288,26.1054],[-98.2875,26.1065],[-98.2836,26.1074],[-98.2789,26.1076],[-98.2758,26.1067],[-98.2713,26.1063],[-98.27,26.1071],[-98.271,26.1137],[-98.2697,26.1155],[-98.266,26.1174],[-98.2653,26.1195],[-98.2663,26.1207],[-98.2685,26.1205],[-98.2751,26.1161],[-98.2794,26.1171],[-98.2913,26.1207],[-98.2962,26.1203],[-98.2998,26.117],[-98.303,26.1096],[-98.3023,26.1077],[-98.3006,26.1057],[-98.298,26.1048],[-98.298,26.1033],[-98.2999,26.1021],[-98.3035,26.1026],[-98.3062,26.104],[-98.3078,26.1076],[-98.3101,26.1136],[-98.3132,26.116],[-98.3158,26.1169],[-98.3205,26.1187],[-98.3249,26.1223],[-98.3304,26.1306],[-98.3329,26.1335],[-98.3353,26.1382],[-98.3351,26.1407],[-98.3334,26.1415],[-98.3279,26.1418],[-98.3269,26.1428],[-98.3271,26.1438],[-98.3284,26.1448],[-98.335,26.146],[-98.3376,26.1484],[-98.3384,26.1513],[-98.3375,26.1541],[-98.3338,26.1579],[-98.3329,26.1613],[-98.3339,26.1643],[-98.3356,26.1659],[-98.3402,26.167],[-98.3449,26.1664],[-98.347,26.1648],[-98.3487,26.16],[-98.349,26.1531],[-98.3504,26.1516],[-98.3523,26.1511],[-98.3539,26.1521],[-98.3575,26.158],[-98.3585,26.1619],[-98.3575,26.1676],[-98.3581,26.1701],[-98.359,26.1716],[-98.3606,26.1725],[-98.3629,26.1718],[-98.3666,26.1683],[-98.3671,26.1669],[-98.3668,26.1647],[-98.3653,26.162],[-98.3655,26.1596],[-98.3672,26.1577],[-98.3686,26.1571],[-98.3762,26.1574],[-98.3819,26.1569],[-98.3856,26.1575],[-98.3867,26.158],[-98.3877,26.159],[-98.391,26.165],[-98.3928,26.1673],[-98.3969,26.1702],[-98.4015,26.1716],[-98.4027,26.1733],[-98.4023,26.1779],[-98.4026,26.1808],[-98.4044,26.1826],[-98.4062,26.1832],[-98.4147,26.1838],[-98.4181,26.1846],[-98.4233,26.19],[-98.4295,26.1941],[-98.4416,26.1986],[-98.4442,26.2011],[-98.4446,26.2036],[-98.4433,26.206],[-98.4425,26.207],[-98.4392,26.2109],[-98.4388,26.2142],[-98.4403,26.2194],[-98.4434,26.2237],[-98.4452,26.2246],[-98.4467,26.2244],[-98.45,26.223],[-98.4532,26.2197],[-98.4543,26.2173],[-98.4561,26.2176],[-98.4567,26.2229],[-98.4584,26.2251],[-98.4597,26.226],[-98.4627,26.2258],[-98.4686,26.2213],[-98.4718,26.2201],[-98.476,26.2201],[-98.4794,26.22],[-98.4816,26.2193],[-98.4833,26.2164],[-98.4825,26.2135],[-98.4804,26.2113],[-98.4785,26.2083],[-98.4781,26.203],[-98.4796,26.2015],[-98.4826,26.2015],[-98.4834,26.2027],[-98.4824,26.2062],[-98.4823,26.2093],[-98.4846,26.2119],[-98.4884,26.2132],[-98.4922,26.2129],[-98.4999,26.2098],[-98.5038,26.2088],[-98.5061,26.209],[-98.5073,26.2102],[-98.5064,26.213],[-98.5011,26.2214],[-98.5014,26.2228],[-98.5049,26.2236],[-98.5083,26.2251],[-98.5125,26.2271],[-98.5159,26.2267],[-98.519,26.2248],[-98.5224,26.2209],[-98.5234,26.2209],[-98.5249,26.2218],[-98.5267,26.2254],[-98.526,26.2287],[-98.5218,26.2325],[-98.5218,26.2356],[-98.523,26.2358],[-98.5244,26.2354],[-98.5298,26.2279],[-98.5315,26.2265],[-98.5341,26.2256],[-98.5352,26.2257],[-98.5371,26.2277],[-98.5376,26.2295],[-98.5435,26.2424],[-98.5453,26.2445],[-98.5524,26.2465],[-98.5546,26.2474],[-98.5573,26.2475],[-98.5588,26.2459],[-98.5586,26.2443],[-98.557,26.2432],[-98.551,26.2413],[-98.5475,26.2413],[-98.5458,26.2393],[-98.5459,26.2371],[-98.5476,26.2342],[-98.556,26.2321],[-98.5576,26.2302],[-98.5591,26.2262],[-98.5615,26.2245],[-98.5628,26.2248],[-98.5649,26.2278],[-98.5646,26.2307],[-98.5644,26.2347],[-98.5654,26.2397],[-98.5674,26.2416],[-98.5708,26.2406],[-98.5739,26.2386],[-98.5766,26.2338],[-98.5784,26.2338],[-98.5798,26.2348],[-98.585,26.2443],[-98.5845,26.2459],[-98.5796,26.2503],[-98.5797,26.2526],[-98.5808,26.2547],[-98.5839,26.257],[-98.5867,26.2575],[-98.5963,26.258],[-98.5992,26.2576],[-98.6084,26.2534],[-98.6107,26.2533],[-98.6131,26.2525],[-98.6142,26.2489],[-98.6154,26.247],[-98.6173,26.2466],[-98.6185,26.2474],[-98.6196,26.2546],[-98.6223,26.2594],[-98.6241,26.2594],[-98.6258,26.2583],[-98.6277,26.2558],[-98.6303,26.2536],[-98.6316,26.2528],[-98.6329,26.2503],[-98.6334,26.2433],[-98.6363,26.2418],[-98.6424,26.2418],[-98.6485,26.2395],[-98.6503,26.2381],[-98.6542,26.236],[-98.662,26.2352],[-98.6694,26.2363],[-98.673,26.2384],[-98.6766,26.2415],[-98.679,26.2456],[-98.6794,26.2492],[-98.6778,26.2556],[-98.6781,26.2578],[-98.6798,26.2614],[-98.6828,26.2638],[-98.6872,26.2651],[-98.6911,26.265],[-98.6968,26.2651],[-98.7109,26.2686],[-98.7184,26.2714],[-98.7194,26.2723],[-98.7202,26.2745],[-98.7193,26.277],[-98.7157,26.2786],[-98.7106,26.279],[-98.7057,26.2775],[-98.7038,26.2775],[-98.7008,26.2784],[-98.6999,26.2809],[-98.7018,26.2861],[-98.7043,26.288],[-98.7092,26.2891],[-98.7121,26.2871],[-98.7148,26.2861],[-98.7162,26.2862],[-98.7182,26.2873],[-98.722,26.295],[-98.7241,26.2971],[-98.7278,26.2988],[-98.7326,26.299],[-98.7365,26.2974],[-98.7399,26.2947],[-98.7426,26.2941],[-98.7495,26.2953],[-98.7511,26.2962],[-98.753,26.3002],[-98.7551,26.3019],[-98.7562,26.3043],[-98.7554,26.3071],[-98.7543,26.308],[-98.7527,26.3082],[-98.7503,26.3077],[-98.7437,26.303],[-98.7403,26.3028],[-98.7385,26.3037],[-98.7365,26.3064],[-98.7363,26.3102],[-98.7375,26.3124],[-98.7396,26.3142],[-98.7435,26.3149],[-98.7451,26.3159],[-98.7482,26.3206],[-98.7494,26.3245],[-98.7498,26.33],[-98.7512,26.3313],[-98.7538,26.3317],[-98.7582,26.3297],[-98.7635,26.3267],[-98.7682,26.3252],[-98.7743,26.3252],[-98.7801,26.3266],[-98.789,26.3304],[-98.7898,26.3319],[-98.788,26.3361],[-98.7883,26.3383],[-98.7931,26.3435],[-98.7963,26.3491],[-98.7973,26.352],[-98.7982,26.3602],[-98.8039,26.3672],[-98.8073,26.3694],[-98.8129,26.3663],[-98.8151,26.3665],[-98.8196,26.3706],[-98.8246,26.3707],[-98.8269,26.3696],[-98.8307,26.3653],[-98.8348,26.3623],[-98.8417,26.3589],[-98.8457,26.3589],[-98.8477,26.3596],[-98.8489,26.3606],[-98.851,26.3638],[-98.8558,26.3657],[-98.8614,26.366],[-98.8661,26.3647],[-98.8703,26.3624],[-98.8785,26.3607],[-98.889,26.3571],[-98.8962,26.3532],[-98.8974,26.3535],[-98.9,26.3574],[-98.9009,26.3594],[-98.9007,26.3628],[-98.8997,26.3656],[-98.9001,26.3681],[-98.9017,26.3712],[-98.9039,26.3721],[-98.9105,26.3716],[-98.9154,26.3732],[-98.9182,26.3753],[-98.921,26.3782],[-98.9222,26.3791],[-98.924,26.3834],[-98.9238,26.387],[-98.9241,26.3888],[-98.9238,26.392],[-98.9259,26.3944],[-98.9276,26.3942],[-98.928,26.3941],[-98.9333,26.3889],[-98.9359,26.3839],[-98.9351,26.3812],[-98.9342,26.3753],[-98.9362,26.3715],[-98.9392,26.3699],[-98.9446,26.3695],[-98.9465,26.3699],[-98.949,26.3713],[-98.9534,26.3753],[-98.9558,26.377],[-98.9561,26.3791],[-98.9536,26.3839],[-98.953,26.3909],[-98.9538,26.3936],[-98.9564,26.3957],[-98.9625,26.3986],[-98.9693,26.3989],[-98.9742,26.4011],[-98.9777,26.4005],[-98.9794,26.3992],[-98.9861,26.3928],[-98.9891,26.3917],[-98.9947,26.392],[-99.0003,26.3923],[-99.0038,26.3935],[-99.0095,26.3921],[-99.012,26.3925],[-99.0134,26.394],[-99.0167,26.4008],[-99.0212,26.4071],[-99.0237,26.4091],[-99.0349,26.4127],[-99.04,26.4129],[-99.0455,26.4098],[-99.0476,26.4069],[-99.0508,26.4046],[-99.0532,26.402],[-99.0587,26.3989],[-99.0632,26.3971],[-99.0678,26.3974],[-99.0738,26.397],[-99.0788,26.3972],[-99.082,26.3965],[-99.0837,26.3973],[-99.0851,26.3988],[-99.0894,26.4081],[-99.0904,26.409],[-99.0948,26.4109],[-99.096,26.4118],[-99.099,26.4166],[-99.1042,26.4211],[-99.1057,26.4232],[-99.1079,26.4247],[-99.11,26.4255],[-99.1109,26.4263],[-99.1136,26.4325],[-99.1138,26.434],[-99.1132,26.4352],[-99.1073,26.4376],[-99.1057,26.4387],[-99.1031,26.4415],[-99.1024,26.443],[-99.1024,26.448],[-99.1008,26.4502],[-99.1008,26.451],[-99.1,26.4536],[-99.1006,26.4567],[-99.1004,26.4592],[-99.0989,26.4625],[-99.094,26.468],[-99.0925,26.4711],[-99.0916,26.477],[-99.096,26.4825],[-99.1035,26.4967],[-99.105,26.5003],[-99.1104,26.5056],[-99.1186,26.5166],[-99.1201,26.5177],[-99.1246,26.5214],[-99.1278,26.5252],[-99.1361,26.5263],[-99.1373,26.5274],[-99.1428,26.5278],[-99.153,26.5311],[-99.1617,26.5348],[-99.1654,26.5358],[-99.1679,26.5369],[-99.1707,26.5403],[-99.1719,26.5441],[-99.1714,26.5493],[-99.1701,26.5528],[-99.1686,26.5553],[-99.1674,26.5593],[-99.1694,26.5717],[-99.0873,26.6253],[-99.0729,26.6342],[-99.0335,26.6605],[-99.0164,26.671],[-99.0111,26.675],[-98.9542,26.7857],[-98.8515,26.7853],[-98.7976,26.785],[-98.5907,26.7839],[-98.4487,26.7836],[-98.4226,26.7835],[-98.3207,26.7831],[-97.9855,26.7809],[-97.9853,26.6158],[-97.9574,26.6118],[-97.8617,26.598],[-97.7669,26.5981],[-97.5261,26.6007],[-97.4466,26.5999],[-97.444,26.5958],[-97.4428,26.5932],[-97.4426,26.5916],[-97.4414,26.5923],[-97.4418,26.5928],[-97.4409,26.5936],[-97.4409,26.5943],[-97.4396,26.5949],[-97.4394,26.5945],[-97.4386,26.5949],[-97.4372,26.595],[-97.4376,26.5955],[-97.4392,26.5958],[-97.443,26.5947],[-97.4433,26.596],[-97.4418,26.5958],[-97.4416,26.5971],[-97.4427,26.5975],[-97.4427,26.5987],[-97.4435,26.5993],[-97.4433,26.5999],[-97.4409,26.5993],[-97.4402,26.5996],[-97.4365,26.5953],[-97.4367,26.5936],[-97.4377,26.5915],[-97.438,26.5914],[-97.4383,26.5918],[-97.439,26.5911],[-97.4414,26.5903],[-97.4423,26.5901],[-97.4428,26.5906],[-97.4422,26.5885],[-97.4414,26.5878],[-97.4396,26.5873],[-97.4395,26.5881],[-97.4387,26.5883],[-97.4363,26.5876],[-97.4369,26.5887],[-97.4362,26.5902],[-97.4342,26.5903],[-97.4337,26.5882],[-97.4346,26.5866],[-97.4348,26.5876],[-97.4385,26.5849],[-97.4401,26.582],[-97.4398,26.58],[-97.4393,26.58],[-97.4389,26.5805],[-97.4355,26.5803],[-97.4349,26.5812],[-97.4358,26.5818],[-97.4342,26.5834],[-97.4334,26.5826],[-97.4336,26.5842],[-97.4344,26.5843],[-97.4329,26.5846],[-97.4327,26.5821],[-97.4312,26.5801],[-97.4324,26.5785],[-97.4324,26.5769],[-97.433,26.5763],[-97.4334,26.5766],[-97.4339,26.5757],[-97.4339,26.5745],[-97.4336,26.574],[-97.4359,26.5729],[-97.437,26.5731],[-97.436,26.5745],[-97.4369,26.5748],[-97.4381,26.5737],[-97.4402,26.5739],[-97.4409,26.5731],[-97.4414,26.571],[-97.4435,26.571],[-97.4433,26.57],[-97.4417,26.569],[-97.4394,26.5694],[-97.4404,26.5701],[-97.4372,26.5712],[-97.4321,26.5708],[-97.4321,26.5698],[-97.4326,26.57],[-97.4329,26.5706],[-97.4343,26.5704],[-97.4342,26.5698],[-97.4329,26.5693],[-97.4316,26.5675],[-97.4305,26.5669],[-97.4302,26.5676],[-97.4306,26.5682],[-97.4304,26.5685],[-97.4312,26.5694],[-97.431,26.5705],[-97.4299,26.5704],[-97.4292,26.5701],[-97.4292,26.5722],[-97.4303,26.5738],[-97.4296,26.5737],[-97.4296,26.5766],[-97.4284,26.5709],[-97.4287,26.5686],[-97.4257,26.5578],[-97.4312,26.5543],[-97.4323,26.5498],[-97.432,26.549],[-97.4314,26.5497],[-97.4302,26.5533],[-97.4294,26.5531],[-97.4298,26.551],[-97.4292,26.551],[-97.4284,26.5529],[-97.4282,26.5536],[-97.4287,26.5545],[-97.425,26.5569],[-97.4233,26.5547],[-97.422,26.5545],[-97.4181,26.5557],[-97.4159,26.5527],[-97.417,26.5522],[-97.4186,26.5429],[-97.4197,26.5402],[-97.4208,26.5355],[-97.4203,26.5317],[-97.4179,26.522],[-97.4215,26.521],[-97.4228,26.5202],[-97.4268,26.52],[-97.425,26.5214],[-97.4232,26.5211],[-97.4232,26.5221],[-97.4238,26.5232],[-97.4225,26.5228],[-97.4208,26.5229],[-97.4186,26.5225],[-97.4188,26.5234],[-97.4198,26.5234],[-97.4214,26.5251],[-97.4238,26.5251],[-97.4244,26.5267],[-97.422,26.5264],[-97.422,26.527],[-97.4215,26.5277],[-97.4235,26.5274],[-97.4241,26.5291],[-97.4229,26.5297],[-97.4235,26.5299],[-97.4226,26.5311],[-97.4237,26.5312],[-97.4271,26.5322],[-97.4304,26.5322],[-97.4306,26.5327],[-97.4289,26.534],[-97.4274,26.5338],[-97.4283,26.5346],[-97.428,26.535],[-97.4285,26.5358],[-97.4257,26.5353],[-97.4233,26.5364],[-97.4233,26.538],[-97.4229,26.539],[-97.4234,26.5393],[-97.4237,26.5402],[-97.4228,26.5405],[-97.4231,26.5411],[-97.425,26.5414],[-97.4244,26.5407],[-97.4299,26.5415],[-97.4266,26.5425],[-97.4277,26.5435],[-97.4283,26.5429],[-97.4288,26.5434],[-97.4284,26.5437],[-97.4293,26.5441],[-97.427,26.5446],[-97.4267,26.5454],[-97.4232,26.5452],[-97.4236,26.5462],[-97.4264,26.546],[-97.4273,26.5471],[-97.4304,26.5464],[-97.4322,26.5436],[-97.434,26.5427],[-97.4348,26.5432],[-97.4358,26.5423],[-97.4349,26.5418],[-97.4368,26.5398],[-97.4368,26.5374],[-97.4377,26.5368],[-97.4372,26.5358],[-97.4351,26.5363],[-97.4321,26.5334],[-97.4332,26.5297],[-97.4326,26.5283],[-97.4332,26.5255],[-97.4338,26.5254],[-97.4337,26.5246],[-97.4332,26.5243],[-97.4334,26.5231],[-97.4362,26.5229],[-97.4372,26.5215],[-97.4351,26.5199],[-97.4353,26.5188],[-97.434,26.5184],[-97.4343,26.5204],[-97.4348,26.5207],[-97.4333,26.5212],[-97.4304,26.5215],[-97.4303,26.522],[-97.4296,26.5221],[-97.428,26.5201],[-97.428,26.5181],[-97.4279,26.5159],[-97.4274,26.5158],[-97.4269,26.5174],[-97.4254,26.5171],[-97.4264,26.5143],[-97.4268,26.5131],[-97.4297,26.512],[-97.4308,26.5105],[-97.4296,26.51],[-97.4282,26.5102],[-97.4284,26.5094],[-97.4295,26.5087],[-97.4354,26.5072],[-97.4371,26.506],[-97.4406,26.506],[-97.4406,26.5068],[-97.4397,26.5074],[-97.4415,26.5072],[-97.441,26.5051],[-97.4418,26.5052],[-97.4428,26.5058],[-97.4425,26.5043],[-97.4407,26.5041],[-97.4409,26.5035],[-97.4437,26.5016],[-97.4452,26.5018],[-97.4466,26.5031],[-97.4456,26.5018],[-97.4468,26.502],[-97.4474,26.5003],[-97.4449,26.4995],[-97.4437,26.5009],[-97.4414,26.5022],[-97.44,26.5028],[-97.4397,26.5038],[-97.4385,26.5033],[-97.4386,26.5013],[-97.4369,26.5011],[-97.4357,26.5016],[-97.4363,26.5008],[-97.4344,26.501],[-97.4348,26.5018],[-97.4345,26.5023],[-97.4368,26.5024],[-97.4371,26.5032],[-97.4356,26.5034],[-97.4337,26.5042],[-97.4321,26.504],[-97.4323,26.505],[-97.4291,26.5044],[-97.4287,26.5035],[-97.43,26.5027],[-97.4296,26.502],[-97.4274,26.5024],[-97.4285,26.4996],[-97.4307,26.4984],[-97.4316,26.5001],[-97.4322,26.5011],[-97.4336,26.5009],[-97.4337,26.4994],[-97.433,26.4989],[-97.4309,26.498],[-97.4303,26.4974],[-97.4285,26.4983],[-97.4317,26.4924],[-97.4331,26.4912],[-97.434,26.491],[-97.4356,26.4899],[-97.4357,26.488],[-97.4346,26.486],[-97.4325,26.485],[-97.432,26.4844],[-97.4312,26.4849],[-97.4323,26.4855],[-97.4282,26.4869],[-97.427,26.4861],[-97.4267,26.4845],[-97.4289,26.4821],[-97.43,26.4768],[-97.4344,26.4718],[-97.4363,26.4693],[-97.4424,26.4669],[-97.4437,26.4676],[-97.4471,26.4685],[-97.4467,26.4695],[-97.4475,26.4707],[-97.4481,26.4705],[-97.4475,26.469],[-97.4496,26.4695],[-97.4501,26.4699],[-97.4514,26.4698],[-97.4516,26.4701],[-97.4507,26.4705],[-97.4525,26.4708],[-97.4526,26.4701],[-97.4516,26.469],[-97.4482,26.4683],[-97.4471,26.4672],[-97.4458,26.4675],[-97.4436,26.4648],[-97.4422,26.4644],[-97.4406,26.4634],[-97.4382,26.4628],[-97.4406,26.4623],[-97.4412,26.4619],[-97.4457,26.4623],[-97.4457,26.4629],[-97.4439,26.4638],[-97.4454,26.464],[-97.4467,26.463],[-97.4492,26.4629],[-97.4485,26.4643],[-97.4505,26.4638],[-97.4518,26.4646],[-97.4508,26.4657],[-97.4537,26.4661],[-97.4533,26.4667],[-97.4519,26.4673],[-97.4562,26.4676],[-97.4566,26.4671],[-97.4547,26.4668],[-97.4556,26.4655],[-97.4581,26.4618],[-97.4599,26.4567],[-97.4615,26.4549],[-97.4641,26.454],[-97.4655,26.4528],[-97.4672,26.4532],[-97.468,26.4542],[-97.4664,26.4545],[-97.4662,26.4554],[-97.4672,26.457],[-97.4666,26.458],[-97.4656,26.4587],[-97.4673,26.4603],[-97.4671,26.4611],[-97.465,26.4597],[-97.4638,26.4595],[-97.4638,26.4608],[-97.4649,26.4609],[-97.4623,26.4647],[-97.462,26.4658],[-97.461,26.4656],[-97.4601,26.4646],[-97.4598,26.4667],[-97.4602,26.4681],[-97.459,26.4701],[-97.4602,26.4697],[-97.4612,26.4702],[-97.462,26.4694],[-97.4638,26.4702],[-97.4647,26.4715],[-97.4627,26.4718],[-97.4626,26.4726],[-97.4606,26.4729],[-97.4561,26.472],[-97.4548,26.4726],[-97.4547,26.4736],[-97.4576,26.4742],[-97.4566,26.4749],[-97.4545,26.475],[-97.4563,26.4757],[-97.458,26.4748],[-97.4588,26.4749],[-97.4629,26.4733],[-97.4673,26.4698],[-97.4739,26.4595],[-97.4749,26.456],[-97.4757,26.4565],[-97.4769,26.4581],[-97.4775,26.4582],[-97.4768,26.4559],[-97.4758,26.4543],[-97.474,26.4553],[-97.4724,26.4537],[-97.4725,26.4506],[-97.472,26.4504],[-97.4715,26.4508],[-97.4712,26.4523],[-97.4701,26.4508],[-97.4709,26.4496],[-97.4717,26.4498],[-97.4723,26.4494],[-97.4728,26.4499],[-97.4731,26.4494],[-97.4722,26.4475],[-97.4709,26.4488],[-97.469,26.4487],[-97.4687,26.4491],[-97.4693,26.45],[-97.4686,26.451],[-97.4653,26.451],[-97.4659,26.4504],[-97.465,26.4502],[-97.4664,26.4495],[-97.4673,26.4497],[-97.4673,26.4481],[-97.4663,26.448],[-97.4655,26.4486],[-97.4654,26.4493],[-97.4639,26.4497],[-97.4628,26.4509],[-97.4625,26.4519],[-97.4609,26.4526],[-97.4588,26.4527],[-97.4574,26.4533],[-97.458,26.4497],[-97.4593,26.4492],[-97.4605,26.4499],[-97.459,26.4511],[-97.4593,26.4521],[-97.4599,26.4519],[-97.4601,26.4513],[-97.4615,26.4508],[-97.4618,26.4495],[-97.4631,26.4484],[-97.4616,26.4474],[-97.4605,26.4486],[-97.4595,26.4483],[-97.4586,26.4486],[-97.4573,26.4461],[-97.4577,26.4451],[-97.4583,26.4446],[-97.4564,26.4446],[-97.455,26.4452],[-97.4552,26.444],[-97.4541,26.4435],[-97.4521,26.4438],[-97.4516,26.445],[-97.4514,26.4471],[-97.4502,26.4467],[-97.4497,26.4464],[-97.4498,26.4476],[-97.4506,26.4486],[-97.45,26.4487],[-97.4487,26.4471],[-97.4475,26.4472],[-97.4466,26.4503],[-97.4485,26.4515],[-97.4489,26.4526],[-97.4484,26.4531],[-97.4475,26.4527],[-97.4489,26.4555],[-97.4493,26.4553],[-97.4491,26.4543],[-97.4503,26.454],[-97.4515,26.4544],[-97.4513,26.4552],[-97.4502,26.4563],[-97.446,26.4563],[-97.4452,26.4552],[-97.4463,26.4545],[-97.4472,26.4546],[-97.4474,26.4537],[-97.4459,26.4523],[-97.4461,26.4518],[-97.4437,26.4494],[-97.4432,26.4495],[-97.4429,26.451],[-97.4453,26.452],[-97.4424,26.4528],[-97.4414,26.4535],[-97.4419,26.455],[-97.4404,26.4541],[-97.4377,26.4498],[-97.4363,26.4488],[-97.4336,26.4482],[-97.4341,26.4479],[-97.4358,26.4481],[-97.4357,26.4477],[-97.4305,26.4471],[-97.4271,26.4478],[-97.4258,26.4462],[-97.4256,26.4447],[-97.4266,26.4421],[-97.4296,26.4421],[-97.4311,26.4437],[-97.433,26.4439],[-97.4341,26.4434],[-97.4359,26.4433],[-97.4377,26.4416],[-97.438,26.4378],[-97.4386,26.4371],[-97.4376,26.4369],[-97.4368,26.4371],[-97.4366,26.4362],[-97.4371,26.4353],[-97.4356,26.4351],[-97.4358,26.4358],[-97.4348,26.4361],[-97.4334,26.4357],[-97.4314,26.436],[-97.4309,26.4324],[-97.4317,26.4296],[-97.4301,26.4276],[-97.4262,26.4269],[-97.4232,26.4248],[-97.4221,26.4248],[-97.4212,26.4262],[-97.4223,26.4272],[-97.4225,26.4288],[-97.4217,26.4299],[-97.4191,26.4302],[-97.418,26.4307],[-97.4155,26.4299],[-97.4151,26.4283],[-97.4158,26.4265],[-97.4199,26.4218],[-97.4204,26.4223],[-97.4285,26.4228],[-97.4346,26.4221],[-97.437,26.423],[-97.4365,26.4238],[-97.4325,26.4251],[-97.4319,26.4256],[-97.4307,26.4252],[-97.4307,26.4262],[-97.433,26.4281],[-97.4338,26.4276],[-97.4344,26.4276],[-97.4333,26.427],[-97.4346,26.4257],[-97.4369,26.4245],[-97.4383,26.423],[-97.4406,26.4219],[-97.4435,26.4193],[-97.4439,26.4195],[-97.4429,26.4219],[-97.4442,26.4211],[-97.4456,26.4208],[-97.4456,26.4204],[-97.4445,26.4199],[-97.4452,26.4192],[-97.4471,26.4194],[-97.4454,26.4182],[-97.4494,26.4183],[-97.4492,26.4173],[-97.4479,26.4167],[-97.4467,26.4165],[-97.4461,26.4163],[-97.4447,26.4168],[-97.444,26.4166],[-97.4424,26.4168],[-97.4425,26.4175],[-97.4414,26.4174],[-97.4413,26.4165],[-97.4425,26.4149],[-97.4449,26.4149],[-97.4459,26.4153],[-97.4463,26.4149],[-97.4491,26.4148],[-97.4458,26.4113],[-97.4444,26.4114],[-97.4437,26.4109],[-97.4413,26.411],[-97.44,26.4116],[-97.4391,26.4108],[-97.4392,26.4097],[-97.4366,26.4083],[-97.4366,26.408],[-97.4408,26.407],[-97.4418,26.4079],[-97.4468,26.4103],[-97.4486,26.4097],[-97.4502,26.407],[-97.45,26.4053],[-97.4461,26.4031],[-97.4433,26.4029],[-97.4405,26.4044],[-97.4371,26.4053],[-97.4356,26.4038],[-97.4339,26.4036],[-97.4333,26.4047],[-97.4338,26.4065],[-97.4352,26.4082],[-97.4352,26.4085],[-97.4326,26.4096],[-97.4283,26.41],[-97.4258,26.4121],[-97.425,26.4146],[-97.4258,26.4168],[-97.4267,26.417],[-97.4264,26.4178],[-97.4244,26.4175],[-97.4209,26.4162],[-97.4198,26.4145],[-97.4217,26.4133],[-97.4209,26.4128],[-97.4189,26.4134],[-97.4154,26.4128],[-97.4119,26.4139],[-97.4109,26.4146],[-97.4109,26.4167],[-97.4114,26.4173],[-97.4138,26.4175],[-97.4125,26.4187],[-97.4113,26.4186],[-97.4101,26.4169],[-97.409,26.4102],[-97.4081,26.4091],[-97.4116,26.4076],[-97.4112,26.4072],[-97.4099,26.4073],[-97.4068,26.4087],[-97.3993,26.4101],[-97.3967,26.4117],[-97.3958,26.4132],[-97.3941,26.4143],[-97.3948,26.4172],[-97.3924,26.4171],[-97.3914,26.4158],[-97.3919,26.4127],[-97.3928,26.4111],[-97.3964,26.4072],[-97.3985,26.4068],[-97.4024,26.4069],[-97.4053,26.4053],[-97.4071,26.403],[-97.4137,26.4034],[-97.4147,26.4023],[-97.4152,26.3997],[-97.4143,26.3968],[-97.412,26.3952],[-97.4062,26.3962],[-97.4065,26.3974],[-97.4076,26.3976],[-97.405,26.3992],[-97.4056,26.4007],[-97.4067,26.4007],[-97.4057,26.4014],[-97.4043,26.3996],[-97.4054,26.3957],[-97.4077,26.3945],[-97.4115,26.3938],[-97.414,26.3909],[-97.4148,26.3889],[-97.4142,26.3851],[-97.4113,26.3803],[-97.411,26.3793],[-97.4099,26.3789],[-97.4088,26.379],[-97.412,26.3753],[-97.4116,26.3742],[-97.4112,26.3738],[-97.4085,26.3736],[-97.4072,26.3726],[-97.4062,26.3694],[-97.4047,26.3677],[-97.4031,26.3676],[-97.4014,26.3683],[-97.3993,26.3685],[-97.3992,26.3688],[-97.4001,26.3693],[-97.3988,26.3696],[-97.3977,26.3738],[-97.3965,26.3747],[-97.3964,26.3735],[-97.3956,26.3737],[-97.3963,26.3721],[-97.3963,26.3696],[-97.3966,26.3662],[-97.3953,26.3663],[-97.3938,26.3657],[-97.4011,26.3643],[-97.403,26.3634],[-97.4044,26.3615],[-97.409,26.3606],[-97.4123,26.3618],[-97.4114,26.3643],[-97.4079,26.3658],[-97.4071,26.3678],[-97.4083,26.3693],[-97.4089,26.3714],[-97.4103,26.3693],[-97.4104,26.3681],[-97.4117,26.3658],[-97.4136,26.3655],[-97.4143,26.3634],[-97.4171,26.3605],[-97.4147,26.3597],[-97.4121,26.3604],[-97.4107,26.3601],[-97.4112,26.359],[-97.4114,26.3579],[-97.4117,26.3581],[-97.4122,26.3582],[-97.4113,26.3573],[-97.4092,26.3585],[-97.4081,26.3588],[-97.4072,26.3594],[-97.407,26.3576],[-97.4096,26.3556],[-97.4102,26.3558],[-97.4093,26.3565],[-97.4098,26.3565],[-97.4127,26.3561],[-97.4141,26.3567],[-97.4148,26.3566],[-97.4159,26.3554],[-97.416,26.3545],[-97.4158,26.3542],[-97.4149,26.3538],[-97.414,26.3521],[-97.4148,26.3513],[-97.4142,26.3501],[-97.4136,26.3509],[-97.4118,26.3538],[-97.4105,26.3536],[-97.4089,26.3531],[-97.4077,26.3517],[-97.4063,26.3516],[-97.4061,26.3525],[-97.4073,26.3531],[-97.4066,26.3534],[-97.4064,26.3544],[-97.4053,26.3549],[-97.4055,26.3544],[-97.4049,26.3529],[-97.4031,26.3526],[-97.402,26.3538],[-97.4011,26.3542],[-97.3998,26.355],[-97.3999,26.3561],[-97.3995,26.3574],[-97.3993,26.3587],[-97.3979,26.3587],[-97.3956,26.359],[-97.393,26.3609],[-97.39,26.3618],[-97.3901,26.363],[-97.3895,26.3636],[-97.3882,26.3623],[-97.3875,26.3595],[-97.3883,26.3561],[-97.3898,26.3575],[-97.3905,26.3572],[-97.391,26.3511],[-97.3919,26.3507],[-97.3905,26.3501],[-97.3904,26.3496],[-97.3868,26.3501],[-97.3845,26.3499],[-97.3786,26.3507],[-97.3767,26.3488],[-97.3744,26.3481],[-97.3695,26.3478],[-97.3681,26.3489],[-97.366,26.3497],[-97.3639,26.3495],[-97.3619,26.3511],[-97.3601,26.3527],[-97.3586,26.3547],[-97.3575,26.356],[-97.3572,26.3546],[-97.3562,26.3551],[-97.3551,26.3555],[-97.3533,26.356],[-97.3515,26.3564],[-97.3488,26.3574],[-97.3498,26.3549],[-97.3492,26.3551],[-97.3511,26.3528],[-97.354,26.3525],[-97.3554,26.3517],[-97.3547,26.3509],[-97.353,26.3505],[-97.353,26.3487],[-97.3535,26.3484],[-97.3537,26.3481],[-97.3549,26.3492],[-97.3573,26.3489],[-97.3615,26.3463],[-97.3659,26.3445],[-97.3672,26.3419],[-97.3679,26.3413],[-97.3675,26.3406],[-97.3663,26.3403],[-97.3655,26.3385],[-97.3664,26.338],[-97.3655,26.3378],[-97.3642,26.3372],[-97.364,26.3362],[-97.3656,26.3358],[-97.3683,26.3365],[-97.3687,26.335],[-97.3679,26.3354],[-97.3668,26.3345],[-97.3645,26.3339],[-97.3641,26.3335],[-97.3632,26.3336],[-97.3636,26.3338],[-97.3634,26.3343],[-97.3612,26.3341],[-97.3613,26.335],[-97.3609,26.3358],[-97.36,26.3358],[-97.3585,26.3369],[-97.3575,26.3373],[-97.357,26.3353],[-97.3537,26.3329],[-97.3547,26.3293],[-97.3569,26.3275],[-97.3593,26.3269],[-97.3582,26.326],[-97.3586,26.3254],[-97.3581,26.3239],[-97.357,26.3237],[-97.3568,26.3242],[-97.3562,26.3241],[-97.3556,26.3239],[-97.3544,26.3254],[-97.3545,26.3189],[-97.3522,26.3191],[-97.3504,26.3212],[-97.3501,26.3236],[-97.3486,26.3267],[-97.3469,26.3286],[-97.3414,26.3311],[-97.3406,26.3323],[-97.3387,26.3363],[-97.3387,26.3366],[-97.3389,26.3372],[-97.34,26.3364],[-97.3415,26.336],[-97.3431,26.3384],[-97.3429,26.3406],[-97.3424,26.344],[-97.3423,26.3451],[-97.3433,26.3477],[-97.3419,26.3495],[-97.3408,26.3499],[-97.3399,26.3512],[-97.3385,26.3511],[-97.336,26.3516],[-97.3351,26.351],[-97.3347,26.3512],[-97.3317,26.353],[-97.3312,26.3515],[-97.3332,26.3442],[-97.3344,26.3359],[-97.334,26.3341],[-97.3344,26.3323],[-97.336,26.3321],[-97.3409,26.3272],[-97.3438,26.326],[-97.345,26.3248],[-97.3504,26.3185],[-97.3517,26.3188],[-97.3543,26.3185],[-97.3549,26.3148],[-97.3542,26.3124],[-97.3525,26.3119],[-97.3495,26.3113],[-97.3484,26.3121],[-97.3476,26.3106],[-97.3475,26.3039],[-97.3477,26.2918],[-97.3494,26.2887],[-97.3462,26.287],[-97.3438,26.2838],[-97.343,26.2816],[-97.3434,26.2759],[-97.3449,26.2715],[-97.3446,26.2701],[-97.345,26.2682],[-97.3444,26.2669],[-97.3461,26.2652],[-97.346,26.2642],[-97.3447,26.263],[-97.3443,26.2638],[-97.3441,26.2648],[-97.3428,26.2656],[-97.3397,26.2654],[-97.3389,26.2659],[-97.3339,26.2653],[-97.3326,26.2643],[-97.3316,26.2649],[-97.331,26.2656],[-97.3294,26.2655],[-97.3294,26.2667],[-97.3294,26.2673],[-97.3242,26.271],[-97.3226,26.2716],[-97.3215,26.2712],[-97.3194,26.2699],[-97.3153,26.2707],[-97.3131,26.273],[-97.3136,26.271],[-97.313,26.2697],[-97.3126,26.2681],[-97.3131,26.2682],[-97.3143,26.2685],[-97.3178,26.2653],[-97.3188,26.2636],[-97.3215,26.2623],[-97.3206,26.2635],[-97.3213,26.2656],[-97.3243,26.2645],[-97.3283,26.2592],[-97.3308,26.2549],[-97.3331,26.2534],[-97.3339,26.2534],[-97.3337,26.2525],[-97.3319,26.2516],[-97.331,26.2509],[-97.328,26.2451],[-97.3237,26.2453],[-97.3209,26.2477],[-97.3205,26.2475],[-97.3159,26.2484],[-97.314,26.2502],[-97.3145,26.2521],[-97.3134,26.2532],[-97.3092,26.2527],[-97.3039,26.2549],[-97.3029,26.2561],[-97.3005,26.2569],[-97.2974,26.2583],[-97.2946,26.2591],[-97.2946,26.2586],[-97.2974,26.2555],[-97.3074,26.2494],[-97.3091,26.2496],[-97.3088,26.2511],[-97.3106,26.2518],[-97.3125,26.2515],[-97.3141,26.2479],[-97.3132,26.2483],[-97.314,26.2469],[-97.3156,26.2462],[-97.3157,26.247],[-97.3181,26.2473],[-97.3209,26.2464],[-97.3228,26.2442],[-97.3246,26.2443],[-97.3278,26.2438],[-97.3294,26.2426],[-97.3283,26.2416],[-97.3257,26.2421],[-97.3229,26.2428],[-97.3208,26.2421],[-97.3173,26.2419],[-97.3156,26.2428],[-97.3127,26.2427],[-97.3124,26.2414],[-97.3089,26.2405],[-97.3087,26.2425],[-97.3082,26.2431],[-97.307,26.2441],[-97.306,26.2425],[-97.3067,26.2404],[-97.3081,26.2394],[-97.3091,26.2398],[-97.3114,26.2406],[-97.3127,26.2406],[-97.3152,26.2395],[-97.3191,26.2401],[-97.3267,26.238],[-97.3296,26.2372],[-97.3319,26.2342],[-97.3326,26.2337],[-97.3346,26.2335],[-97.3345,26.2332],[-97.3349,26.2328],[-97.3349,26.232],[-97.3333,26.2321],[-97.333,26.2317],[-97.3322,26.2316],[-97.3321,26.2318],[-97.3313,26.2314],[-97.3312,26.2296],[-97.3312,26.2293],[-97.3314,26.2291],[-97.331,26.2286],[-97.3305,26.2277],[-97.3299,26.2278],[-97.3276,26.227],[-97.3278,26.226],[-97.3289,26.2253],[-97.332,26.2254],[-97.3334,26.2254],[-97.3346,26.2234],[-97.3344,26.2215],[-97.334,26.2202],[-97.3352,26.2178],[-97.3351,26.2166],[-97.3351,26.2162],[-97.3348,26.2163],[-97.3337,26.2155],[-97.3336,26.2151],[-97.3332,26.2144],[-97.3328,26.2143],[-97.3328,26.2146],[-97.3322,26.2151],[-97.3327,26.2163],[-97.3325,26.2177],[-97.332,26.2206],[-97.3295,26.2213],[-97.3269,26.2211],[-97.3264,26.2218],[-97.3261,26.2218],[-97.3261,26.2221],[-97.325,26.2226],[-97.3271,26.2226],[-97.3275,26.2232],[-97.3267,26.2242],[-97.3257,26.2237],[-97.3247,26.2237],[-97.3245,26.224],[-97.3236,26.2229],[-97.322,26.223],[-97.3218,26.2229],[-97.3209,26.2238],[-97.321,26.2286],[-97.3178,26.2235],[-97.3175,26.222],[-97.3161,26.2201],[-97.3156,26.2183],[-97.3148,26.2186],[-97.3148,26.2196],[-97.3126,26.2186],[-97.3116,26.2137],[-97.3088,26.2098],[-97.3051,26.2043],[-97.3041,26.2023],[-97.3004,26.2016],[-97.2999,26.2006],[-97.2983,26.2015],[-97.2991,26.2043],[-97.2991,26.2049],[-97.2985,26.2049],[-97.2965,26.2016],[-97.2952,26.1959],[-97.2948,26.1923],[-97.2952,26.1904],[-97.2948,26.1851],[-97.296,26.1779],[-97.2981,26.1759],[-97.3035,26.1718],[-97.304,26.1721],[-97.304,26.173],[-97.3045,26.174],[-97.3051,26.1745],[-97.3049,26.1749],[-97.3015,26.176],[-97.3003,26.1775],[-97.3035,26.1771],[-97.3073,26.1747],[-97.3074,26.1738],[-97.3047,26.1731],[-97.3037,26.1717],[-97.3043,26.1653],[-97.302,26.1648],[-97.2996,26.1634],[-97.299,26.1618],[-97.3011,26.1616],[-97.302,26.1621],[-97.3019,26.1612],[-97.3024,26.1602],[-97.3035,26.161],[-97.3063,26.1593],[-97.3084,26.159],[-97.3082,26.158],[-97.3065,26.1574],[-97.3061,26.1566],[-97.3049,26.1568],[-97.3045,26.1558],[-97.3061,26.1559],[-97.3076,26.1546],[-97.3055,26.1543],[-97.3034,26.1532],[-97.3026,26.1532],[-97.3035,26.1528],[-97.3045,26.1529],[-97.3055,26.1523],[-97.3036,26.1516],[-97.3029,26.1518],[-97.3019,26.1509],[-97.2989,26.151],[-97.2953,26.1531],[-97.2939,26.1525],[-97.2953,26.1504],[-97.2972,26.1491],[-97.297,26.1458],[-97.2946,26.1399],[-97.2929,26.1375],[-97.2912,26.1363],[-97.2895,26.1331],[-97.2853,26.1281],[-97.2845,26.1245],[-97.2832,26.1211],[-97.2832,26.117],[-97.2846,26.1168],[-97.2855,26.1169],[-97.2874,26.1175],[-97.2897,26.1185],[-97.2891,26.1191],[-97.2855,26.1194],[-97.2844,26.121],[-97.2876,26.1213],[-97.2937,26.1244],[-97.2928,26.1257],[-97.2914,26.1265],[-97.2912,26.1271],[-97.2933,26.1288],[-97.2933,26.1296],[-97.2945,26.1304],[-97.2975,26.1317],[-97.2962,26.1308],[-97.2942,26.1288],[-97.2956,26.1267],[-97.2986,26.1248],[-97.3068,26.1236],[-97.3075,26.1241],[-97.3059,26.1251],[-97.3065,26.1265],[-97.3063,26.128],[-97.3078,26.1286],[-97.3084,26.1268],[-97.3111,26.1239],[-97.3119,26.1215],[-97.3108,26.1184],[-97.3086,26.1188],[-97.3038,26.1182],[-97.3015,26.1164],[-97.2999,26.1196],[-97.2973,26.1194],[-97.2965,26.1181],[-97.2965,26.115],[-97.2954,26.1116],[-97.2959,26.1083],[-97.2954,26.1065],[-97.2912,26.1045],[-97.2902,26.1036],[-97.287,26.1005],[-97.286,26.0979],[-97.283,26.0956],[-97.2818,26.0933],[-97.2712,26.0869],[-97.2638,26.0841],[-97.2512,26.081],[-97.2471,26.08],[-97.231,26.0787],[-97.2218,26.0786],[-97.2215,26.0791],[-97.2211,26.0787],[-97.2193,26.0786],[-97.2096,26.079],[-97.2088,26.0787],[-97.2064,26.0788],[-97.2043,26.0768],[-97.202,26.0767],[-97.2,26.076],[-97.2,26.0741],[-97.2006,26.0739],[-97.2014,26.0747],[-97.2013,26.0739],[-97.2003,26.0736],[-97.2005,26.0721],[-97.2023,26.071],[-97.2079,26.0675],[-97.2077,26.0671],[-97.2095,26.0644],[-97.2104,26.0623],[-97.2113,26.0616],[-97.2123,26.0628],[-97.2145,26.0626],[-97.2157,26.0617],[-97.2139,26.0585],[-97.2131,26.0559],[-97.2108,26.0532],[-97.2086,26.0488],[-97.2086,26.0445],[-97.2103,26.0413],[-97.2221,26.0351],[-97.2238,26.0363],[-97.2238,26.0383],[-97.2214,26.0405],[-97.2191,26.0434],[-97.2192,26.0453],[-97.2221,26.0468],[-97.2216,26.0487],[-97.2209,26.0491],[-97.2212,26.0504],[-97.2227,26.0503],[-97.2234,26.0523],[-97.2244,26.0534],[-97.2251,26.0554],[-97.224,26.0562],[-97.2234,26.0573],[-97.2255,26.058],[-97.2258,26.0588],[-97.227,26.0596],[-97.2298,26.0615],[-97.2309,26.0642],[-97.2304,26.0676],[-97.2305,26.07],[-97.2315,26.0695],[-97.2321,26.0661],[-97.2332,26.0655],[-97.2354,26.0671],[-97.2439,26.0704],[-97.2441,26.0709],[-97.2427,26.0714],[-97.2403,26.0724],[-97.2401,26.0732],[-97.2439,26.0731],[-97.2458,26.0711],[-97.2502,26.0696],[-97.2501,26.0718],[-97.2511,26.0704],[-97.2549,26.0693],[-97.2598,26.0683],[-97.2672,26.0622],[-97.2688,26.0598],[-97.2683,26.0537],[-97.2645,26.0485],[-97.2615,26.047],[-97.2587,26.0467],[-97.2516,26.0483],[-97.2484,26.0502],[-97.2479,26.0516],[-97.2473,26.0527],[-97.2468,26.0522],[-97.2472,26.0541],[-97.2458,26.0558],[-97.2457,26.0569],[-97.2473,26.0613],[-97.248,26.0646],[-97.2474,26.0674],[-97.2458,26.0681],[-97.2414,26.0679],[-97.2374,26.0662],[-97.2361,26.0652],[-97.2363,26.0604],[-97.2354,26.0562],[-97.2368,26.0557],[-97.239,26.0524],[-97.2384,26.0523],[-97.2359,26.0502],[-97.2349,26.0481],[-97.2331,26.0473],[-97.2321,26.048],[-97.2326,26.0482],[-97.2308,26.0485],[-97.2262,26.0467],[-97.2252,26.0433],[-97.2283,26.0365],[-97.2301,26.0352],[-97.2354,26.036],[-97.2368,26.0375],[-97.235,26.0394],[-97.2353,26.04],[-97.2361,26.0392],[-97.2376,26.0377],[-97.2405,26.0376],[-97.2397,26.0352],[-97.2412,26.0306],[-97.2371,26.0304],[-97.2361,26.0331],[-97.2345,26.034],[-97.2311,26.0344],[-97.2276,26.0332],[-97.2278,26.0323],[-97.2471,26.0233],[-97.2504,26.0223],[-97.2496,26.0189],[-97.251,26.0181],[-97.2517,26.0164],[-97.2522,26.0146],[-97.253,26.0141],[-97.2539,26.013],[-97.2541,26.012],[-97.255,26.0103],[-97.2559,26.0088],[-97.2557,26.0079],[-97.256,26.0075],[-97.2566,26.0073],[-97.2557,26.0071],[-97.2544,26.0065],[-97.2546,26.0051],[-97.2552,26.0046],[-97.2557,26.0035],[-97.2563,26.0034],[-97.257,26.0025],[-97.2574,26.002],[-97.2573,25.9993],[-97.2577,25.996],[-97.2537,25.9973],[-97.2524,25.999],[-97.2528,26.0001],[-97.2529,26.0008],[-97.2526,26.0006],[-97.2522,26.0014],[-97.2497,26.0028],[-97.2471,26.0049],[-97.2428,26.0069],[-97.2419,26.0055],[-97.2451,26.0036],[-97.2465,26.0019],[-97.2463,25.9987],[-97.2452,25.9979],[-97.2447,25.9964],[-97.2434,25.9964],[-97.2416,25.9979],[-97.2393,26.0015],[-97.2395,26.0032],[-97.2368,26.0033],[-97.2332,26.0035],[-97.2316,26.0103],[-97.2324,26.0142],[-97.2314,26.0168],[-97.2262,26.0148],[-97.2256,26.0125],[-97.2263,26.0107],[-97.2281,26.0114],[-97.2279,26.0127],[-97.2292,26.0124],[-97.2309,26.0102],[-97.2316,26.0064],[-97.2314,26.0015],[-97.2327,25.9981],[-97.2349,25.9965],[-97.234,25.9936],[-97.2324,25.9936],[-97.2313,25.9942],[-97.2282,25.9944],[-97.2256,25.9972],[-97.2245,26.0003],[-97.2228,26.0012],[-97.2207,26.003],[-97.2197,26.0027],[-97.2196,25.9989],[-97.2191,25.9949],[-97.2175,25.9936],[-97.2137,25.992],[-97.2108,25.9903],[-97.2076,25.9918],[-97.2088,25.9928],[-97.2089,25.9936],[-97.2078,25.9939],[-97.2079,25.995],[-97.2067,25.9968],[-97.206,25.9969],[-97.2049,25.9981],[-97.1924,25.9951],[-97.1885,25.995],[-97.182,25.999],[-97.1818,25.9988],[-97.1797,25.9996],[-97.1743,26.0003],[-97.1693,26.0056],[-97.166,26.0077],[-97.1629,26.0078],[-97.1596,26.0051],[-97.1575,26.0015],[-97.1577,26.0008],[-97.1582,26.0004],[-97.1548,25.9991],[-97.153,26.0001],[-97.1544,26.0023],[-97.1546,26.005],[-97.1562,26.0085],[-97.1587,26.0121],[-97.158,26.0133],[-97.1538,26.014],[-97.1537,26.0162],[-97.1558,26.0189],[-97.1559,26.0203],[-97.1569,26.0227],[-97.1545,26.0227],[-97.1575,26.0245],[-97.1574,26.0272],[-97.1576,26.0284],[-97.1566,26.0304],[-97.1577,26.0295],[-97.1584,26.0273],[-97.1593,26.0269],[-97.16,26.0276],[-97.158,26.0325],[-97.1569,26.0326],[-97.1564,26.0333],[-97.1574,26.0341],[-97.1569,26.0351],[-97.1586,26.0331],[-97.1604,26.0321],[-97.1617,26.0321],[-97.1626,26.0316],[-97.1633,26.0321],[-97.1592,26.0362],[-97.1582,26.0381],[-97.1589,26.043],[-97.1585,26.0481],[-97.1575,26.0488],[-97.1565,26.0482],[-97.1567,26.0489],[-97.1607,26.0498],[-97.1626,26.0508],[-97.163,26.0506],[-97.1633,26.0517],[-97.1628,26.0523],[-97.1606,26.0507],[-97.16,26.0511],[-97.162,26.0529],[-97.1615,26.0536],[-97.1639,26.0539],[-97.1647,26.0552],[-97.1637,26.055],[-97.1624,26.0558],[-97.1624,26.0563],[-97.1646,26.057],[-97.1653,26.0579],[-97.1661,26.0578],[-97.1666,26.056],[-97.1681,26.0556],[-97.1686,26.0545],[-97.1696,26.0537],[-97.1719,26.0546],[-97.1718,26.056],[-97.1723,26.0573],[-97.1685,26.06],[-97.1652,26.0605],[-97.1625,26.0577],[-97.1611,26.0568],[-97.1597,26.0581],[-97.1565,26.0603],[-97.1551,26.0605],[-97.1554,26.0584],[-97.1541,26.0574],[-97.1532,26.0265],[-97.1539,26.0188],[-97.1521,26.0148],[-97.1507,26.0109],[-97.1495,26.0007],[-97.1497,25.9984],[-97.1493,25.9955],[-97.1456,25.976],[-97.1456,25.9718],[-97.1459,25.9711],[-97.147,25.9705],[-97.1463,25.9626],[-97.1467,25.9594],[-97.146,25.9568],[-97.1478,25.9531],[-97.1505,25.9515],[-97.1566,25.949],[-97.1589,25.9491],[-97.1603,25.9502],[-97.1605,25.951],[-97.1586,25.9576],[-97.1587,25.9625],[-97.1603,25.963],[-97.1628,25.9612],[-97.167,25.9602],[-97.1702,25.9613],[-97.175,25.9651],[-97.1772,25.9653],[-97.1789,25.9645],[-97.1786,25.9628],[-97.1786,25.9615],[-97.1797,25.9607],[-97.1866,25.9588],[-97.1882,25.9573],[-97.1884,25.9543],[-97.1896,25.9538],[-97.1944,25.9556],[-97.1968,25.9575],[-97.2016,25.9585],[-97.2049,25.9581],[-97.2064,25.9591],[-97.2069,25.9609],[-97.208,25.9636],[-97.21,25.9635],[-97.2142,25.9603],[-97.2201,25.9577],[-97.2233,25.9574],[-97.2262,25.9588],[-97.2292,25.9588],[-97.233,25.9567],[-97.2399,25.955],[-97.2436,25.9528],[-97.2457,25.9494],[-97.247,25.9482],[-97.2536,25.9484],[-97.2576,25.9501],[-97.2609,25.9509],[-97.2767,25.9521],[-97.2786,25.9534],[-97.2812,25.9568],[-97.2833,25.9592],[-97.2844,25.9592],[-97.2855,25.9586],[-97.2897,25.9547],[-97.2884,25.9524],[-97.2847,25.9495],[-97.2784,25.9471],[-97.2775,25.9462],[-97.2778,25.9455],[-97.2807,25.9449],[-97.281,25.9435],[-97.2776,25.9397],[-97.2768,25.9365],[-97.2772,25.9354],[-97.2781,25.935],[-97.2894,25.9364],[-97.2937,25.9356],[-97.2958,25.9341],[-97.2982,25.9339],[-97.2999,25.9366],[-97.3014,25.9372],[-97.3036,25.9367],[-97.3046,25.9352],[-97.305,25.9286],[-97.3069,25.927],[-97.3097,25.9264],[-97.3109,25.9269],[-97.3127,25.9295],[-97.314,25.9311],[-97.3168,25.9317],[-97.3206,25.9298],[-97.3224,25.9279],[-97.3249,25.924],[-97.3248,25.9189],[-97.326,25.9177],[-97.3305,25.918],[-97.3312,25.9186],[-97.3325,25.9249],[-97.3336,25.9261],[-97.3341,25.9257],[-97.335,25.9212],[-97.3366,25.9202],[-97.3378,25.9207],[-97.3384,25.9216],[-97.3367,25.9286],[-97.337,25.9295],[-97.3381,25.9298],[-97.3407,25.9292],[-97.3442,25.9294],[-97.3474,25.9312],[-97.3489,25.9308],[-97.3504,25.9252],[-97.3524,25.9225],[-97.3554,25.9194],[-97.3623,25.9157],[-97.3641,25.9154],[-97.3656,25.9158],[-97.3676,25.9157],[-97.3688,25.9149],[-97.3693,25.9138],[-97.3684,25.9096],[-97.3691,25.9091],[-97.3737,25.9084],[-97.3744,25.9074],[-97.374,25.9061],[-97.3724,25.905],[-97.366,25.9024],[-97.3657,25.9011],[-97.3669,25.8951],[-97.3668,25.8926],[-97.3655,25.8905],[-97.3634,25.8897],[-97.361,25.8899],[-97.3596,25.8896],[-97.3572,25.8886],[-97.3571,25.8875],[-97.3587,25.8863],[-97.3635,25.8859],[-97.3667,25.8851],[-97.3721,25.8821],[-97.3734,25.8807],[-97.3737,25.8797],[-97.3733,25.8785],[-97.3629,25.878],[-97.36,25.8796],[-97.3588,25.8788],[-97.3589,25.8754],[-97.3582,25.8703],[-97.3568,25.8679],[-97.3572,25.8667],[-97.3583,25.8662],[-97.3596,25.8668],[-97.36,25.8685],[-97.3606,25.8693],[-97.3614,25.8692],[-97.3632,25.8676],[-97.364,25.866],[-97.3661,25.8635],[-97.3686,25.8593],[-97.3713,25.8574],[-97.3753,25.8566],[-97.3762,25.856],[-97.3761,25.8542],[-97.3678,25.854],[-97.3666,25.8536],[-97.3646,25.8521],[-97.364,25.8503],[-97.3654,25.8498],[-97.3676,25.8507],[-97.3696,25.8503],[-97.372,25.8474],[-97.3719,25.8417],[-97.3729,25.8401],[-97.3753,25.8403],[-97.3793,25.84],[-97.3825,25.8401],[-97.3862,25.8436],[-97.3876,25.8437],[-97.3888,25.8409],[-97.391,25.8386],[-97.3945,25.8374],[-97.3997,25.8392],[-97.4033,25.8384],[-97.4057,25.8382],[-97.4067,25.8393],[-97.4059,25.8404],[-97.4018,25.8409],[-97.4002,25.8428],[-97.4004,25.8461],[-97.399,25.8508],[-97.4001,25.8517],[-97.4022,25.8517],[-97.4043,25.85],[-97.4055,25.8461],[-97.4064,25.8451],[-97.4086,25.8461],[-97.4103,25.85],[-97.4082,25.8544],[-97.4087,25.858],[-97.4083,25.861],[-97.4093,25.8618],[-97.4113,25.8613],[-97.4133,25.8576],[-97.4136,25.8539],[-97.4141,25.8472],[-97.4124,25.8421],[-97.4135,25.841],[-97.4167,25.8414],[-97.4226,25.8404],[-97.4268,25.8413],[-97.4337,25.8478],[-97.4364,25.8497],[-97.4389,25.8485],[-97.4431,25.8484],[-97.4447,25.8496],[-97.4457,25.8518],[-97.4444,25.8542],[-97.4447,25.8557],[-97.447,25.8564],[-97.4529,25.8537],[-97.4537,25.8539],[-97.4535,25.8557],[-97.4514,25.8591],[-97.4499,25.8591],[-97.4484,25.8593],[-97.4479,25.8626],[-97.4457,25.8651],[-97.4447,25.8674],[-97.4458,25.8696],[-97.448,25.8714],[-97.4498,25.8715],[-97.4517,25.8691],[-97.4535,25.8674],[-97.4559,25.8674],[-97.4571,25.8689],[-97.4549,25.8788],[-97.4549,25.8821],[-97.4558,25.8836],[-97.4585,25.8835],[-97.4641,25.8815],[-97.4689,25.8759],[-97.4708,25.8754],[-97.4736,25.8762],[-97.4745,25.8779],[-97.474,25.8801],[-97.469,25.8831],[-97.4678,25.8857],[-97.4683,25.8881],[-97.4695,25.8884],[-97.471,25.888],[-97.4732,25.8863],[-97.4818,25.88],[-97.4861,25.8788],[-97.4874,25.8793],[-97.4876,25.8803],[-97.4863,25.8834],[-97.4872,25.8852],[-97.4889,25.8855],[-97.4904,25.8834],[-97.4931,25.8806],[-97.4951,25.8797],[-97.4969,25.8801],[-97.4977,25.8824],[-97.4974,25.8894],[-97.4965,25.8926],[-97.4974,25.8987],[-97.4981,25.899],[-97.4996,25.8981],[-97.5057,25.8913],[-97.5112,25.8875],[-97.5172,25.887],[-97.5204,25.8858],[-97.5218,25.8865],[-97.5233,25.8899],[-97.523,25.8947],[-97.5243,25.899],[-97.5279,25.9033],[-97.5286,25.9062],[-97.5297,25.9073],[-97.5329,25.9076],[-97.5338,25.9089],[-97.5336,25.9111],[-97.5333,25.9129],[-97.5301,25.9173],[-97.5303,25.9197],[-97.5316,25.9205],[-97.536,25.9201],[-97.541,25.9192],[-97.543,25.92],[-97.5425,25.9224],[-97.5375,25.9274],[-97.537,25.9296],[-97.5378,25.9306],[-97.5391,25.9296],[-97.542,25.9242],[-97.5437,25.9232],[-97.5452,25.924],[-97.5456,25.9283],[-97.5456,25.9322],[-97.5468,25.9345],[-97.5513,25.9367],[-97.5549,25.9372],[-97.5569,25.9361],[-97.5594,25.9315],[-97.5594,25.9323],[-97.5829,25.9379],[-97.5809,25.9394],[-97.5709,25.9439],[-97.5685,25.944],[-97.5668,25.9449],[-97.566,25.9462],[-97.5663,25.9486],[-97.5685,25.9527],[-97.5693,25.9531],[-97.5741,25.9537],[-97.5747,25.9528],[-97.5731,25.9486],[-97.5733,25.9456],[-97.5745,25.9438],[-97.5782,25.942],[-97.5795,25.9432],[-97.5806,25.9459],[-97.5812,25.9509],[-97.5826,25.9537],[-97.583,25.957],[-97.5818,25.9613],[-97.5824,25.9625],[-97.5844,25.9621],[-97.5877,25.9614],[-97.5927,25.9617],[-97.5957,25.9606],[-97.5984,25.9573],[-97.6006,25.9567],[-97.6026,25.9577],[-97.6052,25.9618],[-97.6099,25.9653],[-97.6106,25.9668],[-97.6081,25.9713],[-97.6078,25.9753],[-97.6087,25.9769],[-97.6108,25.9777],[-97.6151,25.9783],[-97.6179,25.9802],[-97.6202,25.985],[-97.6205,25.9883],[-97.6233,25.9893],[-97.6253,25.9892],[-97.6265,25.988],[-97.6281,25.988],[-97.6289,25.9911],[-97.6281,25.9936],[-97.627,25.9947],[-97.6249,25.9943],[-97.6229,25.9919],[-97.6207,25.992],[-97.6188,25.9948],[-97.6175,26.0004],[-97.6183,26.0021],[-97.6195,26.0027],[-97.6229,25.9977],[-97.6253,25.9966],[-97.6272,25.9967],[-97.6283,25.9984],[-97.6267,26.0037],[-97.6273,26.0058],[-97.629,26.0059],[-97.6309,26.0046],[-97.6342,25.9996],[-97.6356,25.9998],[-97.6422,26.0052],[-97.6468,26.0076],[-97.6494,26.0109],[-97.6493,26.0122],[-97.6465,26.0126],[-97.6418,26.0119],[-97.6389,26.013],[-97.6372,26.0151],[-97.6371,26.0185],[-97.6387,26.0223],[-97.6431,26.0264],[-97.6455,26.0275],[-97.649,26.0249],[-97.6504,26.0232],[-97.651,26.0199],[-97.6507,26.0168],[-97.6517,26.016],[-97.6533,26.0166],[-97.6563,26.0191],[-97.6598,26.0199],[-97.667,26.0189],[-97.6683,26.0198],[-97.6677,26.0237],[-97.6658,26.0261],[-97.6619,26.0293],[-97.6608,26.0317],[-97.6612,26.0345],[-97.663,26.0378],[-97.6642,26.0368],[-97.6648,26.0314],[-97.6662,26.0299],[-97.6676,26.0293],[-97.6698,26.0302],[-97.6705,26.0319],[-97.6705,26.033],[-97.6719,26.034],[-97.6745,26.0329],[-97.6761,26.0307],[-97.6754,26.0288],[-97.6743,26.0279],[-97.6745,26.0266],[-97.6765,26.0258],[-97.6836,26.0263],[-97.6884,26.028],[-97.6929,26.0322],[-97.6939,26.0313],[-97.6942,26.0291],[-97.6925,26.0245],[-97.6906,26.0225],[-97.6905,26.0206],[-97.692,26.0194],[-97.6932,26.0192],[-97.6966,26.0232],[-97.6977,26.0251],[-97.6975,26.0309],[-97.6994,26.0312],[-97.7013,26.0312],[-97.7033,26.0327],[-97.7047,26.0357],[-97.7067,26.0374],[-97.708,26.0372],[-97.7093,26.0347],[-97.7096,26.0267],[-97.7107,26.0258],[-97.7163,26.0247],[-97.7196,26.0234],[-97.7212,26.0237],[-97.7209,26.0253],[-97.7188,26.0282],[-97.719,26.0298],[-97.7204,26.0311],[-97.725,26.0309],[-97.7308,26.0312],[-97.7345,26.0315],[-97.7368,26.0303],[-97.7348,26.0286],[-97.7351,26.0284],[-97.7326,26.0273],[-97.7285,26.0281],[-97.7258,26.0269],[-97.7254,26.0244],[-97.7265,26.0227],[-97.7317,26.0233],[-97.7362,26.0215],[-97.738,26.0218],[-97.738,26.0239],[-97.7362,26.0268],[-97.7363,26.0282],[-97.7385,26.0289],[-97.7443,26.029],[-97.7474,26.0266],[-97.7486,26.0268],[-97.7494,26.0289],[-97.7498,26.0306],[-97.7516,26.0315],[-97.7541,26.0308],[-97.7594,26.0264],[-97.761,26.0259],[-97.7634,26.0268],[-97.7641,26.0286],[-97.7627,26.041],[-97.7642,26.0441],[-97.7651,26.0449],[-97.7659,26.0457],[-97.769,26.0475],[-97.7754,26.0453],[-97.7768,26.044],[-97.7767,26.0415],[-97.7755,26.0396],[-97.7719,26.0379],[-97.7697,26.0364],[-97.7698,26.0352],[-97.773,26.0343],[-97.7754,26.0324],[-97.7765,26.0302],[-97.7775,26.0295],[-97.7789,26.0296],[-97.7806,26.0325],[-97.7831,26.0341],[-97.7903,26.0334],[-97.7937,26.0351],[-97.7977,26.0402],[-97.7977,26.0426],[-97.7959,26.0454],[-97.7933,26.0474],[-97.7905,26.0472],[-97.7892,26.0481],[-97.789,26.0497],[-97.7904,26.0516],[-97.7929,26.0529],[-97.7982,26.0528],[-97.7996,26.054],[-97.8001,26.0579],[-97.8013,26.06],[-97.8031,26.0601],[-97.8096,26.0571],[-97.8116,26.0543],[-97.8125,26.0507],[-97.8117,26.0458],[-97.8132,26.0449],[-97.8149,26.045],[-97.8166,26.0465],[-97.8151,26.0517],[-97.8156,26.0547],[-97.8172,26.0561],[-97.8197,26.0565],[-97.8248,26.0559],[-97.8264,26.055],[-97.8293,26.0498],[-97.8336,26.0468],[-97.8355,26.0469],[-97.836,26.0483],[-97.8366,26.0517],[-97.8383,26.0528],[-97.8428,26.0534],[-97.8496,26.0521],[-97.8573,26.0533],[-97.8601,26.0528],[-97.8611,26.0537],[-97.8619,26.0613],[-97.8598,26.065],[-97.8594,26.0666],[-97.8606,26.0689],[-97.8619,26.0698],[-97.8638,26.0684],[-97.8669,26.0607],[-97.8688,26.0579],[-97.8699,26.0573],[-97.8712,26.0581],[-97.8748,26.0631],[-97.8788,26.0653],[-97.8871,26.0663],[-97.8887,26.0649],[-97.8902,26.0615],[-97.8923,26.0603],[-97.8955,26.0605],[-97.8999,26.0612],[-97.9045,26.06],[-97.9106,26.0566],[-97.9129,26.0564],[-97.9193,26.058],[-97.9214,26.0578],[-97.9257,26.0555],[-97.9275,26.0555],[-97.9287,26.0573],[-97.9314,26.0634],[-97.9327,26.0648],[-97.9356,26.0643],[-97.9369,26.0627],[-97.9364,26.0606],[-97.9348,26.0587],[-97.9319,26.0562],[-97.9324,26.0543],[-97.9343,26.0528],[-97.9366,26.0528],[-97.9388,26.0543],[-97.9443,26.0596],[-97.9481,26.0614],[-97.9501,26.0618],[-97.9526,26.0617],[-97.957,26.0599],[-97.9585,26.0577],[-97.9655,26.0522],[-97.9674,26.0517],[-97.9694,26.0526],[-97.9751,26.0581],[-97.9777,26.0591],[-97.9793,26.0605],[-97.9802,26.0665],[-97.9813,26.0672],[-97.9873,26.0657],[-97.9877,26.0652],[-97.9893,26.0612],[-97.9905,26.059],[-97.9925,26.0586],[-97.9936,26.0592],[-97.9973,26.0641],[-98.0003,26.065],[-98.0035,26.0644],[-98.0074,26.0622],[-98.0107,26.0571],[-98.0123,26.0567],[-98.0122,26.0587],[-98.011,26.0609],[-98.011,26.0639],[-98.012,26.0658],[-98.0135,26.0662],[-98.015,26.065],[-98.0156,26.062],[-98.0173,26.0601],[-98.0207,26.0587],[-98.0223,26.0598],[-98.0242,26.0641],[-98.0265,26.0664],[-98.0278,26.0667],[-98.0301,26.0656],[-98.0321,26.0632],[-98.0341,26.0576],[-98.0344,26.0514],[-98.0355,26.0485],[-98.0375,26.0456],[-98.0386,26.0417],[-98.0398,26.0413],[-98.0433,26.0431],[-98.0462,26.0442],[-98.0547,26.0446],[-98.0598,26.0458],[-98.0631,26.0457],[-98.0654,26.0444],[-98.0701,26.0379],[-98.0715,26.037],[-98.0748,26.0364],[-98.0766,26.0367],[-98.0779,26.0376],[-98.0791,26.0409],[-98.0787,26.0422],[-98.0751,26.0426],[-98.0717,26.0445],[-98.07,26.048],[-98.07,26.0515],[-98.0712,26.0547],[-98.074,26.0581],[-98.0755,26.0613],[-98.0757,26.0648],[-98.0765,26.068],[-98.0791,26.0705],[-98.0805,26.0709],[-98.0848,26.0708],[-98.0858,26.0692],[-98.085,26.0678],[-98.0816,26.0661],[-98.0811,26.0649],[-98.0819,26.0637],[-98.0879,26.0605],[-98.093,26.0587],[-98.0962,26.0591],[-98.1038,26.0671],[-98.1055,26.0675],[-98.11,26.0661],[-98.116,26.0652],[-98.1218,26.0637],[-98.124,26.0624],[-98.127,26.0617],[-98.1292,26.0623],[-98.1308,26.0637],[-98.1312,26.0662],[-98.1287,26.0709],[-98.1287,26.0727],[-98.1306,26.0741],[-98.1338,26.0733],[-98.1355,26.072],[-98.1369,26.0695],[-98.1368,26.0662],[-98.1372,26.0617],[-98.1434,26.0512],[-98.1449,26.0497],[-98.1475,26.0496]]],[[[-97.2879,26.6004],[-97.2751,26.5654],[-97.2758,26.5648],[-97.3007,26.5638],[-97.3038,26.5647],[-97.3042,26.5651],[-97.3077,26.5647],[-97.3095,26.5656],[-97.3098,26.5679],[-97.3078,26.5691],[-97.306,26.5683],[-97.3053,26.5677],[-97.303,26.5687],[-97.302,26.5715],[-97.301,26.5715],[-97.3,26.5706],[-97.2961,26.57],[-97.296,26.5706],[-97.2966,26.5711],[-97.2965,26.5716],[-97.2978,26.5734],[-97.2972,26.5738],[-97.2979,26.5755],[-97.299,26.5763],[-97.2964,26.577],[-97.2947,26.5771],[-97.2952,26.5783],[-97.2964,26.5784],[-97.297,26.5798],[-97.2988,26.5811],[-97.2981,26.5816],[-97.2962,26.5818],[-97.2997,26.5833],[-97.3014,26.5836],[-97.3014,26.5842],[-97.299,26.5854],[-97.2974,26.5853],[-97.2974,26.5859],[-97.3012,26.5869],[-97.3039,26.5882],[-97.3019,26.5884],[-97.3028,26.5892],[-97.3024,26.5899],[-97.303,26.5901],[-97.3019,26.5905],[-97.3048,26.5924],[-97.3048,26.5932],[-97.3066,26.5965],[-97.3083,26.5975],[-97.307,26.5975],[-97.307,26.5977],[-97.3048,26.5984],[-97.308,26.5996],[-97.3078,26.6003],[-97.3002,26.6003],[-97.2985,26.599],[-97.2989,26.5976],[-97.2961,26.5969],[-97.2962,26.5958],[-97.298,26.5944],[-97.2968,26.5927],[-97.2967,26.5913],[-97.2926,26.5891],[-97.2919,26.5878],[-97.2903,26.591],[-97.2902,26.5918],[-97.2894,26.5913],[-97.2888,26.5882],[-97.2877,26.5857],[-97.2882,26.584],[-97.2879,26.5831],[-97.2902,26.5808],[-97.2901,26.5802],[-97.2909,26.5799],[-97.2921,26.5802],[-97.2915,26.5767],[-97.2911,26.576],[-97.2874,26.5776],[-97.2859,26.5769],[-97.2854,26.5752],[-97.286,26.5748],[-97.285,26.5735],[-97.2851,26.5721],[-97.2869,26.57],[-97.2834,26.5697],[-97.2817,26.5699],[-97.281,26.57],[-97.2823,26.5709],[-97.2828,26.5723],[-97.2821,26.5748],[-97.2811,26.5755],[-97.2821,26.5768],[-97.2842,26.5825],[-97.2844,26.5842],[-97.2852,26.5855],[-97.2863,26.5899],[-97.2874,26.5907],[-97.2885,26.5939],[-97.2891,26.5951],[-97.2881,26.5955],[-97.2897,26.596],[-97.2902,26.5983],[-97.2909,26.6003],[-97.2879,26.6004]]],[[[-97.1832,26.2043],[-97.1839,26.2054],[-97.1828,26.2068],[-97.1825,26.2113],[-97.1834,26.2132],[-97.1828,26.2138],[-97.183,26.2145],[-97.182,26.2161],[-97.1818,26.2191],[-97.1827,26.2203],[-97.1847,26.2208],[-97.1858,26.2216],[-97.1853,26.2227],[-97.1833,26.2244],[-97.1841,26.2247],[-97.1864,26.2233],[-97.1873,26.2235],[-97.1883,26.2246],[-97.1888,26.227],[-97.1875,26.2284],[-97.1859,26.2286],[-97.1849,26.2276],[-97.184,26.2274],[-97.1849,26.2304],[-97.1835,26.2311],[-97.1835,26.2322],[-97.1844,26.2323],[-97.1844,26.2331],[-97.1856,26.2336],[-97.188,26.2326],[-97.1895,26.2334],[-97.1894,26.2342],[-97.19,26.2348],[-97.1903,26.2358],[-97.1889,26.2364],[-97.1899,26.2371],[-97.1907,26.2385],[-97.1906,26.2395],[-97.1885,26.2402],[-97.1882,26.2415],[-97.186,26.242],[-97.1876,26.2425],[-97.188,26.2435],[-97.1893,26.2446],[-97.19,26.2435],[-97.1904,26.2438],[-97.1897,26.2461],[-97.1909,26.2474],[-97.1915,26.2498],[-97.1924,26.2508],[-97.1919,26.2529],[-97.1888,26.2562],[-97.1886,26.26],[-97.1901,26.2589],[-97.1904,26.2571],[-97.1917,26.256],[-97.1922,26.255],[-97.1933,26.255],[-97.1936,26.2559],[-97.1911,26.2595],[-97.1932,26.2597],[-97.1956,26.2623],[-97.1956,26.2648],[-97.1942,26.2655],[-97.1941,26.2664],[-97.1943,26.2707],[-97.1932,26.2711],[-97.1919,26.2723],[-97.1908,26.2728],[-97.1917,26.2777],[-97.1944,26.2767],[-97.1964,26.2771],[-97.1982,26.2791],[-97.1996,26.2832],[-97.1986,26.2833],[-97.1986,26.2837],[-97.1998,26.2843],[-97.2012,26.2863],[-97.2001,26.2889],[-97.201,26.2906],[-97.2007,26.2914],[-97.1991,26.2935],[-97.2006,26.2933],[-97.2,26.2939],[-97.1994,26.2951],[-97.2009,26.2948],[-97.2011,26.2964],[-97.2004,26.2974],[-97.2008,26.2973],[-97.2029,26.2949],[-97.2038,26.2948],[-97.204,26.2956],[-97.2027,26.2968],[-97.2022,26.2982],[-97.1981,26.3001],[-97.197,26.2989],[-97.1963,26.2986],[-97.1961,26.2996],[-97.1972,26.3021],[-97.1972,26.3085],[-97.198,26.3116],[-97.1992,26.3111],[-97.2002,26.3113],[-97.2007,26.3124],[-97.2017,26.3137],[-97.2035,26.3144],[-97.2037,26.316],[-97.2018,26.3161],[-97.2016,26.3172],[-97.1999,26.3179],[-97.1999,26.3195],[-97.2016,26.3232],[-97.2016,26.3246],[-97.2031,26.329],[-97.2043,26.3251],[-97.2061,26.324],[-97.2075,26.324],[-97.2089,26.3254],[-97.2088,26.3264],[-97.2098,26.3281],[-97.2053,26.3329],[-97.2039,26.3335],[-97.204,26.3345],[-97.2065,26.3335],[-97.2077,26.3318],[-97.2092,26.3313],[-97.2105,26.3346],[-97.2112,26.3343],[-97.212,26.3345],[-97.2121,26.3364],[-97.2101,26.3377],[-97.2098,26.3388],[-97.2089,26.3395],[-97.2083,26.3382],[-97.2075,26.338],[-97.2063,26.3392],[-97.2076,26.3394],[-97.2077,26.3416],[-97.2063,26.3414],[-97.2072,26.3464],[-97.2085,26.3461],[-97.2092,26.3464],[-97.2092,26.3475],[-97.208,26.3483],[-97.2083,26.3508],[-97.2096,26.3502],[-97.2106,26.3502],[-97.2118,26.3517],[-97.2117,26.3541],[-97.2142,26.3533],[-97.2148,26.3535],[-97.2133,26.3556],[-97.2109,26.3568],[-97.2104,26.3559],[-97.2098,26.3561],[-97.2106,26.3581],[-97.2134,26.3596],[-97.2116,26.3617],[-97.2121,26.3639],[-97.2129,26.3644],[-97.213,26.3654],[-97.2149,26.3656],[-97.2157,26.3671],[-97.2175,26.3686],[-97.2176,26.3691],[-97.2165,26.3695],[-97.2145,26.3685],[-97.2138,26.3688],[-97.2159,26.3703],[-97.2167,26.3719],[-97.216,26.3749],[-97.2174,26.3761],[-97.2162,26.3785],[-97.2168,26.3799],[-97.2167,26.3819],[-97.2179,26.378],[-97.219,26.3776],[-97.2196,26.3788],[-97.2181,26.3813],[-97.2182,26.3831],[-97.2175,26.3846],[-97.2182,26.3857],[-97.2175,26.3874],[-97.2182,26.3878],[-97.2191,26.3876],[-97.2212,26.3897],[-97.2236,26.391],[-97.2243,26.3922],[-97.2235,26.394],[-97.2222,26.3939],[-97.2216,26.3922],[-97.2209,26.3924],[-97.2217,26.3947],[-97.2226,26.3949],[-97.2232,26.3955],[-97.2226,26.3961],[-97.2218,26.398],[-97.2232,26.397],[-97.2245,26.3964],[-97.2246,26.3975],[-97.2251,26.3978],[-97.2265,26.3943],[-97.2269,26.3942],[-97.2273,26.3971],[-97.2282,26.3972],[-97.2303,26.396],[-97.2304,26.3985],[-97.2294,26.401],[-97.228,26.4026],[-97.2249,26.4042],[-97.2229,26.405],[-97.2233,26.4081],[-97.2244,26.4115],[-97.2255,26.4125],[-97.2259,26.4147],[-97.2269,26.4157],[-97.2281,26.4115],[-97.23,26.4099],[-97.2357,26.4096],[-97.2342,26.4057],[-97.2355,26.4041],[-97.2372,26.4049],[-97.2373,26.4068],[-97.2364,26.4074],[-97.2379,26.4081],[-97.238,26.407],[-97.2391,26.4054],[-97.2405,26.4061],[-97.2416,26.4081],[-97.2422,26.4115],[-97.2427,26.4153],[-97.2422,26.4183],[-97.2438,26.421],[-97.244,26.4229],[-97.2433,26.4265],[-97.2409,26.4295],[-97.2412,26.4312],[-97.2407,26.4331],[-97.238,26.4338],[-97.2377,26.4341],[-97.2378,26.4357],[-97.2341,26.4374],[-97.2321,26.4377],[-97.2352,26.4471],[-97.2355,26.4467],[-97.235,26.4447],[-97.2353,26.4412],[-97.2362,26.4409],[-97.2385,26.4417],[-97.2385,26.4401],[-97.2416,26.4377],[-97.2439,26.4382],[-97.2462,26.4409],[-97.2465,26.4462],[-97.245,26.4491],[-97.2458,26.4506],[-97.2452,26.4519],[-97.2422,26.452],[-97.2394,26.4512],[-97.239,26.4513],[-97.2393,26.4521],[-97.237,26.4524],[-97.2372,26.4536],[-97.2383,26.4571],[-97.239,26.4575],[-97.2388,26.4588],[-97.2396,26.4601],[-97.2397,26.4617],[-97.2406,26.4629],[-97.241,26.4654],[-97.2418,26.4661],[-97.2425,26.4655],[-97.2431,26.4654],[-97.2432,26.4627],[-97.2444,26.4606],[-97.2431,26.4572],[-97.2423,26.4553],[-97.2484,26.456],[-97.2485,26.4565],[-97.2472,26.457],[-97.2485,26.4617],[-97.2519,26.4628],[-97.2526,26.4651],[-97.2518,26.4659],[-97.2529,26.4671],[-97.2529,26.4695],[-97.2518,26.472],[-97.2523,26.474],[-97.2512,26.476],[-97.2516,26.4769],[-97.2485,26.4775],[-97.2478,26.4773],[-97.2481,26.4767],[-97.2493,26.4758],[-97.2473,26.4742],[-97.2473,26.476],[-97.2459,26.4747],[-97.2447,26.475],[-97.2443,26.4764],[-97.2451,26.4771],[-97.2456,26.4771],[-97.2449,26.4783],[-97.247,26.4838],[-97.2487,26.4854],[-97.2488,26.4835],[-97.2503,26.4818],[-97.2517,26.4813],[-97.2549,26.483],[-97.2596,26.4848],[-97.2591,26.4854],[-97.2582,26.4857],[-97.2593,26.487],[-97.2574,26.4875],[-97.2583,26.4884],[-97.2576,26.4891],[-97.2618,26.4902],[-97.2648,26.4902],[-97.2661,26.4909],[-97.2637,26.4918],[-97.2601,26.4904],[-97.2605,26.4913],[-97.2597,26.4918],[-97.2622,26.4927],[-97.2614,26.4931],[-97.2608,26.4953],[-97.2564,26.4968],[-97.2548,26.4992],[-97.253,26.4995],[-97.2522,26.4985],[-97.2522,26.5003],[-97.2531,26.501],[-97.255,26.5008],[-97.257,26.4987],[-97.2577,26.4988],[-97.2579,26.4995],[-97.2619,26.4997],[-97.2602,26.4982],[-97.2622,26.4981],[-97.2642,26.5007],[-97.2619,26.5014],[-97.2616,26.5026],[-97.261,26.5029],[-97.2607,26.505],[-97.2583,26.5062],[-97.2569,26.5054],[-97.2574,26.5066],[-97.2559,26.5075],[-97.2545,26.5065],[-97.2559,26.509],[-97.2563,26.5099],[-97.257,26.509],[-97.2584,26.5091],[-97.2591,26.5086],[-97.2598,26.5086],[-97.2605,26.5081],[-97.2626,26.5098],[-97.2613,26.5106],[-97.2595,26.5102],[-97.2593,26.511],[-97.2602,26.511],[-97.2628,26.5131],[-97.2633,26.5143],[-97.2641,26.5154],[-97.2636,26.5183],[-97.2611,26.5208],[-97.2594,26.5208],[-97.2602,26.5221],[-97.2628,26.5219],[-97.2637,26.5223],[-97.2642,26.5236],[-97.2642,26.5252],[-97.265,26.526],[-97.2649,26.5281],[-97.2662,26.5298],[-97.2672,26.5332],[-97.2666,26.5351],[-97.2652,26.5354],[-97.2645,26.5351],[-97.2651,26.5364],[-97.2676,26.5361],[-97.2683,26.5363],[-97.2696,26.5354],[-97.2713,26.5376],[-97.2715,26.5392],[-97.2733,26.5401],[-97.2722,26.541],[-97.2704,26.5402],[-97.2686,26.5391],[-97.268,26.5395],[-97.269,26.541],[-97.2711,26.5428],[-97.2714,26.5435],[-97.2729,26.5437],[-97.2721,26.5449],[-97.2719,26.546],[-97.2726,26.5465],[-97.2713,26.5469],[-97.2724,26.5473],[-97.2712,26.5479],[-97.2704,26.5488],[-97.2692,26.5482],[-97.2703,26.5494],[-97.272,26.5489],[-97.2732,26.5512],[-97.2739,26.5554],[-97.2753,26.5554],[-97.2756,26.5542],[-97.2768,26.5557],[-97.2747,26.5591],[-97.2756,26.5591],[-97.2761,26.5598],[-97.2773,26.5579],[-97.2795,26.5575],[-97.2807,26.5577],[-97.2826,26.5573],[-97.2839,26.5575],[-97.2831,26.5561],[-97.2785,26.5552],[-97.2771,26.5546],[-97.2769,26.5534],[-97.274,26.5516],[-97.2743,26.5511],[-97.2764,26.5513],[-97.2759,26.5479],[-97.2773,26.5465],[-97.279,26.5468],[-97.2812,26.5487],[-97.2831,26.5514],[-97.2836,26.5507],[-97.2841,26.5496],[-97.2853,26.5498],[-97.2873,26.5515],[-97.2893,26.552],[-97.2881,26.5502],[-97.2866,26.5491],[-97.2871,26.5472],[-97.2856,26.5454],[-97.2832,26.5451],[-97.2827,26.5441],[-97.2832,26.543],[-97.2827,26.5407],[-97.2828,26.5377],[-97.2813,26.5362],[-97.2819,26.5354],[-97.2836,26.5348],[-97.284,26.5323],[-97.2863,26.531],[-97.2856,26.5279],[-97.284,26.5251],[-97.2842,26.5245],[-97.286,26.5243],[-97.2903,26.526],[-97.2926,26.5282],[-97.2938,26.533],[-97.2976,26.5381],[-97.3005,26.5416],[-97.3013,26.5428],[-97.3024,26.5436],[-97.306,26.5511],[-97.3092,26.5546],[-97.3105,26.5572],[-97.3151,26.5576],[-97.3168,26.5571],[-97.3255,26.5578],[-97.326,26.5569],[-97.3271,26.5568],[-97.3302,26.5586],[-97.3314,26.5612],[-97.3265,26.561],[-97.3251,26.5586],[-97.3255,26.5581],[-97.3241,26.5581],[-97.3243,26.559],[-97.3233,26.558],[-97.3234,26.5587],[-97.3255,26.5611],[-97.3043,26.5622],[-97.2829,26.5629],[-97.2811,26.5627],[-97.2797,26.5632],[-97.2762,26.563],[-97.2754,26.5624],[-97.2697,26.5626],[-97.2694,26.554],[-97.2638,26.5363],[-97.2563,26.5145],[-97.2428,26.4742],[-97.2256,26.4194],[-97.2235,26.4115],[-97.2189,26.3956],[-97.2118,26.3697],[-97.2056,26.3456],[-97.1956,26.3097],[-97.1889,26.2797],[-97.1864,26.2699],[-97.1838,26.2556],[-97.1805,26.2348],[-97.1778,26.2198],[-97.1772,26.2143],[-97.1733,26.1923],[-97.1731,26.1867],[-97.1712,26.1722],[-97.1701,26.1649],[-97.169,26.151],[-97.1645,26.111],[-97.1622,26.0923],[-97.1599,26.0819],[-97.1554,26.069],[-97.156,26.0684],[-97.1596,26.0697],[-97.1606,26.0697],[-97.1614,26.0682],[-97.1631,26.0676],[-97.1641,26.0704],[-97.1671,26.0727],[-97.1656,26.0737],[-97.1663,26.0757],[-97.1648,26.0755],[-97.1651,26.0761],[-97.1671,26.0764],[-97.1696,26.0773],[-97.1698,26.0781],[-97.1691,26.0793],[-97.1667,26.0802],[-97.1659,26.0817],[-97.1663,26.0867],[-97.1657,26.087],[-97.1662,26.0886],[-97.1659,26.0924],[-97.1668,26.0954],[-97.1684,26.0956],[-97.1688,26.0966],[-97.168,26.0967],[-97.1689,26.0969],[-97.1694,26.098],[-97.1693,26.1015],[-97.1714,26.1069],[-97.1718,26.1096],[-97.1725,26.1116],[-97.1735,26.1163],[-97.1717,26.1179],[-97.1724,26.1225],[-97.1747,26.1258],[-97.1745,26.1282],[-97.175,26.1302],[-97.1766,26.1324],[-97.176,26.1326],[-97.1741,26.1315],[-97.1719,26.1315],[-97.1721,26.1369],[-97.1734,26.1403],[-97.1729,26.1425],[-97.1725,26.1458],[-97.1709,26.1469],[-97.1711,26.1479],[-97.1726,26.1475],[-97.1717,26.1484],[-97.1713,26.1497],[-97.1725,26.1493],[-97.1723,26.1514],[-97.1733,26.1508],[-97.1735,26.1513],[-97.1745,26.1538],[-97.1756,26.154],[-97.1747,26.1555],[-97.173,26.1565],[-97.1731,26.1581],[-97.1753,26.1584],[-97.1759,26.1577],[-97.1768,26.1575],[-97.1786,26.1584],[-97.1754,26.1592],[-97.1741,26.1604],[-97.1745,26.1631],[-97.1731,26.1636],[-97.174,26.1647],[-97.1744,26.1669],[-97.1765,26.1681],[-97.1771,26.1689],[-97.1756,26.1723],[-97.179,26.1697],[-97.1801,26.1701],[-97.1809,26.1733],[-97.1805,26.1743],[-97.1781,26.1734],[-97.1773,26.1756],[-97.1786,26.1752],[-97.1788,26.1759],[-97.1787,26.1773],[-97.1775,26.1781],[-97.1755,26.1775],[-97.1757,26.1789],[-97.1774,26.1788],[-97.1785,26.1801],[-97.1782,26.1801],[-97.1762,26.1791],[-97.1775,26.1806],[-97.1776,26.1826],[-97.1762,26.1839],[-97.1759,26.1848],[-97.1764,26.1854],[-97.1773,26.1849],[-97.1796,26.184],[-97.1808,26.1851],[-97.1811,26.1867],[-97.1781,26.1892],[-97.178,26.1902],[-97.1794,26.1894],[-97.181,26.1901],[-97.181,26.1914],[-97.1807,26.1941],[-97.1796,26.1953],[-97.1822,26.1972],[-97.1798,26.1968],[-97.1804,26.1977],[-97.1805,26.1995],[-97.1822,26.1987],[-97.1837,26.2004],[-97.1833,26.2019],[-97.1819,26.2022],[-97.182,26.2038],[-97.1832,26.2043]]],[[[-97.2003,26.0474],[-97.2045,26.0479],[-97.2071,26.0498],[-97.21,26.0547],[-97.2106,26.058],[-97.2086,26.0636],[-97.2051,26.0675],[-97.1997,26.0715],[-97.1987,26.0702],[-97.1974,26.0696],[-97.1919,26.0714],[-97.1895,26.0713],[-97.1917,26.0696],[-97.1984,26.067],[-97.1979,26.0659],[-97.1972,26.0533],[-97.1964,26.0519],[-97.1939,26.052],[-97.2003,26.0474]]]]}},{"type":"Feature","properties":{"Dma":"Houston, TX","dma":"Houston, TX","name":"Houston, TX","dma_code":"618","dma_name_nielsen":"HOUSTON"},"geometry":{"type":"MultiPolygon","coordinates":[[[[-94.3542,29.5604],[-94.3708,29.5544],[-94.4994,29.5061],[-94.5002,29.5109],[-94.4892,29.5157],[-94.4882,29.523],[-94.4905,29.5224],[-94.4848,29.5271],[-94.4695,29.5472],[-94.4671,29.5478],[-94.4656,29.5534],[-94.4681,29.558],[-94.4697,29.5571],[-94.4744,29.5579],[-94.4944,29.55],[-94.498,29.5447],[-94.5233,29.5403],[-94.5247,29.5513],[-94.54,29.563],[-94.5417,29.5679],[-94.5457,29.5717],[-94.5526,29.5741],[-94.5698,29.572],[-94.5935,29.5613],[-94.626,29.5532],[-94.6363,29.5501],[-94.6548,29.5477],[-94.6858,29.5377],[-94.7046,29.538],[-94.7394,29.5265],[-94.7421,29.5267],[-94.7552,29.5246],[-94.7688,29.5254],[-94.7809,29.5311],[-94.7896,29.5464],[-94.7755,29.5455],[-94.7735,29.5432],[-94.7751,29.5433],[-94.7782,29.5425],[-94.7812,29.5442],[-94.7779,29.5417],[-94.7771,29.5426],[-94.772,29.5398],[-94.7629,29.5416],[-94.7626,29.5381],[-94.7651,29.536],[-94.7623,29.5378],[-94.7609,29.5428],[-94.7553,29.5467],[-94.7486,29.5553],[-94.749,29.5587],[-94.7519,29.5547],[-94.7533,29.5621],[-94.7366,29.5758],[-94.7143,29.612],[-94.7142,29.6152],[-94.7124,29.6165],[-94.7017,29.6406],[-94.7006,29.65],[-94.6961,29.6536],[-94.6913,29.6539],[-94.6914,29.6544],[-94.698,29.6539],[-94.6965,29.6816],[-94.6904,29.6924],[-94.6897,29.7099],[-94.6952,29.7315],[-94.6903,29.7443],[-94.6891,29.755],[-94.6909,29.7575],[-94.689,29.7628],[-94.6923,29.757],[-94.6924,29.7584],[-94.6962,29.7505],[-94.7002,29.7457],[-94.702,29.7463],[-94.7046,29.7436],[-94.7046,29.747],[-94.7005,29.7489],[-94.6961,29.7576],[-94.6966,29.7588],[-94.7024,29.7542],[-94.7072,29.7613],[-94.7147,29.7552],[-94.7157,29.7728],[-94.7183,29.7596],[-94.7245,29.7598],[-94.7283,29.7656],[-94.7249,29.7668],[-94.7218,29.7716],[-94.7246,29.7748],[-94.7304,29.7759],[-94.7257,29.7808],[-94.7269,29.7807],[-94.7245,29.787],[-94.722,29.7885],[-94.7308,29.7882],[-94.7319,29.786],[-94.7388,29.7861],[-94.7401,29.7884],[-94.7409,29.7871],[-94.7609,29.7789],[-94.7617,29.7771],[-94.7647,29.7782],[-94.7711,29.7734],[-94.7753,29.7732],[-94.7939,29.7664],[-94.7934,29.7649],[-94.8073,29.762],[-94.817,29.7565],[-94.8539,29.7178],[-94.8544,29.7138],[-94.865,29.6959],[-94.8673,29.6795],[-94.8723,29.672],[-94.8927,29.661],[-94.9082,29.6556],[-94.9232,29.658],[-94.926,29.6615],[-94.9217,29.6594],[-94.9221,29.6616],[-94.9192,29.6617],[-94.931,29.6709],[-94.9312,29.6721],[-94.9291,29.6725],[-94.9299,29.6737],[-94.9345,29.6798],[-94.9369,29.6792],[-94.9352,29.6917],[-94.9433,29.699],[-94.9658,29.7005],[-94.9726,29.6921],[-94.9748,29.6873],[-94.9806,29.6885],[-94.9787,29.6827],[-94.9769,29.6794],[-94.9797,29.6783],[-94.9857,29.6761],[-95.0067,29.6577],[-95.0161,29.6383],[-95.0132,29.6286],[-94.9972,29.6148],[-95.0247,29.6136],[-95.0271,29.6116],[-95.0248,29.611],[-95.0246,29.6087],[-95.0248,29.6079],[-95.0245,29.6078],[-95.024,29.6086],[-95.0197,29.6088],[-95.0171,29.607],[-95.0185,29.6115],[-94.9924,29.6121],[-94.988,29.6085],[-94.9827,29.6016],[-94.988,29.5945],[-95.006,29.5773],[-95.0192,29.5537],[-95.0217,29.5525],[-95.0169,29.5497],[-95.017,29.548],[-95.015,29.5401],[-95.0018,29.5254],[-94.9849,29.5139],[-94.9533,29.5057],[-94.9175,29.4973],[-94.9097,29.4968],[-94.9112,29.4922],[-94.9213,29.4782],[-94.9261,29.4681],[-94.9315,29.4684],[-94.9257,29.4714],[-94.927,29.4714],[-94.9283,29.4795],[-94.9321,29.4809],[-94.9362,29.4814],[-94.9453,29.4777],[-94.9544,29.4703],[-94.937,29.4555],[-94.932,29.4564],[-94.9345,29.4551],[-94.9288,29.452],[-94.9352,29.4491],[-94.9361,29.4432],[-94.9344,29.4391],[-94.9426,29.4307],[-94.9486,29.4291],[-94.9481,29.4299],[-94.9552,29.4262],[-94.9558,29.4245],[-94.9542,29.4232],[-94.9558,29.4223],[-94.9508,29.4174],[-94.9496,29.4198],[-94.9496,29.4208],[-94.9453,29.4197],[-94.9475,29.4149],[-94.9454,29.4134],[-94.9377,29.4168],[-94.9385,29.4204],[-94.9376,29.421],[-94.9394,29.4211],[-94.9265,29.4223],[-94.9164,29.4201],[-94.9132,29.418],[-94.9115,29.4224],[-94.9067,29.4206],[-94.8994,29.4261],[-94.9018,29.4283],[-94.9008,29.4285],[-94.9007,29.4311],[-94.9059,29.4327],[-94.9231,29.4325],[-94.919,29.4372],[-94.919,29.4435],[-94.9178,29.4454],[-94.9185,29.4454],[-94.9191,29.4449],[-94.923,29.4457],[-94.9211,29.4475],[-94.8919,29.4336],[-94.8881,29.4163],[-94.8889,29.4125],[-94.8859,29.3904],[-94.8818,29.3891],[-94.8793,29.3918],[-94.8795,29.3958],[-94.8784,29.392],[-94.8815,29.3888],[-94.8297,29.3728],[-94.8156,29.3672],[-94.8101,29.3658],[-94.81,29.3637],[-94.8288,29.3715],[-94.8862,29.3892],[-94.8897,29.3785],[-94.8939,29.3776],[-94.8911,29.3769],[-94.8936,29.3757],[-94.8897,29.3754],[-94.8898,29.3729],[-94.8933,29.3721],[-94.8908,29.3714],[-94.8897,29.3706],[-94.8926,29.3686],[-94.8907,29.3683],[-94.8924,29.3673],[-94.89,29.3667],[-94.8885,29.3639],[-94.8847,29.3692],[-94.8846,29.3768],[-94.8816,29.3791],[-94.8809,29.3769],[-94.8796,29.3747],[-94.8811,29.3685],[-94.8846,29.368],[-94.8884,29.3635],[-94.8905,29.3625],[-94.8904,29.3618],[-94.8906,29.3559],[-94.8919,29.3517],[-94.8922,29.3554],[-94.8942,29.3544],[-94.8964,29.3549],[-94.8941,29.3532],[-94.8942,29.3542],[-94.8919,29.3509],[-94.8961,29.3436],[-94.8964,29.3343],[-94.8982,29.3344],[-94.8966,29.3286],[-94.8926,29.3252],[-94.8932,29.313],[-94.895,29.3101],[-94.8984,29.3035],[-94.9002,29.3019],[-94.9023,29.3024],[-94.9032,29.3017],[-94.9019,29.3022],[-94.9013,29.3018],[-94.9038,29.3003],[-94.9075,29.3063],[-94.9086,29.309],[-94.9232,29.3112],[-94.9413,29.3152],[-94.942,29.3102],[-94.9501,29.2969],[-94.9617,29.2865],[-94.973,29.2821],[-94.9917,29.2661],[-94.9935,29.2664],[-94.991,29.2716],[-94.9864,29.2738],[-94.9869,29.2806],[-94.9872,29.2768],[-94.9906,29.2768],[-94.9931,29.2757],[-94.9937,29.276],[-94.9924,29.2767],[-94.9912,29.2784],[-94.994,29.2835],[-95.0076,29.2803],[-94.9977,29.2812],[-94.9958,29.2786],[-95.0044,29.2714],[-95.0046,29.2693],[-94.9978,29.2631],[-94.9944,29.2626],[-95.0142,29.2416],[-95.0266,29.2317],[-95.0368,29.2121],[-95.0573,29.2011],[-95.0745,29.192],[-95.0997,29.1759],[-95.1196,29.1734],[-95.1162,29.1778],[-95.1109,29.1784],[-95.1073,29.184],[-95.1133,29.196],[-95.1218,29.1972],[-95.1192,29.2006],[-95.1227,29.1974],[-95.1267,29.1957],[-95.1278,29.1977],[-95.1303,29.1982],[-95.1296,29.1975],[-95.1306,29.1969],[-95.1365,29.2015],[-95.1384,29.2011],[-95.1384,29.2004],[-95.1404,29.1988],[-95.1398,29.2012],[-95.1403,29.2024],[-95.1425,29.2027],[-95.1445,29.2053],[-95.1449,29.2059],[-95.1452,29.2054],[-95.1441,29.203],[-95.1443,29.2028],[-95.1404,29.202],[-95.1414,29.2007],[-95.1404,29.1982],[-95.1376,29.2009],[-95.1308,29.1965],[-95.1287,29.1975],[-95.1272,29.1964],[-95.1371,29.1902],[-95.136,29.1937],[-95.1498,29.1962],[-95.1511,29.2006],[-95.1502,29.2022],[-95.1512,29.2008],[-95.1581,29.203],[-95.1669,29.2006],[-95.1728,29.203],[-95.1741,29.2089],[-95.1887,29.2142],[-95.191,29.2132],[-95.1943,29.209],[-95.1954,29.2113],[-95.1993,29.2153],[-95.2019,29.2143],[-95.2022,29.2124],[-95.2043,29.2133],[-95.2035,29.2124],[-95.2066,29.2132],[-95.2075,29.2123],[-95.2079,29.2119],[-95.204,29.2104],[-95.2049,29.2103],[-95.2,29.2098],[-95.2005,29.2058],[-95.1992,29.2048],[-95.1952,29.207],[-95.1872,29.2021],[-95.1874,29.1992],[-95.1828,29.1894],[-95.1764,29.1887],[-95.1655,29.1932],[-95.1576,29.1959],[-95.1576,29.1879],[-95.1536,29.1876],[-95.1489,29.1844],[-95.1481,29.179],[-95.1524,29.1743],[-95.154,29.1525],[-95.1583,29.1476],[-95.1593,29.1369],[-95.1656,29.1254],[-95.166,29.1132],[-95.1598,29.103],[-95.1613,29.0992],[-95.1653,29.1013],[-95.1641,29.1022],[-95.1647,29.1025],[-95.1658,29.1012],[-95.1717,29.1033],[-95.1711,29.106],[-95.1711,29.111],[-95.1813,29.1119],[-95.1877,29.1098],[-95.1906,29.1051],[-95.1914,29.101],[-95.1996,29.0966],[-95.2022,29.0923],[-95.1962,29.09],[-95.1962,29.0849],[-95.1864,29.0778],[-95.1716,29.0803],[-95.1757,29.0771],[-95.18,29.0763],[-95.1976,29.0671],[-95.2091,29.0556],[-95.2191,29.0483],[-95.2236,29.0393],[-95.2229,29.0369],[-95.2172,29.0337],[-95.2169,29.031],[-95.2104,29.0293],[-95.2219,29.0158],[-95.2169,29.0156],[-95.2161,29.0185],[-95.2137,29.017],[-95.214,29.0197],[-95.2068,29.0171],[-95.1993,29.0242],[-95.201,29.0251],[-95.199,29.0258],[-95.2014,29.0295],[-95.2,29.0286],[-95.1973,29.0318],[-95.1862,29.039],[-95.184,29.0388],[-95.1797,29.0415],[-95.173,29.0436],[-95.1637,29.0505],[-95.1568,29.0662],[-95.1571,29.0702],[-95.1447,29.0577],[-95.1569,29.0703],[-95.1455,29.0664],[-95.1359,29.0711],[-95.1336,29.0809],[-95.1286,29.0794],[-95.1249,29.0796],[-95.1224,29.0771],[-95.1237,29.0693],[-95.2218,29.0019],[-95.2735,28.959],[-95.2949,28.9368],[-95.3055,28.931],[-95.3681,28.8852],[-95.376,28.8759],[-95.3812,28.8775],[-95.3841,28.8649],[-95.395,28.8647],[-95.4142,28.8603],[-95.4366,28.8591],[-95.44,28.8598],[-95.4474,28.8565],[-95.4512,28.8511],[-95.4668,28.8456],[-95.5069,28.8245],[-95.5973,28.7747],[-95.6963,28.7257],[-95.6971,28.7273],[-95.6941,28.7289],[-95.693,28.7278],[-95.6939,28.7318],[-95.6923,28.7321],[-95.6919,28.7288],[-95.6906,28.7287],[-95.6912,28.73],[-95.6869,28.737],[-95.6784,28.7398],[-95.6758,28.7428],[-95.6689,28.7465],[-95.6691,28.7477],[-95.6617,28.7473],[-95.6601,28.7473],[-95.6618,28.7463],[-95.6585,28.7462],[-95.6586,28.7475],[-95.6565,28.7509],[-95.6579,28.7554],[-95.655,28.7562],[-95.6525,28.7559],[-95.6561,28.7608],[-95.6528,28.7627],[-95.659,28.762],[-95.6628,28.7633],[-95.6694,28.7606],[-95.6722,28.7617],[-95.6705,28.759],[-95.7035,28.7459],[-95.7382,28.7362],[-95.7444,28.7363],[-95.745,28.7412],[-95.7469,28.743],[-95.7483,28.7476],[-95.7524,28.7484],[-95.762,28.7426],[-95.764,28.7438],[-95.7681,28.7449],[-95.7676,28.7457],[-95.7751,28.7459],[-95.7751,28.7484],[-95.7774,28.7494],[-95.7984,28.7456],[-95.843,28.7317],[-95.8422,28.7325],[-95.888,28.7168],[-95.8869,28.7144],[-95.8897,28.7134],[-95.8884,28.7112],[-95.8909,28.7103],[-95.8918,28.7128],[-95.9112,28.7053],[-95.9156,28.7028],[-95.9237,28.7018],[-95.9382,28.6933],[-95.9387,28.6905],[-95.9451,28.6847],[-95.9441,28.6819],[-95.9466,28.6808],[-95.9431,28.6783],[-95.9371,28.6752],[-95.9385,28.6723],[-95.9362,28.671],[-95.9404,28.6641],[-95.9391,28.6632],[-95.9436,28.6621],[-95.9426,28.6636],[-95.947,28.6639],[-95.9458,28.6629],[-95.9511,28.6634],[-95.9464,28.6588],[-95.9473,28.6575],[-95.9493,28.6593],[-95.9475,28.6566],[-95.9508,28.6575],[-95.9521,28.6596],[-95.9518,28.658],[-95.9547,28.6607],[-95.9508,28.6564],[-95.949,28.6557],[-95.951,28.6548],[-95.9538,28.6543],[-95.9545,28.6557],[-95.9543,28.6543],[-95.9565,28.6532],[-95.9545,28.6531],[-95.9611,28.6499],[-95.9557,28.6509],[-95.9532,28.6534],[-95.9523,28.651],[-95.9539,28.6489],[-95.9542,28.6479],[-95.9531,28.644],[-95.9565,28.6464],[-95.9644,28.6451],[-95.9569,28.6461],[-95.9515,28.6407],[-95.9531,28.6379],[-95.9552,28.6401],[-95.9588,28.6437],[-95.9643,28.6442],[-95.9586,28.6432],[-95.9552,28.6396],[-95.9573,28.6404],[-95.96,28.6399],[-95.9651,28.6414],[-95.9602,28.6394],[-95.9587,28.6377],[-95.9582,28.6356],[-95.9588,28.6354],[-95.9594,28.6371],[-95.9605,28.6373],[-95.9605,28.6371],[-95.9597,28.6368],[-95.9585,28.6341],[-95.9603,28.6296],[-95.9627,28.6302],[-95.9613,28.6323],[-95.9622,28.6364],[-95.9644,28.6378],[-95.9618,28.6338],[-95.9632,28.6311],[-95.9628,28.6298],[-95.9656,28.6303],[-95.9605,28.6277],[-95.962,28.6256],[-95.9396,28.6311],[-95.9335,28.6301],[-95.9323,28.6319],[-95.9245,28.6337],[-95.9252,28.6351],[-95.9275,28.6355],[-95.9225,28.6362],[-95.9185,28.6384],[-95.9153,28.6381],[-95.9161,28.6394],[-95.9083,28.6405],[-95.905,28.6388],[-95.9037,28.6373],[-95.9031,28.64],[-95.8997,28.6407],[-95.8984,28.6399],[-95.8958,28.6411],[-95.8919,28.6402],[-95.8965,28.6432],[-95.8896,28.6442],[-95.8883,28.6432],[-95.8893,28.6451],[-95.8868,28.6447],[-95.8899,28.6465],[-95.8809,28.6522],[-95.8808,28.6501],[-95.8744,28.65],[-95.8686,28.6503],[-95.8677,28.6485],[-95.8678,28.6505],[-95.8719,28.6554],[-95.8693,28.6574],[-95.8654,28.6556],[-95.8676,28.6586],[-95.8599,28.6605],[-95.8564,28.6602],[-95.8551,28.662],[-95.8512,28.6621],[-95.8512,28.6638],[-95.8538,28.664],[-95.851,28.6649],[-95.8473,28.6648],[-95.8464,28.6647],[-95.8463,28.6648],[-95.8473,28.6651],[-95.8437,28.6658],[-95.8406,28.6677],[-95.8339,28.667],[-95.8353,28.6683],[-95.8327,28.669],[-95.8359,28.671],[-95.8398,28.6712],[-95.835,28.6723],[-95.8372,28.6731],[-95.8285,28.6778],[-95.8244,28.6781],[-95.8276,28.6789],[-95.824,28.6799],[-95.8151,28.6845],[-95.8,28.6884],[-95.7983,28.6877],[-95.7928,28.6897],[-95.7946,28.6907],[-95.7882,28.6933],[-95.7907,28.6956],[-95.7803,28.6978],[-95.7745,28.6976],[-95.7761,28.6989],[-95.7715,28.6977],[-95.7682,28.6992],[-95.7694,28.7],[-95.7663,28.6988],[-95.7687,28.7007],[-95.7685,28.7034],[-95.7616,28.7013],[-95.7641,28.7045],[-95.7596,28.7032],[-95.7576,28.7026],[-95.7575,28.7028],[-95.7596,28.7038],[-95.7589,28.7062],[-95.7566,28.7058],[-95.7526,28.7097],[-95.7474,28.7098],[-95.7467,28.7083],[-95.747,28.7101],[-95.7395,28.715],[-95.7349,28.715],[-95.7362,28.7171],[-95.7246,28.7196],[-95.7244,28.7216],[-95.7126,28.7248],[-95.7081,28.7245],[-95.7045,28.7221],[-95.7046,28.7238],[-95.7028,28.7228],[-95.7004,28.7251],[-95.7001,28.726],[-95.6993,28.7249],[-95.6987,28.725],[-95.7018,28.7291],[-95.7014,28.7292],[-95.6984,28.7264],[-95.6984,28.7273],[-95.6967,28.7247],[-95.8125,28.6649],[-95.8635,28.642],[-95.9805,28.5954],[-95.9741,28.6161],[-95.9798,28.6185],[-95.9844,28.6242],[-95.9823,28.6247],[-95.9822,28.6238],[-95.9802,28.6269],[-95.9818,28.6265],[-95.9828,28.6307],[-95.9804,28.6313],[-95.9872,28.6338],[-95.9851,28.636],[-95.975,28.6365],[-95.9785,28.6375],[-95.9762,28.6395],[-95.975,28.6426],[-95.9788,28.6391],[-95.9824,28.6403],[-95.9838,28.6403],[-95.9865,28.6434],[-95.9839,28.6462],[-95.981,28.6507],[-95.9777,28.6501],[-95.9755,28.6504],[-95.9758,28.6507],[-95.9779,28.6508],[-95.979,28.6525],[-95.9755,28.6554],[-95.9714,28.6569],[-95.9714,28.6574],[-95.9741,28.6566],[-95.9868,28.655],[-95.9867,28.6578],[-95.9855,28.6584],[-95.9844,28.6587],[-95.9844,28.6588],[-95.9862,28.6587],[-95.9899,28.6538],[-95.9922,28.6541],[-95.9937,28.6605],[-95.9929,28.6633],[-95.9965,28.6569],[-95.9995,28.6545],[-96.0051,28.6575],[-96.0054,28.6527],[-96.0023,28.6516],[-96.003,28.6456],[-96.0089,28.646],[-96.0122,28.6448],[-96.0138,28.6436],[-96.0195,28.6479],[-96.0233,28.6479],[-96.0289,28.6533],[-96.0373,28.6516],[-96.039,28.6522],[-96.041,28.6485],[-96.0453,28.6498],[-96.0633,28.6415],[-96.074,28.6348],[-96.0891,28.6296],[-96.0998,28.624],[-96.13,28.6174],[-96.162,28.6049],[-96.1761,28.5954],[-96.1787,28.5957],[-96.2083,28.5826],[-96.2258,28.5784],[-96.2316,28.5808],[-96.2307,28.5854],[-96.2294,28.5855],[-96.2308,28.5816],[-96.2277,28.5795],[-96.2259,28.5847],[-96.2362,28.5993],[-96.2338,28.6025],[-96.2299,28.6029],[-96.2153,28.6115],[-96.212,28.6174],[-96.2155,28.6271],[-96.2225,28.6322],[-96.2269,28.6374],[-96.2379,28.6432],[-96.2313,28.6441],[-96.2141,28.6532],[-96.2104,28.6619],[-96.2168,28.6647],[-96.203,28.6766],[-96.2047,28.6741],[-96.1976,28.6791],[-96.2028,28.6778],[-96.1907,28.6894],[-96.191,28.6975],[-96.1815,28.7062],[-96.1836,28.7191],[-96.1901,28.7241],[-96.1848,28.7347],[-96.1788,28.7374],[-96.1799,28.7384],[-96.1784,28.7408],[-96.1701,28.7457],[-96.1681,28.7517],[-96.1707,28.7585],[-96.1717,28.7579],[-96.175,28.7568],[-96.1779,28.7599],[-96.1733,28.7625],[-96.1796,28.7612],[-96.1798,28.7571],[-96.177,28.7498],[-96.1923,28.745],[-96.1967,28.735],[-96.2052,28.7289],[-96.1998,28.7122],[-96.2045,28.712],[-96.2101,28.7076],[-96.2078,28.6973],[-96.2179,28.6986],[-96.2219,28.6963],[-96.2228,28.6979],[-96.2247,28.6977],[-96.2247,28.698],[-96.2224,28.6983],[-96.2217,28.6972],[-96.2213,28.6993],[-96.2252,28.6984],[-96.2263,28.7004],[-96.2273,28.6978],[-96.2285,28.7002],[-96.2282,28.696],[-96.2372,28.694],[-96.2484,28.6879],[-96.2761,28.6728],[-96.2849,28.6702],[-96.2821,28.6726],[-96.2811,28.6719],[-96.2815,28.6731],[-96.2807,28.6722],[-96.2809,28.6739],[-96.2798,28.6726],[-96.2799,28.6745],[-96.2789,28.6729],[-96.2792,28.6749],[-96.2778,28.6734],[-96.2784,28.675],[-96.2772,28.6738],[-96.2776,28.6753],[-96.2761,28.674],[-96.2766,28.6758],[-96.2752,28.6744],[-96.2754,28.6759],[-96.274,28.6746],[-96.2746,28.6762],[-96.2622,28.6813],[-96.2584,28.6888],[-96.2592,28.6965],[-96.2626,28.6994],[-96.2558,28.7006],[-96.2549,28.7047],[-96.2558,28.7065],[-96.2569,28.7107],[-96.2558,28.7192],[-96.2599,28.7195],[-96.2658,28.7161],[-96.2643,28.7217],[-96.2742,28.7208],[-96.2706,28.72],[-96.2652,28.7209],[-96.2691,28.7194],[-96.2691,28.7174],[-96.2643,28.7143],[-96.2613,28.7164],[-96.2607,28.7134],[-96.261,28.7059],[-96.2671,28.7002],[-96.2679,28.696],[-96.2625,28.6938],[-96.2774,28.6863],[-96.2875,28.6839],[-96.298,28.6773],[-96.305,28.669],[-96.3065,28.6549],[-96.3038,28.6461],[-96.3229,28.642],[-96.3403,28.6378],[-96.3455,28.6344],[-96.3472,28.6344],[-96.3499,28.6318],[-96.3551,28.6298],[-96.357,28.6281],[-96.3621,28.6258],[-96.3659,28.6284],[-96.3564,28.6349],[-96.3558,28.648],[-96.3613,28.6612],[-96.3732,28.665],[-96.3872,28.6651],[-96.3867,28.6684],[-96.3914,28.6746],[-96.3963,28.6809],[-96.3892,28.6898],[-96.3919,28.7019],[-96.3877,28.7025],[-96.3838,28.7082],[-96.3933,28.7097],[-96.3937,28.7113],[-96.3877,28.7151],[-96.3868,28.7233],[-96.3897,28.7293],[-96.3993,28.7382],[-96.4137,28.7331],[-96.4163,28.7307],[-96.4158,28.7247],[-96.4244,28.7193],[-96.4334,28.7179],[-96.428,28.729],[-96.4285,28.7327],[-96.4351,28.7318],[-96.4407,28.7194],[-96.438,28.717],[-96.4389,28.7148],[-96.435,28.7103],[-96.4285,28.7074],[-96.4184,28.7092],[-96.4138,28.7136],[-96.4096,28.7215],[-96.4061,28.7263],[-96.4064,28.7292],[-96.4049,28.7264],[-96.4079,28.7231],[-96.409,28.6942],[-96.4221,28.6847],[-96.4218,28.6759],[-96.4105,28.6696],[-96.4054,28.6658],[-96.4143,28.6574],[-96.4199,28.6464],[-96.4173,28.6408],[-96.4055,28.6347],[-96.4023,28.6353],[-96.3943,28.6337],[-96.3944,28.6311],[-96.3955,28.6319],[-96.3993,28.6271],[-96.3995,28.6192],[-96.3947,28.6149],[-96.3925,28.6181],[-96.3823,28.6201],[-96.3781,28.6225],[-96.3786,28.6253],[-96.3833,28.6265],[-96.3868,28.6309],[-96.3906,28.6314],[-96.385,28.6324],[-96.3815,28.631],[-96.3797,28.6284],[-96.3752,28.6274],[-96.3737,28.6256],[-96.3753,28.6248],[-96.3759,28.6209],[-96.3818,28.6171],[-96.3861,28.6161],[-96.4701,28.5744],[-96.4902,28.5693],[-96.485,28.5723],[-96.4824,28.5827],[-96.4837,28.5875],[-96.4822,28.5915],[-96.4781,28.597],[-96.4729,28.594],[-96.4721,28.5849],[-96.4612,28.5827],[-96.4592,28.5862],[-96.454,28.5845],[-96.4567,28.5873],[-96.4579,28.5871],[-96.4553,28.5878],[-96.4545,28.586],[-96.4419,28.594],[-96.4354,28.6028],[-96.4351,28.6073],[-96.4392,28.6113],[-96.4433,28.6195],[-96.4469,28.6238],[-96.4501,28.6246],[-96.4499,28.6307],[-96.4494,28.6323],[-96.4506,28.6338],[-96.4494,28.6339],[-96.4496,28.6387],[-96.4524,28.6356],[-96.4517,28.6364],[-96.4538,28.6368],[-96.4514,28.6388],[-96.4546,28.6365],[-96.4591,28.6366],[-96.4602,28.6467],[-96.4625,28.6503],[-96.4594,28.6544],[-96.4578,28.6607],[-96.462,28.6684],[-96.4677,28.6686],[-96.4687,28.6743],[-96.4725,28.6728],[-96.4639,28.6627],[-96.4638,28.6564],[-96.4669,28.6543],[-96.4646,28.6473],[-96.4685,28.6437],[-96.463,28.6388],[-96.4623,28.6354],[-96.4746,28.6256],[-96.4745,28.6238],[-96.4835,28.6109],[-96.4831,28.6065],[-96.4926,28.6134],[-96.5124,28.6157],[-96.4969,28.6248],[-96.4954,28.6276],[-96.4968,28.6319],[-96.5034,28.6381],[-96.5095,28.64],[-96.5086,28.6421],[-96.5109,28.6464],[-96.5097,28.6479],[-96.5112,28.653],[-96.5134,28.6545],[-96.5184,28.6499],[-96.5181,28.6463],[-96.5152,28.6434],[-96.5179,28.6403],[-96.5387,28.6449],[-96.5465,28.6442],[-96.548,28.6416],[-96.554,28.6397],[-96.5585,28.6355],[-96.5629,28.6348],[-96.5613,28.6382],[-96.5563,28.6414],[-96.5496,28.6418],[-96.5491,28.6449],[-96.5576,28.6454],[-96.5639,28.643],[-96.5618,28.6455],[-96.564,28.6451],[-96.5646,28.6454],[-96.5621,28.6466],[-96.5645,28.6486],[-96.5624,28.6498],[-96.5654,28.6558],[-96.5644,28.6557],[-96.5651,28.6577],[-96.568,28.6582],[-96.566,28.6595],[-96.5686,28.6627],[-96.5701,28.6612],[-96.5698,28.6641],[-96.5737,28.6661],[-96.5862,28.6575],[-96.5843,28.6602],[-96.5745,28.6692],[-96.5707,28.6702],[-96.5706,28.6732],[-96.5696,28.6723],[-96.5686,28.6742],[-96.5713,28.6746],[-96.5654,28.6778],[-96.5585,28.6901],[-96.5593,28.6928],[-96.5628,28.6975],[-96.5668,28.6997],[-96.5698,28.703],[-96.568,28.6938],[-96.5696,28.6926],[-96.5737,28.6931],[-96.5756,28.6978],[-96.5765,28.6975],[-96.58,28.6969],[-96.578,28.7056],[-96.5807,28.7165],[-96.5857,28.7251],[-96.5944,28.7246],[-96.5991,28.7224],[-96.601,28.7235],[-96.6015,28.7221],[-96.6441,28.7118],[-96.6459,28.712],[-96.6509,28.7166],[-96.6509,28.7208],[-96.6425,28.7171],[-96.6459,28.7208],[-96.6558,28.7234],[-96.6554,28.7198],[-96.6595,28.7198],[-96.6593,28.7241],[-96.6626,28.7322],[-96.6688,28.7363],[-96.6641,28.7405],[-96.6635,28.7447],[-96.6717,28.7511],[-96.6696,28.7596],[-96.672,28.7627],[-96.6851,28.7634],[-96.689,28.7661],[-96.6893,28.768],[-96.6853,28.7701],[-96.6851,28.7715],[-96.697,28.7736],[-96.6992,28.7785],[-96.6971,28.7791],[-96.6982,28.7863],[-96.6957,28.7902],[-96.6962,28.7971],[-96.7056,28.7955],[-96.7055,28.7982],[-96.7023,28.7971],[-96.7013,28.7978],[-96.7063,28.8033],[-96.706,28.8146],[-96.7168,28.816],[-96.723,28.8211],[-96.7154,28.8239],[-96.7188,28.8251],[-96.7194,28.8291],[-96.7124,28.83],[-96.716,28.8338],[-96.7167,28.837],[-96.7142,28.8419],[-96.7139,28.8448],[-96.7071,28.8458],[-96.7025,28.8508],[-96.7077,28.854],[-96.7101,28.8514],[-96.7147,28.8538],[-96.715,28.8588],[-96.7214,28.8614],[-96.7254,28.8691],[-96.7293,28.8705],[-96.7296,28.8738],[-96.7319,28.8753],[-96.7328,28.8875],[-96.7392,28.8938],[-96.7456,28.8907],[-96.7471,28.8967],[-96.7498,28.8949],[-96.754,28.8957],[-96.7625,28.8989],[-96.7615,28.9015],[-96.7633,28.9053],[-96.7724,28.9064],[-96.7734,28.9134],[-96.7757,28.9161],[-96.7815,28.9156],[-96.792,28.9193],[-96.7913,28.9234],[-96.7936,28.9255],[-96.794,28.9309],[-96.7993,28.9328],[-96.8017,28.9354],[-96.8006,28.9386],[-96.8039,28.9441],[-96.8049,28.953],[-96.8072,28.9547],[-96.8095,28.9643],[-96.8058,28.9722],[-96.8114,28.9749],[-96.8109,28.9808],[-96.8166,28.9855],[-96.815,28.9872],[-96.8175,28.991],[-96.816,28.9929],[-96.8195,28.995],[-96.822,28.9999],[-96.8269,29.0077],[-96.8259,29.0103],[-96.8323,29.0215],[-96.8351,29.021],[-96.8365,29.0238],[-96.9386,29.0632],[-96.8476,29.1297],[-96.6585,29.2639],[-96.6435,29.2739],[-96.5606,29.3354],[-96.5765,29.352],[-96.5764,29.3559],[-96.5861,29.3626],[-96.7062,29.4867],[-96.7086,29.4887],[-96.7096,29.49],[-96.793,29.5774],[-96.8329,29.5769],[-96.8396,29.5856],[-96.8363,29.5887],[-96.834,29.5959],[-96.8378,29.6008],[-96.8393,29.6049],[-96.8443,29.6092],[-96.8427,29.6143],[-96.8446,29.617],[-96.8492,29.6183],[-96.8478,29.6209],[-96.8593,29.6245],[-96.8592,29.6268],[-96.8654,29.6304],[-96.865,29.6327],[-96.8742,29.6326],[-96.8527,29.6541],[-96.8518,29.6568],[-96.8126,29.6957],[-96.7799,29.7286],[-96.7247,29.785],[-96.7243,29.7855],[-96.722,29.7876],[-96.5828,29.9468],[-96.5698,29.9615],[-96.5765,29.9721],[-96.5807,29.976],[-96.5833,29.9831],[-96.6174,30.037],[-96.6217,30.0445],[-96.624,30.0666],[-96.6263,30.0675],[-96.6308,30.0703],[-96.6343,30.0757],[-96.6326,30.084],[-96.6335,30.1064],[-96.6406,30.1204],[-96.6529,30.1303],[-96.6472,30.1451],[-96.6684,30.15],[-96.6834,30.1508],[-96.6871,30.1644],[-96.702,30.1578],[-96.7133,30.1463],[-96.7147,30.145],[-96.7196,30.1455],[-96.7327,30.1458],[-96.7362,30.1472],[-96.7411,30.1456],[-96.7666,30.1383],[-96.7732,30.1495],[-96.781,30.1519],[-96.7945,30.1605],[-96.742,30.1971],[-96.7401,30.2067],[-96.7417,30.2132],[-96.7432,30.2139],[-96.7439,30.2176],[-96.739,30.2221],[-96.7411,30.2239],[-96.742,30.2281],[-96.7384,30.2322],[-96.7371,30.2318],[-96.7372,30.2334],[-96.7362,30.2366],[-96.7341,30.2398],[-96.7332,30.2425],[-96.7315,30.2439],[-96.7265,30.2434],[-96.7253,30.2468],[-96.7223,30.2463],[-96.7211,30.2482],[-96.7184,30.2505],[-96.715,30.2501],[-96.7146,30.2509],[-96.7141,30.2476],[-96.7126,30.2478],[-96.71,30.2452],[-96.7046,30.2457],[-96.6993,30.2496],[-96.6942,30.25],[-96.6877,30.2476],[-96.684,30.2516],[-96.6852,30.2523],[-96.6837,30.2587],[-96.68,30.2594],[-96.6763,30.2667],[-96.6725,30.2669],[-96.6676,30.2769],[-96.6616,30.2793],[-96.6583,30.2877],[-96.6455,30.2919],[-96.6406,30.2967],[-96.6346,30.2982],[-96.6331,30.2999],[-96.6309,30.2993],[-96.6302,30.3009],[-96.6259,30.2982],[-96.6197,30.2998],[-96.6064,30.3024],[-96.6015,30.3085],[-96.5946,30.3079],[-96.5924,30.3063],[-96.5893,30.3085],[-96.5852,30.3081],[-96.5778,30.312],[-96.5735,30.3107],[-96.5679,30.3132],[-96.5694,30.3143],[-96.5679,30.3146],[-96.5694,30.3159],[-96.5607,30.3197],[-96.5623,30.3226],[-96.5583,30.3241],[-96.5563,30.3219],[-96.5535,30.3222],[-96.5514,30.3201],[-96.5488,30.3215],[-96.5445,30.3186],[-96.5416,30.3178],[-96.5421,30.3196],[-96.5395,30.3213],[-96.5359,30.3198],[-96.5258,30.3212],[-96.5247,30.3236],[-96.5231,30.3229],[-96.513,30.3259],[-96.5108,30.3217],[-96.4993,30.3238],[-96.4975,30.3228],[-96.4893,30.3361],[-96.4846,30.3378],[-96.483,30.3334],[-96.4754,30.3337],[-96.4693,30.3378],[-96.4634,30.3362],[-96.4612,30.3378],[-96.4566,30.3386],[-96.4577,30.3433],[-96.4544,30.3445],[-96.4497,30.3412],[-96.4257,30.3439],[-96.4227,30.343],[-96.4189,30.347],[-96.4196,30.3495],[-96.4179,30.3532],[-96.4128,30.3542],[-96.4136,30.3564],[-96.4102,30.3582],[-96.4068,30.3517],[-96.3844,30.3579],[-96.3782,30.3557],[-96.3773,30.3583],[-96.3748,30.358],[-96.3756,30.3629],[-96.3693,30.3629],[-96.3704,30.3643],[-96.3618,30.3677],[-96.3558,30.3733],[-96.3481,30.3689],[-96.341,30.3682],[-96.3342,30.3736],[-96.3303,30.373],[-96.3241,30.3791],[-96.3173,30.3791],[-96.3135,30.3841],[-96.3058,30.3817],[-96.3052,30.3831],[-96.2994,30.3801],[-96.299,30.3784],[-96.2944,30.3761],[-96.2884,30.3676],[-96.2835,30.3657],[-96.2772,30.3607],[-96.2687,30.3585],[-96.2623,30.3643],[-96.2635,30.3688],[-96.2628,30.3694],[-96.2525,30.3655],[-96.2451,30.369],[-96.2391,30.3689],[-96.2198,30.3766],[-96.2139,30.374],[-96.211,30.3747],[-96.2085,30.3781],[-96.1993,30.3833],[-96.1974,30.3977],[-96.1921,30.3978],[-96.1817,30.3949],[-96.1784,30.3957],[-96.1726,30.3871],[-96.1758,30.3778],[-96.1751,30.375],[-96.1697,30.374],[-96.162,30.3783],[-96.1503,30.3707],[-96.1511,30.3673],[-96.1548,30.364],[-96.1553,30.3617],[-96.1522,30.3528],[-96.1608,30.3415],[-96.1549,30.3307],[-96.1533,30.3345],[-96.145,30.3367],[-96.14,30.3413],[-96.1411,30.3426],[-96.1486,30.3447],[-96.149,30.3529],[-96.1426,30.3531],[-96.1425,30.3683],[-96.1456,30.3714],[-96.1452,30.3788],[-96.1473,30.3814],[-96.1448,30.3846],[-96.1374,30.3831],[-96.1347,30.3842],[-96.1308,30.3885],[-96.1261,30.3878],[-96.1214,30.384],[-96.12,30.3896],[-96.1207,30.3922],[-96.1169,30.3925],[-96.1175,30.3994],[-96.1123,30.3945],[-96.1112,30.3966],[-96.1131,30.4015],[-96.1081,30.4073],[-96.1118,30.4079],[-96.1134,30.4131],[-96.1115,30.4162],[-96.1066,30.4187],[-96.1058,30.4219],[-96.1033,30.4209],[-96.1023,30.4178],[-96.0996,30.4182],[-96.0957,30.4196],[-96.0954,30.4171],[-96.0922,30.4163],[-96.0874,30.4175],[-96.0829,30.4244],[-96.0809,30.4312],[-96.087,30.4305],[-96.0861,30.4355],[-96.0935,30.4399],[-96.097,30.4373],[-96.1008,30.4404],[-96.1054,30.4371],[-96.1063,30.4399],[-96.1046,30.4418],[-96.1058,30.4442],[-96.1116,30.4427],[-96.1137,30.4408],[-96.1201,30.4419],[-96.125,30.4486],[-96.1267,30.451],[-96.1252,30.4519],[-96.124,30.4515],[-96.1235,30.4554],[-96.1299,30.4519],[-96.1278,30.4565],[-96.127,30.4575],[-96.1295,30.4598],[-96.1296,30.4664],[-96.1364,30.4669],[-96.1369,30.4699],[-96.1399,30.4718],[-96.139,30.474],[-96.141,30.4751],[-96.1384,30.4792],[-96.1363,30.4761],[-96.1365,30.4806],[-96.1371,30.4814],[-96.1331,30.4838],[-96.133,30.4921],[-96.1367,30.493],[-96.1363,30.4949],[-96.1379,30.4955],[-96.137,30.5002],[-96.1431,30.5015],[-96.1443,30.5043],[-96.1424,30.5039],[-96.1413,30.5079],[-96.1402,30.5088],[-96.1451,30.5108],[-96.1437,30.513],[-96.1502,30.5189],[-96.1496,30.5206],[-96.1527,30.5208],[-96.1518,30.5237],[-96.1492,30.5243],[-96.15,30.5256],[-96.1485,30.5283],[-96.1539,30.5322],[-96.1568,30.5303],[-96.1565,30.5342],[-96.1586,30.5344],[-96.1611,30.5345],[-96.161,30.5481],[-96.1591,30.5583],[-96.1619,30.5658],[-96.1599,30.5673],[-96.1624,30.5691],[-96.1622,30.5704],[-96.168,30.5717],[-96.1657,30.5728],[-96.172,30.5789],[-96.1722,30.5803],[-96.1754,30.5816],[-96.175,30.5831],[-96.1844,30.5881],[-96.1826,30.595],[-96.1864,30.5989],[-96.1882,30.5992],[-96.186,30.6062],[-96.1816,30.6077],[-96.1816,30.6154],[-96.1794,30.6191],[-96.1798,30.6215],[-96.1774,30.623],[-96.1735,30.6228],[-96.1737,30.628],[-96.1692,30.6302],[-96.1707,30.6311],[-96.1708,30.6358],[-96.1719,30.6357],[-96.173,30.6368],[-96.1687,30.6389],[-96.1689,30.6423],[-96.1654,30.6434],[-96.1676,30.6496],[-96.1695,30.6501],[-96.1671,30.6548],[-96.1662,30.6543],[-96.1642,30.662],[-96.1683,30.6636],[-96.1682,30.6716],[-96.1706,30.6723],[-96.1726,30.68],[-96.1704,30.6805],[-96.1716,30.6819],[-96.1694,30.6885],[-96.1717,30.6899],[-96.1724,30.6936],[-96.1767,30.6969],[-96.1751,30.6993],[-96.1776,30.7011],[-96.1773,30.7016],[-96.1765,30.7013],[-96.176,30.7017],[-96.1777,30.7097],[-96.1747,30.7093],[-96.175,30.7114],[-96.1731,30.7117],[-96.172,30.716],[-96.1693,30.7174],[-96.1631,30.725],[-96.1622,30.732],[-96.1611,30.7351],[-96.1617,30.7374],[-96.1661,30.7424],[-96.1654,30.7444],[-96.1704,30.7488],[-96.1681,30.7571],[-96.1695,30.7571],[-96.1664,30.7591],[-96.1628,30.7633],[-96.1648,30.7646],[-96.163,30.768],[-96.164,30.7725],[-96.1663,30.7744],[-96.1657,30.7724],[-96.168,30.7742],[-96.166,30.7757],[-96.1694,30.7801],[-96.1707,30.78],[-96.1716,30.785],[-96.1732,30.7842],[-96.1822,30.7927],[-96.1831,30.797],[-96.1793,30.798],[-96.1779,30.8009],[-96.1767,30.7993],[-96.176,30.8012],[-96.1743,30.8009],[-96.1743,30.8025],[-96.1723,30.8029],[-96.1737,30.8041],[-96.1709,30.8064],[-96.1755,30.8094],[-96.1754,30.8111],[-96.1738,30.8114],[-96.1732,30.8155],[-96.1683,30.823],[-96.1474,30.8247],[-96.1284,30.8263],[-96.0134,30.8427],[-95.9985,30.8447],[-95.8631,30.8641],[-95.8602,30.8655],[-95.8562,30.8646],[-95.8503,30.8672],[-95.8488,30.863],[-95.8414,30.8628],[-95.8345,30.8651],[-95.8326,30.8641],[-95.8308,30.8618],[-95.8271,30.8644],[-95.828,30.8654],[-95.8177,30.8695],[-95.8153,30.8672],[-95.8119,30.8691],[-95.8088,30.8725],[-95.7916,30.8792],[-95.7895,30.878],[-95.7835,30.8806],[-95.7821,30.8839],[-95.7793,30.8833],[-95.7693,30.8908],[-95.7675,30.8931],[-95.7667,30.892],[-95.7643,30.8967],[-95.7622,30.8967],[-95.7576,30.9002],[-95.7566,30.8993],[-95.7462,30.9019],[-95.7435,30.9011],[-95.7433,30.9023],[-95.7391,30.9011],[-95.739,30.8993],[-95.7319,30.9013],[-95.7317,30.9028],[-95.7297,30.9029],[-95.7208,30.9094],[-95.7188,30.9086],[-95.7161,30.9111],[-95.7156,30.9098],[-95.7127,30.9108],[-95.7122,30.9099],[-95.7118,30.9081],[-95.7098,30.9063],[-95.7058,30.9074],[-95.6957,30.9071],[-95.6974,30.9042],[-95.6938,30.9023],[-95.6869,30.9007],[-95.6833,30.9054],[-95.6738,30.9053],[-95.6713,30.9033],[-95.6666,30.905],[-95.6651,30.9029],[-95.6645,30.9042],[-95.6623,30.9001],[-95.6616,30.9012],[-95.6596,30.8982],[-95.6615,30.8982],[-95.6612,30.8967],[-95.6553,30.8969],[-95.6555,30.8932],[-95.6495,30.8951],[-95.6485,30.8971],[-95.646,30.8973],[-95.6436,30.9001],[-95.6391,30.9007],[-95.6374,30.8994],[-95.6358,30.9014],[-95.6324,30.8999],[-95.6298,30.8999],[-95.6279,30.9028],[-95.63,30.9047],[-95.628,30.9106],[-95.6259,30.9095],[-95.6192,30.914],[-95.6165,30.9107],[-95.6138,30.9146],[-95.6159,30.9157],[-95.615,30.9175],[-95.6119,30.918],[-95.6219,30.9259],[-95.6187,30.9274],[-95.6179,30.9304],[-95.5839,30.9542],[-95.4348,31.0581],[-95.4343,30.9382],[-95.4343,30.9374],[-95.4211,30.9364],[-95.4131,30.9323],[-95.41,30.9289],[-95.414,30.9181],[-95.4107,30.9118],[-95.4159,30.9083],[-95.4129,30.9065],[-95.4064,30.9064],[-95.4049,30.898],[-95.3981,30.8919],[-95.3812,30.8873],[-95.381,30.8793],[-95.3864,30.8787],[-95.3925,30.8801],[-95.3972,30.8832],[-95.3995,30.8803],[-95.3917,30.8768],[-95.3919,30.8746],[-95.3989,30.866],[-95.3979,30.8589],[-95.3832,30.853],[-95.3703,30.8563],[-95.3636,30.8547],[-95.3521,30.857],[-95.3497,30.8606],[-95.3505,30.8685],[-95.344,30.8758],[-95.3375,30.8726],[-95.3289,30.8593],[-95.3275,30.8595],[-95.3241,30.8619],[-95.3235,30.8658],[-95.3158,30.8703],[-95.3139,30.8731],[-95.3168,30.8794],[-95.3116,30.8849],[-95.3103,30.8886],[-95.3147,30.8958],[-95.3074,30.9008],[-95.2908,30.9029],[-95.2802,30.9013],[-95.2658,30.905],[-95.2502,30.9063],[-95.2467,30.9044],[-95.2307,30.8867],[-95.2431,30.866],[-95.236,30.8581],[-95.2316,30.841],[-95.2166,30.8337],[-95.2076,30.8324],[-95.2002,30.8246],[-95.1665,30.8527],[-95.1144,30.8968],[-95.0611,30.9413],[-94.9954,30.9963],[-94.9382,31.043],[-94.8428,31.1467],[-94.8416,31.1438],[-94.8323,31.1414],[-94.8295,31.1391],[-94.8276,31.14],[-94.8249,31.1383],[-94.8222,31.1401],[-94.8186,31.1322],[-94.8133,31.1308],[-94.812,31.1339],[-94.8029,31.1303],[-94.8023,31.1324],[-94.7973,31.1313],[-94.7938,31.1285],[-94.7949,31.1272],[-94.7831,31.1222],[-94.7812,31.1235],[-94.7771,31.1192],[-94.7732,31.1171],[-94.7698,31.1175],[-94.7682,31.115],[-94.7641,31.1144],[-94.7574,31.11],[-94.7527,31.1075],[-94.7506,31.1061],[-94.748,31.1056],[-94.747,31.1066],[-94.7381,31.1036],[-94.7333,31.1049],[-94.7252,31.1063],[-94.7232,31.1077],[-94.7216,31.1063],[-94.7185,31.1071],[-94.7152,31.1042],[-94.7126,31.1038],[-94.7107,31.1058],[-94.7079,31.1043],[-94.7093,31.1038],[-94.7089,31.1012],[-94.7057,31.1026],[-94.7062,31.0996],[-94.7037,31.0991],[-94.7028,31.102],[-94.6994,31.0983],[-94.6975,31.0959],[-94.6968,31.0986],[-94.6951,31.097],[-94.6939,31.0969],[-94.6926,31.0958],[-94.69,31.0979],[-94.6791,31.0958],[-94.6784,31.0933],[-94.6719,31.0959],[-94.6699,31.0933],[-94.6727,31.0927],[-94.671,31.0888],[-94.6635,31.0884],[-94.6624,31.0856],[-94.6582,31.0852],[-94.655,31.0884],[-94.6547,31.0942],[-94.6482,31.0992],[-94.6473,31.0935],[-94.6405,31.0868],[-94.6343,31.0897],[-94.6307,31.0837],[-94.6288,31.0837],[-94.6247,31.0867],[-94.6236,31.0855],[-94.6221,31.0873],[-94.6212,31.0854],[-94.6178,31.0854],[-94.6184,31.0841],[-94.6144,31.0848],[-94.6136,31.0812],[-94.6096,31.082],[-94.6123,31.078],[-94.6075,31.0779],[-94.6051,31.075],[-94.6054,31.0776],[-94.6019,31.074],[-94.6024,31.072],[-94.5982,31.0691],[-94.5936,31.073],[-94.5911,31.0718],[-94.5921,31.0685],[-94.5886,31.0661],[-94.5819,31.0653],[-94.5823,31.0677],[-94.5791,31.0691],[-94.5744,31.068],[-94.573,31.0678],[-94.5742,31.0664],[-94.5713,31.0635],[-94.569,31.0643],[-94.5682,31.0618],[-94.5662,31.0648],[-94.5625,31.0623],[-94.5622,31.0632],[-94.5615,31.0599],[-94.5617,31.0591],[-94.658,31.012],[-94.6327,30.9021],[-94.6224,30.8577],[-94.5983,30.7521],[-94.5457,30.527],[-94.5379,30.4911],[-94.6301,30.4906],[-94.7327,30.4901],[-94.6678,30.3107],[-94.6473,30.2532],[-94.6256,30.1929],[-94.6149,30.1637],[-94.5963,30.1121],[-94.5709,30.112],[-94.4451,30.113],[-94.4422,29.8895],[-94.4422,29.8871],[-94.4146,29.8872],[-94.358,29.8875],[-94.3579,29.8782],[-94.3573,29.8427],[-94.357,29.8255],[-94.3557,29.7431],[-94.3551,29.6925],[-94.3534,29.5749],[-94.3542,29.5604]]],[[[-94.7061,29.4367],[-94.6942,29.4556],[-94.6939,29.4606],[-94.6873,29.4607],[-94.689,29.4646],[-94.6744,29.476],[-94.6659,29.4784],[-94.6555,29.4779],[-94.6442,29.4727],[-94.6458,29.4751],[-94.6424,29.4747],[-94.6412,29.4724],[-94.6394,29.4745],[-94.6282,29.476],[-94.6227,29.4792],[-94.6086,29.4827],[-94.5984,29.4905],[-94.5918,29.4926],[-94.5948,29.4926],[-94.5981,29.4957],[-94.5939,29.5038],[-94.5917,29.5054],[-94.5943,29.5061],[-94.5937,29.5042],[-94.5955,29.5045],[-94.594,29.5102],[-94.578,29.5269],[-94.567,29.5319],[-94.5536,29.5298],[-94.5473,29.5247],[-94.5326,29.5175],[-94.5178,29.5174],[-94.516,29.5193],[-94.511,29.5194],[-94.5137,29.5169],[-94.5544,29.5017],[-94.5566,29.5028],[-94.5571,29.5024],[-94.5555,29.5016],[-94.5584,29.5007],[-94.683,29.4541],[-94.7061,29.4367]]],[[[-94.7605,29.3616],[-94.764,29.3658],[-94.7791,29.3621],[-94.7801,29.3654],[-94.7787,29.3695],[-94.7791,29.3733],[-94.7669,29.3861],[-94.7611,29.3908],[-94.758,29.3892],[-94.7606,29.3911],[-94.6813,29.4538],[-94.6714,29.457],[-94.6723,29.4541],[-94.6755,29.4529],[-94.6755,29.4525],[-94.6735,29.4531],[-94.6715,29.454],[-94.6706,29.457],[-94.5581,29.4986],[-94.5544,29.4944],[-94.5562,29.4994],[-94.5128,29.5161],[-94.505,29.5101],[-94.5023,29.5102],[-94.5008,29.5054],[-94.58,29.4742],[-94.6514,29.4418],[-94.6942,29.4156],[-94.7152,29.3965],[-94.7314,29.369],[-94.7324,29.3713],[-94.7366,29.3731],[-94.7406,29.3702],[-94.7448,29.3692],[-94.742,29.3743],[-94.7514,29.3695],[-94.7605,29.3616]]],[[[-96.5783,29.3543],[-96.5781,29.3551],[-96.5771,29.3556],[-96.5783,29.3543]]],[[[-94.797,29.3124],[-94.7989,29.3148],[-94.7983,29.3127],[-94.8214,29.3133],[-94.824,29.3204],[-94.8201,29.3417],[-94.8222,29.3424],[-94.8209,29.3458],[-94.8113,29.3521],[-94.8082,29.3522],[-94.7915,29.341],[-94.7844,29.3353],[-94.7805,29.3345],[-94.7774,29.3375],[-94.7782,29.3338],[-94.7807,29.3339],[-94.7811,29.3252],[-94.7824,29.3233],[-94.7835,29.3241],[-94.7839,29.3236],[-94.7829,29.3228],[-94.7834,29.322],[-94.7846,29.3227],[-94.7849,29.3223],[-94.7838,29.3215],[-94.7843,29.3209],[-94.7849,29.3213],[-94.7852,29.3208],[-94.7847,29.3203],[-94.7855,29.3198],[-94.7868,29.3205],[-94.7871,29.3201],[-94.7859,29.3192],[-94.7936,29.3142],[-94.795,29.3165],[-94.796,29.316],[-94.7951,29.3143],[-94.7952,29.3143],[-94.7962,29.316],[-94.7967,29.3157],[-94.7952,29.3128],[-94.7969,29.3156],[-94.7975,29.3153],[-94.7965,29.3137],[-94.7967,29.3136],[-94.7977,29.3153],[-94.7982,29.315],[-94.797,29.3124]]],[[[-95.1101,29.0879],[-95.1129,29.0936],[-95.1062,29.1045],[-95.0983,29.1199],[-95.088,29.1277],[-95.0863,29.1274],[-95.0817,29.1296],[-95.0776,29.1303],[-95.0758,29.1326],[-95.0738,29.1297],[-95.0707,29.1328],[-95.0742,29.1318],[-95.0759,29.1336],[-95.073,29.1344],[-95.0656,29.1378],[-95.0608,29.1319],[-95.065,29.1386],[-95.0574,29.1417],[-95.0492,29.1476],[-95.0465,29.145],[-95.0478,29.1482],[-95.0456,29.1455],[-95.0455,29.1456],[-95.047,29.1476],[-95.0474,29.1484],[-95.0469,29.1488],[-95.0447,29.1461],[-95.0445,29.1462],[-95.0466,29.1489],[-95.0436,29.1485],[-95.0461,29.1509],[-95.0418,29.1553],[-95.0384,29.1546],[-95.0289,29.1574],[-95.0277,29.1592],[-95.0341,29.1652],[-95.0349,29.1652],[-95.035,29.1655],[-95.0335,29.1657],[-95.032,29.1663],[-95.0353,29.1667],[-95.0282,29.167],[-95.0246,29.1649],[-95.0235,29.1637],[-95.025,29.1675],[-95.0295,29.1698],[-95.0212,29.1721],[-95.0195,29.1705],[-95.0203,29.1707],[-95.0193,29.17],[-95.0189,29.1706],[-95.0179,29.1698],[-95.0175,29.1701],[-95.018,29.1706],[-95.0193,29.1734],[-95.0138,29.1715],[-95.0158,29.1746],[-95.0097,29.1736],[-95.0151,29.1758],[-95.0212,29.1751],[-95.0166,29.1781],[-95.0143,29.1777],[-95.0144,29.1793],[-95.0116,29.1768],[-95.005,29.1746],[-95.0111,29.1768],[-95.0122,29.1793],[-95.0106,29.1776],[-95.0106,29.183],[-95.0137,29.1847],[-95.013,29.1858],[-95.008,29.1863],[-95.0086,29.1839],[-95.0063,29.1843],[-94.9998,29.1795],[-94.9978,29.1784],[-94.9976,29.1789],[-94.9989,29.1799],[-95.0028,29.1828],[-94.9993,29.1833],[-94.9974,29.1814],[-94.9989,29.184],[-94.9951,29.1845],[-94.9969,29.1849],[-94.998,29.1848],[-94.9981,29.1852],[-94.9963,29.186],[-95.0001,29.1855],[-95.0005,29.1869],[-94.9883,29.191],[-94.9883,29.1918],[-94.989,29.1918],[-94.9942,29.1929],[-94.9917,29.1939],[-94.9925,29.1948],[-94.9927,29.1959],[-94.9934,29.1968],[-94.9937,29.1967],[-94.993,29.1954],[-94.9937,29.1953],[-94.9957,29.196],[-94.9925,29.1999],[-94.9834,29.201],[-94.9842,29.2018],[-94.9823,29.2011],[-94.9815,29.2034],[-94.9768,29.2031],[-94.9775,29.2028],[-94.9781,29.202],[-94.9756,29.199],[-94.9662,29.1972],[-94.9766,29.2005],[-94.9769,29.2022],[-94.9714,29.2015],[-94.9721,29.2014],[-94.9701,29.2016],[-94.9743,29.2031],[-94.975,29.2025],[-94.9758,29.2044],[-94.9729,29.2042],[-94.9725,29.205],[-94.9718,29.2048],[-94.972,29.2038],[-94.9694,29.202],[-94.9711,29.2007],[-94.9687,29.2015],[-94.969,29.2019],[-94.9706,29.204],[-94.9714,29.2037],[-94.9713,29.205],[-94.9724,29.2052],[-94.9742,29.2049],[-94.9748,29.2067],[-94.9745,29.2058],[-94.9739,29.2069],[-94.9726,29.2058],[-94.9727,29.2077],[-94.9748,29.2074],[-94.9741,29.2085],[-94.975,29.2082],[-94.9816,29.2096],[-94.975,29.2131],[-94.9721,29.2123],[-94.9702,29.2149],[-94.9606,29.2098],[-94.9592,29.2126],[-94.9592,29.2109],[-94.9586,29.2125],[-94.9625,29.2166],[-94.9608,29.2194],[-94.9517,29.2185],[-94.9394,29.2242],[-94.9382,29.2235],[-94.9381,29.224],[-94.9393,29.2245],[-94.9442,29.2235],[-94.9483,29.228],[-94.9465,29.2285],[-94.9562,29.2288],[-94.9555,29.2305],[-94.9502,29.2312],[-94.9471,29.2338],[-94.9435,29.233],[-94.9458,29.2347],[-94.944,29.2362],[-94.9341,29.2327],[-94.9328,29.2344],[-94.939,29.2397],[-94.935,29.2377],[-94.9313,29.2354],[-94.9248,29.2357],[-94.9211,29.2328],[-94.9216,29.2352],[-94.9335,29.2393],[-94.9371,29.2417],[-94.9288,29.2398],[-94.9304,29.2428],[-94.9294,29.2455],[-94.9316,29.2456],[-94.9212,29.2483],[-94.9181,29.2457],[-94.9147,29.2408],[-94.9132,29.2418],[-94.9148,29.2432],[-94.9149,29.2467],[-94.9218,29.25],[-94.9202,29.2515],[-94.9203,29.2543],[-94.914,29.2587],[-94.9022,29.2632],[-94.9002,29.2647],[-94.8996,29.2634],[-94.8994,29.2635],[-94.9001,29.2646],[-94.8997,29.265],[-94.8989,29.2637],[-94.8988,29.2637],[-94.9,29.2662],[-94.8986,29.2653],[-94.8849,29.2724],[-94.8717,29.2726],[-94.8688,29.2752],[-94.8664,29.2754],[-94.8574,29.279],[-94.8554,29.277],[-94.8499,29.2762],[-94.8465,29.2692],[-94.8487,29.2768],[-94.8411,29.2796],[-94.8393,29.2821],[-94.8335,29.2786],[-94.8371,29.2862],[-94.8398,29.2854],[-94.842,29.2874],[-94.8462,29.2881],[-94.8496,29.2871],[-94.8512,29.287],[-94.865,29.2821],[-94.8806,29.279],[-94.875,29.2852],[-94.8722,29.2845],[-94.8715,29.2869],[-94.8776,29.2911],[-94.875,29.2912],[-94.8756,29.292],[-94.8772,29.2926],[-94.8768,29.293],[-94.8697,29.29],[-94.8651,29.2917],[-94.866,29.2935],[-94.8608,29.2951],[-94.855,29.2958],[-94.8515,29.2996],[-94.848,29.2969],[-94.8372,29.2994],[-94.8377,29.301],[-94.8298,29.3018],[-94.83,29.3001],[-94.8275,29.3005],[-94.8282,29.3047],[-94.8236,29.3058],[-94.8215,29.3077],[-94.822,29.3058],[-94.8214,29.3057],[-94.8202,29.3095],[-94.8183,29.309],[-94.8191,29.3053],[-94.8172,29.3088],[-94.816,29.3084],[-94.8156,29.3054],[-94.8152,29.3055],[-94.8152,29.3087],[-94.8128,29.3083],[-94.8141,29.3054],[-94.8135,29.3055],[-94.812,29.3085],[-94.811,29.3082],[-94.8123,29.3053],[-94.8117,29.3053],[-94.81,29.3084],[-94.8088,29.3084],[-94.7936,29.3095],[-94.7902,29.3114],[-94.7915,29.3103],[-94.7864,29.3136],[-94.7859,29.3121],[-94.7847,29.3144],[-94.7844,29.3126],[-94.7819,29.3177],[-94.7783,29.3134],[-94.7785,29.3177],[-94.7766,29.3154],[-94.7788,29.3202],[-94.7744,29.3207],[-94.7737,29.3296],[-94.7745,29.3301],[-94.7734,29.3307],[-94.7743,29.3306],[-94.7742,29.3311],[-94.7729,29.3314],[-94.7702,29.3359],[-94.7663,29.3375],[-94.7497,29.3348],[-94.7603,29.3194],[-94.7578,29.3194],[-94.7492,29.3342],[-94.7371,29.3338],[-94.7452,29.3345],[-94.745,29.3367],[-94.7317,29.3376],[-94.7225,29.3314],[-94.7305,29.3321],[-94.7373,29.3243],[-94.7429,29.3216],[-94.7721,29.3024],[-94.79,29.2884],[-94.7892,29.2852],[-94.7896,29.2849],[-94.7906,29.2878],[-94.8103,29.2756],[-94.8448,29.2559],[-94.8548,29.2492],[-95.0196,29.1521],[-95.0907,29.1054],[-95.1101,29.0879]]],[[[-94.9193,29.2932],[-94.9295,29.2981],[-94.9249,29.301],[-94.918,29.3018],[-94.9112,29.3006],[-94.9104,29.3022],[-94.906,29.302],[-94.9043,29.3],[-94.9115,29.2933],[-94.9193,29.2932]]],[[[-96.891,28.5073],[-96.8932,28.5141],[-96.8947,28.5135],[-96.899,28.5178],[-96.8971,28.5196],[-96.8976,28.5239],[-96.9019,28.5239],[-96.9003,28.527],[-96.9058,28.5327],[-96.9028,28.5349],[-96.9007,28.542],[-96.8951,28.5488],[-96.897,28.5524],[-96.9017,28.5541],[-96.8982,28.5595],[-96.9031,28.5611],[-96.9008,28.5629],[-96.9022,28.5663],[-96.9078,28.5666],[-96.9059,28.571],[-96.9092,28.5729],[-96.9109,28.5692],[-96.9158,28.57],[-96.9223,28.5799],[-96.9304,28.5867],[-96.8733,28.6229],[-96.8538,28.6352],[-96.7734,28.6562],[-96.7228,28.6698],[-96.6659,28.7056],[-96.6621,28.7036],[-96.6609,28.7017],[-96.6651,28.6949],[-96.651,28.6824],[-96.6408,28.6756],[-96.6362,28.6697],[-96.6325,28.6535],[-96.6175,28.647],[-96.6108,28.6402],[-96.6109,28.637],[-96.6184,28.631],[-96.62,28.6315],[-96.6204,28.631],[-96.6187,28.6301],[-96.6211,28.6265],[-96.6211,28.6235],[-96.6253,28.6234],[-96.6208,28.6201],[-96.6225,28.6184],[-96.6221,28.6182],[-96.6197,28.6195],[-96.6222,28.6164],[-96.621,28.6167],[-96.6218,28.6152],[-96.6176,28.6135],[-96.6197,28.6124],[-96.6127,28.5989],[-96.61,28.5967],[-96.6128,28.5931],[-96.6145,28.5975],[-96.6148,28.5966],[-96.6195,28.5954],[-96.6146,28.5953],[-96.6137,28.5916],[-96.6106,28.5917],[-96.6124,28.5863],[-96.6164,28.5895],[-96.6199,28.587],[-96.6202,28.5791],[-96.6294,28.5794],[-96.638,28.578],[-96.6358,28.5811],[-96.6394,28.584],[-96.6409,28.5872],[-96.6431,28.5864],[-96.644,28.5795],[-96.639,28.5721],[-96.6333,28.5731],[-96.6309,28.5716],[-96.6268,28.5725],[-96.6228,28.5703],[-96.6242,28.5679],[-96.6186,28.5718],[-96.6181,28.5682],[-96.611,28.5688],[-96.6101,28.5702],[-96.6094,28.5687],[-96.6064,28.5704],[-96.6091,28.5706],[-96.5998,28.5727],[-96.5991,28.5718],[-96.5995,28.5716],[-96.6004,28.5723],[-96.6015,28.569],[-96.5948,28.5687],[-96.5928,28.567],[-96.592,28.5696],[-96.5957,28.572],[-96.5919,28.5748],[-96.5912,28.577],[-96.5925,28.5833],[-96.6073,28.5808],[-96.6096,28.582],[-96.6058,28.5817],[-96.6015,28.5835],[-96.5672,28.5836],[-96.5652,28.5773],[-96.558,28.569],[-96.5421,28.5616],[-96.5242,28.5566],[-96.5108,28.5304],[-96.5006,28.5214],[-96.4994,28.5219],[-96.4841,28.5109],[-96.4739,28.504],[-96.4599,28.4977],[-96.4332,28.4776],[-96.4357,28.4786],[-96.4369,28.4738],[-96.4314,28.4711],[-96.4277,28.4738],[-96.4184,28.466],[-96.4199,28.4664],[-96.4207,28.4632],[-96.4184,28.4553],[-96.4149,28.4615],[-96.417,28.4629],[-96.4176,28.4647],[-96.4116,28.4605],[-96.4029,28.4486],[-96.4029,28.4432],[-96.4134,28.4389],[-96.4145,28.4402],[-96.4144,28.4387],[-96.4297,28.4339],[-96.458,28.4207],[-96.4605,28.423],[-96.4621,28.4225],[-96.4599,28.4199],[-96.5078,28.3981],[-96.5207,28.3946],[-96.5272,28.3902],[-96.5397,28.3856],[-96.5406,28.3865],[-96.5504,28.3798],[-96.5592,28.3778],[-96.5688,28.3704],[-96.578,28.3651],[-96.5794,28.3645],[-96.5962,28.3558],[-96.5962,28.356],[-96.5956,28.3564],[-96.5972,28.3587],[-96.6011,28.3536],[-96.6002,28.3554],[-96.6029,28.3574],[-96.6042,28.3528],[-96.6067,28.3511],[-96.6046,28.3535],[-96.6078,28.3554],[-96.6118,28.3533],[-96.6135,28.3536],[-96.6159,28.3556],[-96.6168,28.3544],[-96.6206,28.3561],[-96.6201,28.3544],[-96.6229,28.352],[-96.6295,28.3519],[-96.6267,28.354],[-96.6278,28.3564],[-96.6315,28.3568],[-96.6338,28.3501],[-96.6359,28.3496],[-96.6337,28.3549],[-96.6382,28.3534],[-96.6361,28.3549],[-96.6407,28.3545],[-96.6397,28.3542],[-96.6443,28.3522],[-96.6424,28.3534],[-96.6426,28.3549],[-96.6465,28.3542],[-96.6433,28.3559],[-96.6466,28.3563],[-96.6446,28.36],[-96.6567,28.3634],[-96.6548,28.3679],[-96.6562,28.3686],[-96.6555,28.3672],[-96.6589,28.3636],[-96.6597,28.3632],[-96.6549,28.3498],[-96.6549,28.3506],[-96.6536,28.3487],[-96.6427,28.3435],[-96.6417,28.3395],[-96.6469,28.3306],[-96.6423,28.3319],[-96.6471,28.3285],[-96.6565,28.3291],[-96.6582,28.327],[-96.6613,28.3271],[-96.6649,28.3241],[-96.6693,28.3256],[-96.6667,28.3266],[-96.6661,28.3312],[-96.6569,28.3326],[-96.6553,28.334],[-96.6529,28.3323],[-96.6468,28.3341],[-96.6459,28.3389],[-96.6541,28.3392],[-96.6504,28.3436],[-96.6525,28.3471],[-96.6605,28.3443],[-96.6615,28.3417],[-96.6661,28.339],[-96.6733,28.3339],[-96.6811,28.3321],[-96.6842,28.3342],[-96.6813,28.3342],[-96.6733,28.3358],[-96.6751,28.3367],[-96.6797,28.3419],[-96.6837,28.3413],[-96.6824,28.3441],[-96.6855,28.347],[-96.6881,28.3481],[-96.6885,28.3496],[-96.6905,28.3498],[-96.6943,28.3472],[-96.6954,28.3435],[-96.7001,28.3425],[-96.7066,28.3502],[-96.7012,28.3602],[-96.6992,28.3801],[-96.7044,28.387],[-96.711,28.3895],[-96.709,28.39],[-96.7064,28.3927],[-96.7056,28.4014],[-96.7045,28.4018],[-96.7049,28.4023],[-96.7057,28.402],[-96.7085,28.4077],[-96.7115,28.4055],[-96.7125,28.4081],[-96.7369,28.4093],[-96.7416,28.4113],[-96.7452,28.4092],[-96.7468,28.4092],[-96.7526,28.4214],[-96.7521,28.4344],[-96.7581,28.4406],[-96.7831,28.4547],[-96.7937,28.4668],[-96.792,28.4723],[-96.7918,28.4812],[-96.7913,28.484],[-96.8082,28.4784],[-96.8263,28.4676],[-96.8261,28.4611],[-96.8285,28.4589],[-96.8255,28.4512],[-96.8221,28.4533],[-96.8202,28.4514],[-96.8197,28.4471],[-96.8162,28.4451],[-96.8185,28.4528],[-96.8163,28.4585],[-96.8161,28.457],[-96.8129,28.4575],[-96.8126,28.4591],[-96.8097,28.4553],[-96.8047,28.4598],[-96.8031,28.4589],[-96.8012,28.4624],[-96.7937,28.4588],[-96.7854,28.4474],[-96.7905,28.4474],[-96.8078,28.4316],[-96.8143,28.4306],[-96.8216,28.4421],[-96.8396,28.4582],[-96.84,28.4634],[-96.8441,28.4711],[-96.8484,28.4721],[-96.8487,28.4765],[-96.8563,28.4742],[-96.8625,28.4774],[-96.8636,28.4889],[-96.88,28.4967],[-96.88,28.5035],[-96.891,28.5073]]],[[[-96.2186,28.492],[-96.2245,28.4934],[-96.2221,28.4956],[-96.2132,28.496],[-96.2175,28.4994],[-96.2175,28.5025],[-96.2143,28.5009],[-96.2165,28.5046],[-96.2158,28.5038],[-96.2149,28.5073],[-96.2124,28.504],[-96.2097,28.5017],[-96.2095,28.502],[-96.2115,28.5038],[-96.2128,28.5067],[-96.2182,28.5114],[-96.2132,28.5101],[-96.203,28.5031],[-96.2042,28.5049],[-96.2038,28.5051],[-96.203,28.5041],[-96.1991,28.5018],[-96.2005,28.5036],[-96.1978,28.503],[-96.2036,28.5064],[-96.2057,28.5094],[-96.2038,28.5094],[-96.1993,28.5066],[-96.1991,28.5071],[-96.2011,28.5083],[-96.202,28.5091],[-96.2061,28.5123],[-96.2058,28.5127],[-96.2044,28.5117],[-96.2047,28.5135],[-96.2025,28.5117],[-96.2031,28.5137],[-96.2021,28.5126],[-96.1993,28.512],[-96.1926,28.5077],[-96.1925,28.5083],[-96.1952,28.5099],[-96.2022,28.5161],[-96.2006,28.5173],[-96.1969,28.5152],[-96.1986,28.5178],[-96.1945,28.5149],[-96.1976,28.5184],[-96.1951,28.5182],[-96.1956,28.5192],[-96.1932,28.5167],[-96.195,28.5209],[-96.1882,28.522],[-96.1871,28.5224],[-96.1812,28.5148],[-96.1809,28.5167],[-96.1871,28.5239],[-96.1802,28.5206],[-96.1834,28.5257],[-96.1805,28.5245],[-96.1816,28.5265],[-96.1796,28.5262],[-96.1795,28.5277],[-96.1771,28.5273],[-96.1771,28.5289],[-96.1753,28.5278],[-96.1748,28.5279],[-96.1756,28.5285],[-96.1762,28.5295],[-96.1734,28.5285],[-96.1746,28.5303],[-96.1731,28.5297],[-96.1694,28.5332],[-96.1677,28.5324],[-96.1668,28.5337],[-96.1635,28.5316],[-96.1651,28.5346],[-96.1575,28.5311],[-96.1555,28.5257],[-96.1526,28.5241],[-96.1522,28.5245],[-96.154,28.5254],[-96.1564,28.5308],[-96.1648,28.5357],[-96.1601,28.5358],[-96.1596,28.5376],[-96.1569,28.5379],[-96.1573,28.5391],[-96.1551,28.5401],[-96.154,28.5388],[-96.1516,28.5382],[-96.154,28.5409],[-96.1512,28.5404],[-96.1499,28.5414],[-96.1517,28.542],[-96.1487,28.5426],[-96.1475,28.5418],[-96.1473,28.5399],[-96.1469,28.5397],[-96.1469,28.5409],[-96.1441,28.5384],[-96.1456,28.536],[-96.1456,28.5349],[-96.145,28.5345],[-96.145,28.5358],[-96.1431,28.5382],[-96.1473,28.5426],[-96.1465,28.5432],[-96.1439,28.5433],[-96.1454,28.5444],[-96.1428,28.5449],[-96.1362,28.5347],[-96.1352,28.5347],[-96.1416,28.5442],[-96.1396,28.5435],[-96.1393,28.5441],[-96.141,28.545],[-96.139,28.5457],[-96.1373,28.5428],[-96.1369,28.5432],[-96.1387,28.5462],[-96.1357,28.5458],[-96.1346,28.5447],[-96.1352,28.546],[-96.133,28.5446],[-96.1356,28.5473],[-96.135,28.5476],[-96.133,28.5454],[-96.1324,28.5457],[-96.1331,28.5466],[-96.1335,28.5482],[-96.1301,28.5459],[-96.1307,28.5486],[-96.1282,28.5494],[-96.1274,28.5487],[-96.1245,28.5512],[-96.1205,28.5508],[-96.1229,28.5538],[-96.1198,28.5528],[-96.1171,28.5504],[-96.1171,28.5511],[-96.1137,28.5468],[-96.1126,28.547],[-96.1172,28.5524],[-96.1156,28.5547],[-96.108,28.5482],[-96.1132,28.5549],[-96.1093,28.555],[-96.1099,28.5559],[-96.1047,28.5582],[-96.1022,28.5562],[-96.101,28.5554],[-96.103,28.5589],[-96.0989,28.56],[-96.0899,28.5546],[-96.0969,28.5607],[-96.095,28.5617],[-96.0897,28.5584],[-96.0928,28.561],[-96.0937,28.5631],[-96.0961,28.5662],[-96.089,28.5638],[-96.0879,28.5608],[-96.085,28.5576],[-96.0873,28.5649],[-96.0851,28.5626],[-96.0853,28.566],[-96.0826,28.5659],[-96.0822,28.5642],[-96.0815,28.5643],[-96.0822,28.566],[-96.0801,28.5674],[-96.0747,28.5649],[-96.077,28.5685],[-96.068,28.57],[-96.0662,28.5697],[-96.0659,28.5701],[-96.0669,28.5706],[-96.0714,28.5705],[-96.0681,28.5718],[-96.0695,28.5761],[-96.0709,28.5781],[-96.0641,28.5757],[-96.0593,28.5662],[-96.0598,28.5681],[-96.0594,28.5681],[-96.0591,28.5674],[-96.0584,28.5684],[-96.0565,28.5658],[-96.0602,28.5719],[-96.0586,28.5711],[-96.06,28.5739],[-96.0589,28.5729],[-96.0593,28.5768],[-96.0538,28.5777],[-96.0549,28.5734],[-96.0501,28.5781],[-96.0451,28.5762],[-96.041,28.5732],[-96.0494,28.5796],[-96.0455,28.5816],[-96.043,28.5787],[-96.0419,28.5798],[-96.0462,28.5841],[-96.0405,28.5814],[-96.0378,28.5757],[-96.0344,28.5764],[-96.0366,28.5833],[-96.0338,28.5821],[-96.0347,28.5862],[-96.0315,28.589],[-96.027,28.5849],[-96.0281,28.589],[-96.0254,28.5874],[-96.0257,28.589],[-96.0243,28.5882],[-96.0246,28.5899],[-96.021,28.5869],[-96.0233,28.5906],[-96.0235,28.5925],[-96.0188,28.5876],[-96.0229,28.5945],[-96.0205,28.5954],[-96.0198,28.5977],[-96.0167,28.5955],[-96.0149,28.591],[-96.0136,28.5939],[-96.0108,28.5952],[-96.0132,28.5977],[-96.0115,28.5989],[-96.008,28.598],[-96.0041,28.5933],[-96.001,28.5914],[-96.0023,28.5954],[-96.0046,28.5964],[-96.0002,28.5988],[-95.9978,28.5977],[-95.9964,28.5998],[-95.9936,28.5991],[-95.9922,28.6015],[-95.9896,28.6014],[-95.9907,28.6026],[-95.9877,28.6031],[-95.9849,28.6019],[-95.9904,28.6056],[-95.9863,28.6058],[-95.9865,28.6037],[-95.9818,28.6102],[-95.9806,28.6142],[-95.9826,28.6146],[-95.9788,28.6163],[-95.981,28.616],[-95.9767,28.6169],[-95.9772,28.6106],[-95.9805,28.6107],[-95.9778,28.61],[-95.9813,28.5996],[-95.984,28.5991],[-95.9825,28.5978],[-95.9861,28.5896],[-95.9922,28.5907],[-96.015,28.5829],[-96.0863,28.5529],[-96.1307,28.5327],[-96.151,28.5231],[-96.2186,28.492]]],[[[-96.3216,28.4251],[-96.3335,28.4337],[-96.3321,28.4346],[-96.3351,28.4377],[-96.3264,28.441],[-96.297,28.4619],[-96.2828,28.4693],[-96.2791,28.473],[-96.2765,28.4724],[-96.2777,28.4717],[-96.2751,28.4692],[-96.2744,28.4698],[-96.2727,28.4687],[-96.2739,28.4728],[-96.2752,28.4741],[-96.2613,28.4813],[-96.2569,28.4791],[-96.2527,28.4793],[-96.2565,28.4824],[-96.2533,28.4833],[-96.2333,28.4906],[-96.2278,28.4939],[-96.2267,28.4873],[-96.2294,28.4845],[-96.2947,28.4474],[-96.3143,28.433],[-96.3216,28.4251]]],[[[-96.3808,28.394],[-96.3852,28.3956],[-96.377,28.3966],[-96.3702,28.4004],[-96.3736,28.4018],[-96.3744,28.404],[-96.3588,28.4176],[-96.3566,28.418],[-96.3554,28.4166],[-96.3551,28.4169],[-96.356,28.4178],[-96.355,28.4201],[-96.3524,28.4198],[-96.3534,28.4211],[-96.3502,28.4207],[-96.3511,28.4232],[-96.3446,28.4283],[-96.3412,28.4329],[-96.3364,28.433],[-96.3284,28.4239],[-96.3433,28.4162],[-96.3664,28.4],[-96.3774,28.3948],[-96.3808,28.394]]],[[[-96.8195,28.1677],[-96.8158,28.1754],[-96.8131,28.1746],[-96.8043,28.1793],[-96.7998,28.1843],[-96.7893,28.1894],[-96.7714,28.1885],[-96.7685,28.1851],[-96.7699,28.1888],[-96.759,28.1886],[-96.7561,28.1855],[-96.756,28.1883],[-96.7515,28.1876],[-96.7493,28.1763],[-96.7499,28.1738],[-96.7506,28.1717],[-96.7503,28.1712],[-96.7494,28.1724],[-96.748,28.1725],[-96.7502,28.1885],[-96.7464,28.1893],[-96.7466,28.1854],[-96.7449,28.184],[-96.7444,28.1851],[-96.7408,28.1819],[-96.7408,28.1843],[-96.7423,28.1838],[-96.7436,28.1867],[-96.7462,28.1866],[-96.7451,28.1894],[-96.7351,28.191],[-96.7336,28.1905],[-96.7016,28.1982],[-96.703,28.1991],[-96.6977,28.2022],[-96.6975,28.2064],[-96.6964,28.2041],[-96.6944,28.205],[-96.6961,28.2065],[-96.6902,28.2074],[-96.6931,28.2088],[-96.6912,28.2154],[-96.6916,28.2115],[-96.6876,28.2111],[-96.6903,28.2159],[-96.6948,28.2142],[-96.6971,28.2153],[-96.698,28.212],[-96.701,28.2128],[-96.6995,28.2098],[-96.7007,28.2091],[-96.7003,28.208],[-96.7006,28.2078],[-96.7023,28.2112],[-96.7034,28.2162],[-96.6873,28.2183],[-96.6718,28.2249],[-96.6691,28.2243],[-96.6687,28.2264],[-96.6543,28.2283],[-96.6629,28.2324],[-96.6652,28.2309],[-96.6569,28.2429],[-96.6495,28.2433],[-96.6506,28.2466],[-96.6539,28.2466],[-96.6549,28.2449],[-96.6563,28.2438],[-96.6569,28.244],[-96.6551,28.2471],[-96.6522,28.2509],[-96.6355,28.2607],[-96.6162,28.2633],[-96.6158,28.2624],[-96.6153,28.2625],[-96.6158,28.2646],[-96.6193,28.267],[-96.6261,28.2663],[-96.6253,28.2684],[-96.6312,28.2694],[-96.6227,28.2693],[-96.6218,28.2674],[-96.6195,28.2702],[-96.6111,28.2718],[-96.6108,28.2699],[-96.6017,28.2738],[-96.6039,28.2758],[-96.6109,28.2727],[-96.6137,28.2739],[-96.6068,28.2753],[-96.6069,28.2778],[-96.6042,28.2784],[-96.6017,28.2769],[-96.5921,28.279],[-96.5927,28.2795],[-96.5922,28.28],[-96.5924,28.2806],[-96.593,28.2799],[-96.5937,28.2799],[-96.5927,28.2817],[-96.5906,28.2828],[-96.5918,28.2839],[-96.5997,28.284],[-96.6079,28.2813],[-96.6125,28.281],[-96.6051,28.2863],[-96.6019,28.286],[-96.6048,28.2872],[-96.6007,28.2865],[-96.594,28.2871],[-96.5926,28.2885],[-96.5886,28.2893],[-96.5729,28.3013],[-96.575,28.3022],[-96.5673,28.3021],[-96.5704,28.2987],[-96.5664,28.2992],[-96.575,28.2925],[-96.5611,28.2926],[-96.5528,28.2938],[-96.5532,28.2918],[-96.5492,28.2924],[-96.5504,28.2946],[-96.5533,28.2945],[-96.5531,28.2962],[-96.5511,28.2956],[-96.5477,28.2985],[-96.5365,28.2979],[-96.5353,28.3031],[-96.5377,28.3047],[-96.5316,28.3029],[-96.5288,28.3046],[-96.5271,28.3077],[-96.5242,28.3075],[-96.5228,28.3049],[-96.5188,28.3031],[-96.5084,28.3091],[-96.5073,28.3126],[-96.5041,28.3119],[-96.5012,28.3127],[-96.5009,28.3148],[-96.4983,28.3149],[-96.4962,28.3176],[-96.493,28.3168],[-96.4906,28.3185],[-96.4843,28.3213],[-96.4821,28.3249],[-96.4796,28.3258],[-96.48,28.3274],[-96.4798,28.3265],[-96.4809,28.3278],[-96.4828,28.3272],[-96.483,28.3281],[-96.4936,28.3264],[-96.4923,28.3259],[-96.5014,28.3256],[-96.5086,28.3222],[-96.5117,28.3243],[-96.5216,28.3229],[-96.5385,28.315],[-96.5425,28.3084],[-96.5466,28.3063],[-96.5432,28.315],[-96.5287,28.3227],[-96.4865,28.329],[-96.4783,28.3299],[-96.4713,28.3317],[-96.4746,28.3306],[-96.4758,28.3269],[-96.4713,28.331],[-96.4653,28.3316],[-96.4642,28.3334],[-96.4637,28.3322],[-96.4633,28.3323],[-96.4634,28.3336],[-96.4611,28.3338],[-96.4637,28.3356],[-96.4613,28.3362],[-96.4611,28.3342],[-96.4475,28.3385],[-96.4334,28.3458],[-96.4339,28.3465],[-96.4276,28.3481],[-96.4281,28.349],[-96.4233,28.3506],[-96.4246,28.3504],[-96.4237,28.3519],[-96.4216,28.3512],[-96.422,28.3527],[-96.4195,28.3518],[-96.4205,28.3529],[-96.415,28.356],[-96.4183,28.3559],[-96.418,28.3574],[-96.4169,28.3578],[-96.4181,28.3582],[-96.4196,28.3572],[-96.4196,28.3576],[-96.4169,28.3595],[-96.4156,28.3585],[-96.4097,28.3611],[-96.4044,28.3621],[-96.4038,28.3649],[-96.414,28.3626],[-96.4155,28.3636],[-96.4075,28.368],[-96.4121,28.368],[-96.4151,28.3662],[-96.4132,28.3686],[-96.4194,28.3661],[-96.4171,28.3686],[-96.4109,28.37],[-96.4038,28.3684],[-96.4048,28.3716],[-96.4037,28.3718],[-96.3973,28.3447],[-96.4137,28.3273],[-96.4288,28.3228],[-96.5415,28.2739],[-96.6149,28.2337],[-96.6947,28.1821],[-96.7722,28.1265],[-96.8481,28.0654],[-96.8514,28.0655],[-96.8453,28.0711],[-96.8444,28.0828],[-96.8298,28.1106],[-96.8253,28.1123],[-96.8256,28.1136],[-96.8106,28.124],[-96.8114,28.133],[-96.805,28.1346],[-96.8024,28.1393],[-96.8035,28.1439],[-96.8107,28.1436],[-96.8144,28.1412],[-96.819,28.1436],[-96.8197,28.1419],[-96.8201,28.142],[-96.8194,28.1438],[-96.8173,28.1509],[-96.8166,28.1488],[-96.8154,28.1532],[-96.8169,28.1516],[-96.8169,28.1531],[-96.8176,28.152],[-96.8163,28.1545],[-96.8114,28.1558],[-96.8114,28.1569],[-96.8144,28.156],[-96.8159,28.1551],[-96.8163,28.1553],[-96.8156,28.1557],[-96.82,28.165],[-96.8195,28.1677]]],[[[-96.4702,28.3315],[-96.467,28.3335],[-96.4649,28.333],[-96.4702,28.3315]]],[[[-96.7985,28.2769],[-96.7963,28.2669],[-96.7883,28.2576],[-96.787,28.2517],[-96.7884,28.2473],[-96.7881,28.2502],[-96.7894,28.2501],[-96.7983,28.2318],[-96.7944,28.2298],[-96.7958,28.2282],[-96.7989,28.2313],[-96.7966,28.2278],[-96.8094,28.2202],[-96.7985,28.2769]]]]}},{"type":"Feature","properties":{"Dma":"Huntsville-Decatur (Florence)","dma":"Huntsville-Decatur (Florence)","name":"Huntsville-Decatur (Florence)","dma_code":"691","dma_name_nielsen":"HUNTSVILLE-DECATUR,FLOR"},"geometry":{"type":"Polygon","coordinates":[[[-85.5137,34.5242],[-85.5141,34.5245],[-85.5166,34.5245],[-85.5187,34.5261],[-85.5201,34.5263],[-85.5231,34.5251],[-85.5254,34.523],[-85.5258,34.5211],[-85.5229,34.5179],[-85.523,34.5168],[-85.5241,34.5164],[-85.5269,34.517],[-85.5345,34.5133],[-85.5353,34.5112],[-85.5374,34.508],[-85.5418,34.5054],[-85.5442,34.5005],[-85.5451,34.4998],[-85.5476,34.5001],[-85.5488,34.5014],[-85.552,34.5033],[-85.5549,34.5035],[-85.5552,34.5023],[-85.5561,34.5018],[-85.5576,34.5023],[-85.5593,34.5023],[-85.5582,34.4956],[-85.5585,34.492],[-85.5604,34.4899],[-85.5671,34.4903],[-85.5699,34.4884],[-85.5708,34.4869],[-85.5716,34.4859],[-85.5758,34.4851],[-85.5768,34.4844],[-85.577,34.4835],[-85.5755,34.4823],[-85.5732,34.4787],[-85.571,34.4776],[-85.5714,34.4746],[-85.5702,34.4686],[-85.5708,34.4668],[-85.5719,34.4665],[-85.5746,34.4697],[-85.5788,34.4707],[-85.5803,34.4703],[-85.5811,34.4691],[-85.581,34.4676],[-85.5787,34.4655],[-85.5781,34.463],[-85.5789,34.4599],[-85.5805,34.4592],[-85.5823,34.4591],[-85.5838,34.4585],[-85.5828,34.4549],[-85.5807,34.4517],[-85.5795,34.4445],[-85.5797,34.4397],[-85.5824,34.4357],[-85.5827,34.4341],[-85.5838,34.4326],[-85.5866,34.4318],[-85.59,34.4299],[-85.5905,34.4282],[-85.59,34.427],[-85.5887,34.4259],[-85.5888,34.4249],[-85.5901,34.4241],[-85.5926,34.4237],[-85.5965,34.4225],[-85.5991,34.422],[-85.601,34.4203],[-85.6012,34.418],[-85.5991,34.4161],[-85.6001,34.4149],[-85.6063,34.412],[-85.6075,34.4106],[-85.6089,34.4074],[-85.6111,34.4062],[-85.6121,34.4019],[-85.6142,34.3989],[-85.6148,34.3947],[-85.6167,34.3934],[-85.6189,34.3939],[-85.6256,34.3977],[-85.6268,34.3976],[-85.6275,34.3958],[-85.6266,34.3937],[-85.6233,34.3912],[-85.6221,34.3897],[-85.6203,34.3885],[-85.6203,34.387],[-85.6235,34.3847],[-85.6245,34.3826],[-85.6288,34.3818],[-85.6303,34.3801],[-85.6298,34.3783],[-85.6283,34.3747],[-85.6286,34.3729],[-85.6292,34.3724],[-85.632,34.3715],[-85.6349,34.3692],[-85.6361,34.3669],[-85.6376,34.3664],[-85.6412,34.3664],[-85.6419,34.3675],[-85.6435,34.3693],[-85.6461,34.3694],[-85.6467,34.3688],[-85.6468,34.3651],[-85.6478,34.364],[-85.6513,34.3641],[-85.6541,34.363],[-85.6603,34.3624],[-85.6628,34.3626],[-85.6642,34.3619],[-85.6687,34.3581],[-85.6687,34.3542],[-85.6718,34.3526],[-85.6722,34.351],[-85.6729,34.3497],[-85.6764,34.3474],[-85.6753,34.3434],[-85.6787,34.3405],[-85.7388,34.2894],[-85.7441,34.2848],[-85.7695,34.2631],[-85.7742,34.2591],[-85.7884,34.2591],[-85.809,34.2589],[-85.8084,34.2393],[-85.8177,34.2388],[-85.8255,34.2401],[-85.8438,34.2442],[-85.8436,34.2001],[-85.8951,34.2001],[-85.9006,34.2001],[-85.9166,34.1999],[-85.9564,34.1996],[-85.9985,34.1993],[-86.0027,34.1993],[-86.0086,34.1994],[-86.0137,34.1996],[-86.0357,34.1995],[-86.093,34.2006],[-86.0965,34.2006],[-86.1061,34.2008],[-86.1057,34.1863],[-86.1277,34.1867],[-86.133,34.1868],[-86.1601,34.1874],[-86.1674,34.1875],[-86.1686,34.1867],[-86.1706,34.1861],[-86.1713,34.1853],[-86.1726,34.1846],[-86.1748,34.1829],[-86.1756,34.183],[-86.1769,34.1841],[-86.1781,34.1843],[-86.1814,34.1827],[-86.1832,34.1828],[-86.185,34.1834],[-86.1867,34.1832],[-86.1887,34.1834],[-86.1916,34.1819],[-86.1932,34.1817],[-86.196,34.1788],[-86.1976,34.1781],[-86.1998,34.1771],[-86.2533,34.1371],[-86.3035,34.0991],[-86.3047,34.1016],[-86.309,34.1045],[-86.3121,34.1084],[-86.3125,34.1102],[-86.3144,34.1124],[-86.3213,34.1153],[-86.3252,34.12],[-86.3348,34.1298],[-86.3438,34.139],[-86.3607,34.1564],[-86.3783,34.1738],[-86.409,34.205],[-86.4148,34.2122],[-86.417,34.215],[-86.4451,34.2495],[-86.4441,34.2591],[-86.4529,34.2593],[-86.4527,34.2633],[-86.4563,34.2634],[-86.4511,34.2744],[-86.4597,34.2744],[-86.4596,34.2781],[-86.4595,34.2891],[-86.477,34.2893],[-86.4775,34.3027],[-86.5262,34.3034],[-86.5607,34.304],[-86.5819,34.3047],[-86.6315,34.3054],[-86.6552,34.3055],[-86.6613,34.3055],[-86.6678,34.3055],[-86.6766,34.3059],[-86.6908,34.3062],[-86.6976,34.3062],[-86.7253,34.3066],[-86.7438,34.3068],[-86.7514,34.3069],[-86.7575,34.307],[-86.7758,34.3072],[-86.7934,34.3075],[-86.875,34.3089],[-86.8934,34.3095],[-86.9505,34.311],[-86.9677,34.3114],[-86.9919,34.3117],[-86.9982,34.3117],[-87.0087,34.3117],[-87.044,34.312],[-87.0926,34.3123],[-87.1101,34.3138],[-87.1101,34.3134],[-87.1099,34.2993],[-87.1845,34.2993],[-87.2558,34.2992],[-87.2744,34.2993],[-87.2864,34.2994],[-87.334,34.3001],[-87.3739,34.3008],[-87.4973,34.3044],[-87.5297,34.3046],[-87.625,34.3066],[-87.6318,34.3069],[-87.6347,34.307],[-87.6501,34.3075],[-87.7012,34.3094],[-87.7658,34.3107],[-87.7948,34.3109],[-87.7969,34.3109],[-87.7975,34.3109],[-87.8084,34.311],[-87.8369,34.3112],[-87.8429,34.3113],[-87.8832,34.312],[-87.9082,34.3125],[-87.9925,34.3147],[-88.0017,34.3149],[-88.0186,34.3154],[-88.0281,34.3156],[-88.1721,34.321],[-88.1736,34.3211],[-88.1656,34.3831],[-88.1563,34.4632],[-88.1493,34.5152],[-88.14,34.5817],[-88.1344,34.6219],[-88.1231,34.6954],[-88.1185,34.7238],[-88.1169,34.7414],[-88.1076,34.8116],[-88.0979,34.8922],[-88.0992,34.8937],[-88.1277,34.9033],[-88.1331,34.906],[-88.1387,34.9089],[-88.1475,34.9156],[-88.1553,34.9232],[-88.1624,34.9353],[-88.1668,34.9443],[-88.1755,34.9614],[-88.18,34.9675],[-88.1864,34.9734],[-88.1903,34.9796],[-88.199,34.9918],[-88.2001,34.9956],[-88.2011,35.0001],[-88.2026,35.007],[-88.203,35.008],[-88.051,35.0064],[-87.9849,35.0059],[-87.9842,35.1322],[-87.9836,35.1802],[-87.983,35.2188],[-87.9816,35.2957],[-87.9851,35.2954],[-87.9881,35.2971],[-87.9905,35.2972],[-87.9935,35.2989],[-87.9953,35.3013],[-87.9974,35.3023],[-88.002,35.3011],[-88.0028,35.3014],[-88.0047,35.3007],[-88.0069,35.3012],[-88.008,35.3007],[-88.0095,35.3015],[-88.0114,35.301],[-88.0121,35.301],[-88.0124,35.2999],[-88.0154,35.299],[-88.0167,35.2996],[-88.0176,35.2996],[-88.0167,35.3005],[-88.0164,35.3033],[-88.0174,35.3037],[-88.0172,35.3066],[-88.0147,35.3089],[-88.0137,35.3097],[-88.0141,35.3109],[-88.014,35.3135],[-88.0158,35.3156],[-88.0175,35.3166],[-88.0162,35.3192],[-88.0163,35.3204],[-88.0159,35.3218],[-88.0164,35.3225],[-88.0141,35.329],[-88.0168,35.3296],[-88.0178,35.33],[-88.018,35.331],[-88.0164,35.3348],[-88.0153,35.3347],[-88.0136,35.3376],[-88.0113,35.3385],[-88.0103,35.3386],[-88.0078,35.3444],[-88.0064,35.3461],[-88.0049,35.3509],[-88.0063,35.3525],[-88.0064,35.3535],[-88.0079,35.354],[-88.0098,35.3563],[-88.0101,35.3587],[-88.0151,35.3628],[-88.0152,35.3645],[-88.017,35.3654],[-88.0171,35.3664],[-88.0133,35.3702],[-88.0152,35.3718],[-88.0161,35.3716],[-88.0167,35.3701],[-88.0183,35.3704],[-88.02,35.3679],[-88.0212,35.3685],[-88.0225,35.3686],[-88.0233,35.3695],[-88.0247,35.3696],[-88.0247,35.3923],[-88.0224,35.3905],[-88.0171,35.3876],[-88.0125,35.3869],[-87.9942,35.3896],[-87.9846,35.3921],[-87.9805,35.395],[-87.9749,35.4018],[-87.9737,35.405],[-87.9734,35.4096],[-87.9752,35.4142],[-87.978,35.4163],[-87.9785,35.4153],[-87.9787,35.415],[-87.9829,35.4149],[-87.9859,35.4155],[-87.9968,35.4202],[-88.0077,35.4234],[-88.0078,35.4246],[-88.0088,35.4258],[-88.0126,35.4266],[-88.0116,35.433],[-88.0096,35.4326],[-88.0086,35.4332],[-88.0087,35.4358],[-88.0052,35.437],[-88.0049,35.4375],[-88.0026,35.4392],[-88.0003,35.4426],[-87.9988,35.4426],[-87.996,35.443],[-87.996,35.4448],[-87.9913,35.4471],[-87.9907,35.4503],[-87.99,35.4509],[-87.9894,35.4528],[-87.9883,35.4539],[-87.9862,35.4532],[-87.9848,35.4522],[-87.983,35.4527],[-87.9827,35.4533],[-87.9822,35.4551],[-87.981,35.4563],[-87.9807,35.4576],[-87.9774,35.4587],[-87.9762,35.4586],[-87.9738,35.4602],[-87.9711,35.4581],[-87.968,35.4574],[-87.9668,35.457],[-87.9654,35.4577],[-87.9631,35.4577],[-87.9612,35.4596],[-87.9594,35.4595],[-87.9575,35.4599],[-87.9556,35.4598],[-87.9546,35.4601],[-87.9542,35.4595],[-87.953,35.4594],[-87.9522,35.4582],[-87.9465,35.4593],[-87.9454,35.4607],[-87.943,35.4617],[-87.9421,35.4617],[-87.9423,35.4643],[-87.9405,35.4645],[-87.9364,35.4639],[-87.9339,35.4654],[-87.9324,35.4656],[-87.9316,35.4652],[-87.9285,35.4626],[-87.9277,35.4618],[-87.9261,35.4617],[-87.9258,35.4605],[-87.9222,35.4601],[-87.922,35.4596],[-87.9209,35.4608],[-87.9195,35.4638],[-87.9169,35.4643],[-87.9159,35.4641],[-87.9148,35.465],[-87.9137,35.4659],[-87.9123,35.4656],[-87.9116,35.4661],[-87.9106,35.4657],[-87.9082,35.4637],[-87.9065,35.4636],[-87.9053,35.4628],[-87.9042,35.4632],[-87.9032,35.4631],[-87.9016,35.4638],[-87.9004,35.4637],[-87.8993,35.4637],[-87.8981,35.4644],[-87.8925,35.4652],[-87.8901,35.4661],[-87.8871,35.468],[-87.8864,35.4683],[-87.8865,35.4696],[-87.8838,35.4709],[-87.8795,35.4701],[-87.8764,35.469],[-87.876,35.4696],[-87.875,35.4709],[-87.8734,35.4717],[-87.8729,35.4727],[-87.8714,35.4734],[-87.8705,35.4727],[-87.8684,35.474],[-87.8644,35.4759],[-87.8625,35.4751],[-87.8619,35.4736],[-87.8609,35.4735],[-87.8605,35.4712],[-87.8601,35.4703],[-87.8595,35.4695],[-87.86,35.4691],[-87.8596,35.4674],[-87.8585,35.4667],[-87.8585,35.4654],[-87.8473,35.4653],[-87.8287,35.4694],[-87.8269,35.47],[-87.823,35.4759],[-87.8206,35.4768],[-87.8159,35.4768],[-87.815,35.4766],[-87.8117,35.4814],[-87.8093,35.48],[-87.8072,35.4796],[-87.8036,35.485],[-87.7523,35.4893],[-87.7455,35.4918],[-87.7338,35.4917],[-87.7176,35.4833],[-87.6987,35.48],[-87.6858,35.4728],[-87.6459,35.4727],[-87.6463,35.4515],[-87.6465,35.4421],[-87.6414,35.4409],[-87.6326,35.441],[-87.6326,35.4383],[-87.6104,35.4365],[-87.6073,35.4362],[-87.6085,35.427],[-87.6051,35.4194],[-87.6012,35.4186],[-87.5972,35.4117],[-87.5919,35.4116],[-87.5907,35.4116],[-87.5772,35.4064],[-87.5752,35.4063],[-87.5753,35.4038],[-87.5754,35.3985],[-87.5787,35.2448],[-87.5788,35.2221],[-87.5789,35.187],[-87.5762,35.1879],[-87.5755,35.1907],[-87.5727,35.1905],[-87.5762,35.1665],[-87.5747,35.1652],[-87.5747,35.1638],[-87.5778,35.1596],[-87.5776,35.157],[-87.5765,35.155],[-87.5769,35.1526],[-87.5777,35.153],[-87.5789,35.1551],[-87.5814,35.1557],[-87.5834,35.1554],[-87.5834,35.1431],[-87.5904,35.1428],[-87.5897,35.1042],[-87.5888,35.0584],[-87.5834,35.0584],[-87.5836,35.0539],[-87.5787,35.0538],[-87.5773,35.0538],[-87.5774,35.051],[-87.5727,35.0509],[-87.5728,35.0491],[-87.5813,35.0492],[-87.5813,35.045],[-87.5798,35.045],[-87.5796,35.0376],[-87.5786,35.0374],[-87.5786,35.0349],[-87.5849,35.0346],[-87.6057,35.0359],[-87.6075,35.0223],[-87.6114,35.02],[-87.6116,35.0181],[-87.6097,35.0141],[-87.6102,35.0119],[-87.6098,35.0091],[-87.6061,35.0035],[-87.5773,35.0035],[-87.5212,35.0031],[-87.4929,35.0031],[-87.482,35.0029],[-87.4374,35.0028],[-87.4286,35.0028],[-87.3593,35.0018],[-87.3493,35.0017],[-87.3439,35.0016],[-87.3308,35.0014],[-87.3215,35.0013],[-87.2232,34.9993],[-87.2108,34.999],[-87.0899,34.9966],[-87.0554,34.9962],[-87.0301,34.9955],[-86.9375,34.9939],[-86.9047,34.9927],[-86.8999,34.9928],[-86.8777,34.9922],[-86.8364,34.9918],[-86.8337,35.0824],[-86.8323,35.1283],[-86.8316,35.1511],[-86.8315,35.1529],[-86.8304,35.1894],[-86.8292,35.2238],[-86.829,35.231],[-86.8283,35.2637],[-86.7905,35.2587],[-86.7671,35.2556],[-86.7469,35.2529],[-86.7394,35.2608],[-86.737,35.2608],[-86.7368,35.2635],[-86.7349,35.2653],[-86.7325,35.2677],[-86.7307,35.2695],[-86.7278,35.2725],[-86.726,35.2742],[-86.7245,35.2758],[-86.7113,35.2855],[-86.698,35.2953],[-86.6801,35.3042],[-86.6799,35.309],[-86.6773,35.3103],[-86.6774,35.3107],[-86.673,35.3104],[-86.6732,35.3077],[-86.6679,35.3104],[-86.655,35.315],[-86.6552,35.3114],[-86.6547,35.3118],[-86.6511,35.3111],[-86.65,35.3098],[-86.6414,35.3182],[-86.6412,35.3197],[-86.6389,35.3205],[-86.6026,35.327],[-86.6023,35.3338],[-86.6045,35.3373],[-86.6042,35.3396],[-86.6057,35.3421],[-86.6057,35.3434],[-86.604,35.3443],[-86.6032,35.3455],[-86.6034,35.3486],[-86.6025,35.3496],[-86.5995,35.365],[-86.5979,35.3639],[-86.5952,35.3645],[-86.5938,35.3656],[-86.5918,35.3664],[-86.5901,35.3679],[-86.5831,35.371],[-86.5821,35.3693],[-86.5806,35.3701],[-86.5785,35.3693],[-86.5768,35.3694],[-86.5758,35.3674],[-86.5714,35.368],[-86.5686,35.3669],[-86.5661,35.3666],[-86.5644,35.3657],[-86.5624,35.3658],[-86.5609,35.3643],[-86.5588,35.3643],[-86.5575,35.3632],[-86.5547,35.3623],[-86.5532,35.3603],[-86.5519,35.36],[-86.5507,35.3619],[-86.548,35.3621],[-86.5478,35.3633],[-86.5437,35.3631],[-86.5401,35.3597],[-86.5389,35.3561],[-86.5371,35.3552],[-86.5329,35.3516],[-86.5321,35.3516],[-86.5315,35.3547],[-86.5296,35.3556],[-86.5274,35.3546],[-86.5263,35.3551],[-86.5253,35.3548],[-86.5256,35.3514],[-86.5265,35.3499],[-86.5293,35.3486],[-86.533,35.3434],[-86.5354,35.3416],[-86.536,35.339],[-86.5382,35.3365],[-86.5396,35.3355],[-86.5382,35.3346],[-86.5383,35.334],[-86.5377,35.3324],[-86.5367,35.3323],[-86.5367,35.33],[-86.535,35.3298],[-86.5351,35.3279],[-86.5341,35.3274],[-86.5336,35.3251],[-86.5318,35.3251],[-86.5299,35.3214],[-86.531,35.3187],[-86.531,35.3179],[-86.5273,35.3115],[-86.5153,35.3106],[-86.4803,35.2989],[-86.4614,35.2928],[-86.4612,35.2919],[-86.4599,35.2918],[-86.4599,35.2888],[-86.4612,35.2865],[-86.4614,35.2851],[-86.4614,35.2846],[-86.4525,35.2844],[-86.4446,35.2798],[-86.4449,35.2794],[-86.4438,35.2783],[-86.4442,35.278],[-86.447,35.2759],[-86.4456,35.2752],[-86.4368,35.2752],[-86.4372,35.2749],[-86.4375,35.2726],[-86.4356,35.2722],[-86.4357,35.2708],[-86.438,35.2673],[-86.4344,35.2642],[-86.426,35.2657],[-86.4261,35.262],[-86.4261,35.2596],[-86.4206,35.2597],[-86.4205,35.2575],[-86.417,35.2579],[-86.4188,35.2603],[-86.4156,35.2607],[-86.4111,35.2595],[-86.412,35.2534],[-86.4117,35.2518],[-86.4149,35.2511],[-86.4159,35.2532],[-86.4184,35.2533],[-86.4184,35.254],[-86.4205,35.2539],[-86.4208,35.2491],[-86.4195,35.2491],[-86.4188,35.2482],[-86.4141,35.2485],[-86.4127,35.2472],[-86.4132,35.2469],[-86.4127,35.2454],[-86.416,35.2454],[-86.4163,35.2438],[-86.42,35.2437],[-86.4199,35.2403],[-86.423,35.2406],[-86.4239,35.2411],[-86.4238,35.2373],[-86.4192,35.2375],[-86.4195,35.2362],[-86.4166,35.2325],[-86.414,35.2284],[-86.4152,35.2263],[-86.4121,35.227],[-86.4087,35.2286],[-86.4088,35.23],[-86.4099,35.2325],[-86.4109,35.2351],[-86.4102,35.2354],[-86.4104,35.2366],[-86.4084,35.2381],[-86.406,35.2378],[-86.4041,35.2385],[-86.4035,35.2378],[-86.402,35.2373],[-86.3978,35.2368],[-86.3968,35.2359],[-86.3922,35.2354],[-86.3922,35.2284],[-86.3853,35.2166],[-86.3842,35.2137],[-86.3789,35.2046],[-86.3796,35.1972],[-86.375,35.1913],[-86.3738,35.1882],[-86.3744,35.1828],[-86.3728,35.1816],[-86.3704,35.1791],[-86.3707,35.1783],[-86.3703,35.177],[-86.3707,35.1752],[-86.3694,35.1736],[-86.3685,35.1716],[-86.3701,35.1709],[-86.3708,35.1697],[-86.3713,35.1697],[-86.3695,35.159],[-86.3705,35.1444],[-86.368,35.1413],[-86.3691,35.1394],[-86.3701,35.136],[-86.3691,35.1284],[-86.3666,35.1251],[-86.363,35.1229],[-86.3604,35.123],[-86.3592,35.1244],[-86.3583,35.1269],[-86.3552,35.1309],[-86.3558,35.1319],[-86.3569,35.1357],[-86.3557,35.1374],[-86.3564,35.1401],[-86.355,35.1434],[-86.3532,35.1455],[-86.3506,35.1467],[-86.3489,35.1453],[-86.3486,35.1436],[-86.3491,35.1395],[-86.349,35.1362],[-86.3468,35.1321],[-86.3442,35.1294],[-86.341,35.1292],[-86.3375,35.129],[-86.3346,35.1252],[-86.3312,35.1232],[-86.3278,35.1225],[-86.3182,35.1272],[-86.3181,35.106],[-86.3178,35.0631],[-86.32,35.0375],[-86.3203,35.0328],[-86.3198,35.0203],[-86.3197,35.0189],[-86.3188,34.9912],[-86.3113,34.9911],[-86.1523,34.9899],[-86.0672,34.9895],[-85.8653,34.9883],[-85.8609,34.9882],[-85.8022,34.9877],[-85.7003,34.9863],[-85.6115,34.9848],[-85.6052,34.9847],[-85.5992,34.9501],[-85.5967,34.9322],[-85.5831,34.8604],[-85.5756,34.8212],[-85.5745,34.8155],[-85.5639,34.7627],[-85.5572,34.7306],[-85.542,34.6602],[-85.5341,34.6239],[-85.5273,34.5887],[-85.516,34.5364],[-85.5137,34.5242]]]}},{"type":"Feature","properties":{"Dma":"Idaho Falls-Pocatello","dma":"Idaho Falls-Pocatello","name":"Idaho Falls-Pocatello","dma_code":"758","dma_name_nielsen":"IDAHO FALLS-POCATELLO"},"geometry":{"type":"Polygon","coordinates":[[[-110.0532,44.008],[-110.0536,43.8145],[-110.0514,43.8145],[-110.0514,43.7046],[-110.0518,43.5956],[-110.051,43.581],[-110.0512,43.5748],[-110.0512,43.5581],[-110.0516,43.4648],[-110.0575,43.4648],[-110.057,43.4508],[-110.0573,43.3778],[-110.1239,43.3781],[-110.2717,43.3784],[-110.3442,43.3779],[-110.344,43.2912],[-110.5784,43.2916],[-110.5787,43.2352],[-110.5786,43.1263],[-110.588,43.1261],[-110.5881,43.0403],[-110.589,43.0402],[-110.5888,42.9993],[-110.588,42.8431],[-110.5877,42.7792],[-110.6234,42.7792],[-110.6235,42.7102],[-110.5901,42.7101],[-110.5899,42.4999],[-110.5895,42.4999],[-110.59,42.4581],[-110.5901,42.4484],[-110.5433,42.4485],[-110.5417,42.2864],[-110.5416,42.2775],[-110.5314,42.2775],[-110.4248,42.2799],[-110.4249,42.2761],[-110.3238,42.2756],[-110.2065,42.2765],[-110.2069,42.2706],[-110.1898,42.2707],[-110.1892,42.2707],[-110.1015,42.271],[-110.0537,42.2707],[-110.0535,42.2216],[-110.0543,42.0303],[-110.0544,42.007],[-110.0464,42.0069],[-110.0469,41.7099],[-110.048,41.5775],[-110.4497,41.5791],[-110.5849,41.5792],[-110.8182,41.5792],[-110.9868,41.5796],[-111.0458,41.5798],[-111.0462,41.7678],[-111.0462,41.7797],[-111.0467,42.0016],[-111.0472,42.2598],[-111.0471,42.4009],[-111.0467,42.5131],[-111.0558,42.5119],[-111.0618,42.5105],[-111.0638,42.5092],[-111.0642,42.5084],[-111.0592,42.5041],[-111.0587,42.502],[-111.0607,42.4999],[-111.0661,42.4981],[-111.0725,42.4968],[-111.0728,42.4959],[-111.0715,42.4921],[-111.0762,42.4924],[-111.0811,42.4936],[-111.0844,42.4927],[-111.0873,42.4922],[-111.0902,42.4909],[-111.0914,42.4902],[-111.0949,42.4891],[-111.0955,42.4906],[-111.0957,42.4915],[-111.0979,42.491],[-111.099,42.4913],[-111.101,42.4909],[-111.1019,42.4902],[-111.1039,42.4904],[-111.1046,42.4917],[-111.107,42.4913],[-111.1075,42.4907],[-111.1096,42.4915],[-111.1143,42.4897],[-111.1163,42.4877],[-111.1208,42.4864],[-111.1217,42.4841],[-111.1272,42.4818],[-111.1311,42.4816],[-111.1319,42.4829],[-111.1318,42.4841],[-111.1358,42.4862],[-111.1372,42.4869],[-111.1387,42.4879],[-111.1414,42.4864],[-111.1442,42.4862],[-111.149,42.4908],[-111.1515,42.4888],[-111.1535,42.4882],[-111.1555,42.4891],[-111.1566,42.4907],[-111.1589,42.4908],[-111.1604,42.4847],[-111.1612,42.4813],[-111.162,42.4789],[-111.1624,42.4773],[-111.1633,42.4767],[-111.1637,42.4761],[-111.168,42.4771],[-111.1691,42.4752],[-111.1703,42.4736],[-111.1713,42.4734],[-111.1715,42.4771],[-111.1764,42.4782],[-111.1801,42.4758],[-111.1831,42.4762],[-111.1869,42.4784],[-111.1892,42.4795],[-111.1914,42.479],[-111.1948,42.4789],[-111.197,42.4804],[-111.1984,42.4798],[-111.2014,42.4809],[-111.2095,42.4792],[-111.2122,42.4793],[-111.2189,42.4794],[-111.2219,42.4791],[-111.2271,42.4779],[-111.2292,42.4775],[-111.2315,42.4792],[-111.2342,42.4788],[-111.2347,42.4784],[-111.2366,42.481],[-111.2376,42.4833],[-111.2415,42.4856],[-111.2438,42.4888],[-111.2452,42.4923],[-111.2471,42.4935],[-111.2489,42.4957],[-111.249,42.4999],[-111.2487,42.5032],[-111.2458,42.504],[-111.2431,42.5062],[-111.2394,42.5073],[-111.2366,42.5079],[-111.2368,42.5095],[-111.237,42.5102],[-111.2362,42.5113],[-111.2363,42.5142],[-111.236,42.5163],[-111.2364,42.5187],[-111.2344,42.521],[-111.2317,42.5257],[-111.2323,42.5278],[-111.2295,42.5358],[-111.2282,42.5381],[-111.2285,42.5391],[-111.2275,42.5414],[-111.2271,42.5458],[-111.2279,42.5493],[-111.2259,42.5568],[-111.2266,42.5577],[-111.2252,42.5596],[-111.2249,42.5611],[-111.226,42.5635],[-111.2245,42.5649],[-111.2227,42.5703],[-111.2217,42.5724],[-111.2301,42.5745],[-111.2315,42.5759],[-111.2313,42.5789],[-111.231,42.5805],[-111.2347,42.5798],[-111.2352,42.58],[-111.2371,42.5806],[-111.2391,42.5832],[-111.2402,42.5839],[-111.241,42.5853],[-111.2391,42.5895],[-111.2428,42.5919],[-111.2412,42.6005],[-111.2414,42.6021],[-111.2452,42.603],[-111.2471,42.6031],[-111.2486,42.6012],[-111.2483,42.6002],[-111.2495,42.5982],[-111.2495,42.5966],[-111.252,42.594],[-111.2535,42.5886],[-111.2606,42.5835],[-111.2613,42.5826],[-111.2625,42.5821],[-111.2634,42.5798],[-111.2647,42.5787],[-111.264,42.5764],[-111.2621,42.5745],[-111.2651,42.5728],[-111.266,42.5712],[-111.2694,42.5683],[-111.2741,42.5613],[-111.2783,42.5592],[-111.279,42.5561],[-111.2788,42.5556],[-111.2801,42.553],[-111.2812,42.553],[-111.2869,42.5552],[-111.2909,42.556],[-111.2961,42.5584],[-111.2961,42.5596],[-111.2968,42.5596],[-111.3,42.56],[-111.3014,42.5596],[-111.3054,42.56],[-111.3088,42.5611],[-111.3107,42.5607],[-111.3147,42.5613],[-111.3167,42.5601],[-111.3181,42.56],[-111.3196,42.5612],[-111.3215,42.5614],[-111.3235,42.5627],[-111.3262,42.563],[-111.3278,42.5638],[-111.3313,42.5671],[-111.3364,42.5666],[-111.3386,42.5699],[-111.3424,42.5714],[-111.3418,42.5744],[-111.3413,42.5766],[-111.3386,42.582],[-111.34,42.5839],[-111.3404,42.5863],[-111.3489,42.5857],[-111.3521,42.5862],[-111.3546,42.5862],[-111.3566,42.5882],[-111.3594,42.587],[-111.3634,42.5885],[-111.3648,42.5905],[-111.3758,42.5903],[-111.5744,42.5905],[-111.6021,42.5907],[-111.6041,42.5906],[-111.6055,42.5874],[-111.6085,42.5857],[-111.616,42.5839],[-111.6172,42.581],[-111.6166,42.5784],[-111.6175,42.5771],[-111.6191,42.5764],[-111.6239,42.5772],[-111.6278,42.5756],[-111.6291,42.573],[-111.6342,42.5707],[-111.6344,42.5703],[-111.6349,42.5701],[-111.6334,42.5659],[-111.6326,42.5652],[-111.6345,42.5624],[-111.6326,42.5582],[-111.6316,42.5574],[-111.6296,42.5533],[-111.6306,42.5519],[-111.6302,42.5506],[-111.6317,42.5468],[-111.63,42.5429],[-111.6295,42.5397],[-111.6263,42.5356],[-111.6258,42.5335],[-111.6253,42.5333],[-111.6247,42.5231],[-111.6229,42.5213],[-111.6208,42.5164],[-111.6195,42.5149],[-111.6125,42.5122],[-111.6108,42.5106],[-111.6083,42.5042],[-111.6065,42.502],[-111.606,42.4965],[-111.6068,42.4943],[-111.6028,42.4913],[-111.6035,42.4863],[-111.6011,42.4837],[-111.5978,42.4825],[-111.5976,42.4797],[-111.598,42.4775],[-111.597,42.4748],[-111.5967,42.4727],[-111.5947,42.4683],[-111.5931,42.4631],[-111.5895,42.4592],[-111.589,42.4576],[-111.5884,42.456],[-111.5833,42.4477],[-111.5825,42.4467],[-111.5835,42.4455],[-111.5838,42.4439],[-111.5817,42.4409],[-111.5836,42.435],[-111.5817,42.4329],[-111.5798,42.4318],[-111.5796,42.4296],[-111.5813,42.4295],[-111.5825,42.4287],[-111.5832,42.4276],[-111.5853,42.4265],[-111.5861,42.4258],[-111.5907,42.4253],[-111.5934,42.4248],[-111.595,42.425],[-111.5949,42.4236],[-111.5947,42.4231],[-111.5966,42.4207],[-111.5975,42.4198],[-111.5986,42.4158],[-111.6031,42.4158],[-111.6031,42.4166],[-111.6424,42.4162],[-111.7092,42.416],[-111.7112,42.416],[-111.7111,42.427],[-111.716,42.427],[-111.716,42.4307],[-111.7335,42.4304],[-111.7339,42.4294],[-111.7321,42.4286],[-111.7314,42.4277],[-111.7304,42.4275],[-111.7288,42.429],[-111.728,42.4292],[-111.7279,42.4273],[-111.729,42.4267],[-111.7328,42.427],[-111.7361,42.4289],[-111.7375,42.4285],[-111.7383,42.4262],[-111.7371,42.4243],[-111.7341,42.4238],[-111.734,42.4222],[-111.7357,42.4216],[-111.7385,42.4228],[-111.7388,42.4221],[-111.7373,42.4208],[-111.7367,42.4195],[-111.7351,42.4194],[-111.7347,42.4181],[-111.7356,42.417],[-111.7383,42.4177],[-111.7387,42.4163],[-111.7466,42.4163],[-111.856,42.4162],[-111.8756,42.4163],[-111.8952,42.4161],[-111.895,42.3829],[-111.8952,42.3306],[-111.896,42.3292],[-111.8977,42.3148],[-111.8972,42.2566],[-111.9457,42.2566],[-111.9597,42.2566],[-111.9846,42.2566],[-111.9843,42.2856],[-112.1263,42.2853],[-112.1265,42.2864],[-112.1283,42.2879],[-112.1286,42.2896],[-112.1301,42.2913],[-112.1339,42.2932],[-112.1367,42.2955],[-112.1385,42.2956],[-112.1396,42.2942],[-112.1412,42.294],[-112.1433,42.2934],[-112.1483,42.2932],[-112.153,42.2945],[-112.1549,42.2942],[-112.156,42.2947],[-112.156,42.2967],[-112.1591,42.299],[-112.1613,42.2996],[-112.161,42.3019],[-112.1612,42.3032],[-112.1603,42.3055],[-112.1611,42.3087],[-112.1635,42.3111],[-112.1637,42.3123],[-112.1651,42.314],[-112.1666,42.3141],[-112.1688,42.3152],[-112.1689,42.317],[-112.1708,42.3179],[-112.1718,42.3197],[-112.1748,42.3235],[-112.1763,42.3239],[-112.1766,42.3248],[-112.177,42.3257],[-112.177,42.3269],[-112.1778,42.3291],[-112.1796,42.332],[-112.1858,42.3373],[-112.1856,42.3381],[-112.1886,42.3458],[-112.1907,42.3478],[-112.1904,42.3497],[-112.1907,42.3512],[-112.2594,42.3509],[-112.2594,42.3421],[-112.2626,42.3381],[-112.2637,42.3352],[-112.2679,42.3307],[-112.2667,42.3288],[-112.269,42.3281],[-112.2723,42.3268],[-112.276,42.3213],[-112.2757,42.3189],[-112.2777,42.3173],[-112.28,42.3167],[-112.2912,42.3168],[-112.2921,42.318],[-112.296,42.3194],[-112.2981,42.3216],[-112.3018,42.3237],[-112.3029,42.3255],[-112.3048,42.3266],[-112.3078,42.3268],[-112.3103,42.3249],[-112.3153,42.3222],[-112.3157,42.3229],[-112.3215,42.3235],[-112.3234,42.3239],[-112.327,42.3239],[-112.3274,42.3247],[-112.3272,42.3266],[-112.3286,42.3294],[-112.3282,42.3326],[-112.3284,42.3378],[-112.3298,42.3393],[-112.3307,42.3433],[-112.3291,42.3451],[-112.3287,42.3474],[-112.3239,42.3518],[-112.3239,42.3535],[-112.3226,42.354],[-112.3215,42.3553],[-112.319,42.3563],[-112.3138,42.364],[-112.3117,42.366],[-112.3102,42.3658],[-112.3095,42.3672],[-112.3097,42.3692],[-112.3105,42.3705],[-112.3095,42.3727],[-112.3057,42.3767],[-112.3053,42.3788],[-112.3042,42.3798],[-112.3032,42.38],[-112.3015,42.3821],[-112.2977,42.3845],[-112.2968,42.3859],[-112.2954,42.3858],[-112.2939,42.3866],[-112.2941,42.395],[-112.2913,42.3957],[-112.2908,42.3975],[-112.2916,42.4023],[-112.2921,42.4028],[-112.2925,42.4061],[-112.2937,42.408],[-112.2931,42.4098],[-112.2934,42.4113],[-112.2922,42.4157],[-112.2935,42.4178],[-112.2936,42.4204],[-112.2935,42.4228],[-112.2926,42.4235],[-112.2908,42.427],[-112.2925,42.4292],[-112.2931,42.4315],[-112.2941,42.4336],[-112.2941,42.4358],[-112.2951,42.4369],[-112.2955,42.44],[-112.2949,42.4419],[-112.2958,42.4433],[-112.2944,42.4462],[-112.2955,42.4471],[-112.2957,42.4483],[-112.2968,42.4494],[-112.2969,42.4506],[-112.2975,42.4545],[-112.3006,42.4547],[-112.3043,42.4564],[-112.3085,42.4568],[-112.3106,42.4559],[-112.3117,42.4531],[-112.3135,42.4527],[-112.3181,42.4513],[-112.3193,42.4496],[-112.3219,42.4493],[-112.323,42.4508],[-112.3242,42.451],[-112.3283,42.4497],[-112.3326,42.45],[-112.3337,42.4494],[-112.3354,42.4492],[-112.3383,42.4486],[-112.3425,42.4479],[-112.3434,42.4483],[-112.3455,42.4494],[-112.3477,42.4527],[-112.3477,42.4552],[-112.3473,42.4576],[-112.3461,42.4586],[-112.3459,42.4671],[-112.3655,42.467],[-112.3655,42.4742],[-112.3702,42.4742],[-112.3704,42.4814],[-112.3803,42.4817],[-112.3805,42.4891],[-112.3844,42.489],[-112.3848,42.4996],[-112.3846,42.5029],[-112.42,42.5029],[-112.4982,42.503],[-112.4978,42.416],[-112.5103,42.416],[-112.5929,42.4162],[-112.654,42.416],[-112.654,42.3289],[-112.7046,42.3288],[-112.7713,42.3289],[-112.7713,42.3281],[-112.8094,42.328],[-112.9023,42.3275],[-113.0008,42.3275],[-113.0017,42.3275],[-113.0017,42.4299],[-113.0014,42.5018],[-113.0029,42.5018],[-113.0027,42.5411],[-113.0029,42.5731],[-113.0028,42.588],[-113.1247,42.5889],[-113.1757,42.5893],[-113.1752,42.6274],[-113.1852,42.6291],[-113.1949,42.6336],[-113.1977,42.6341],[-113.202,42.6338],[-113.2096,42.6319],[-113.2185,42.6287],[-113.2358,42.6259],[-113.237,42.6253],[-113.2369,42.6754],[-113.179,42.6755],[-113.179,42.7623],[-113.2369,42.7624],[-113.237,42.8482],[-113.2437,42.8482],[-113.2435,43.1111],[-113.0906,43.1108],[-113.0077,43.111],[-113.0077,43.2287],[-113.0073,43.2848],[-113.3619,43.2847],[-113.3619,43.3672],[-113.4167,43.3671],[-113.4167,43.3676],[-113.6354,43.3676],[-113.6353,43.4523],[-113.6349,43.4531],[-113.6306,43.4559],[-113.623,43.458],[-113.6168,43.4585],[-113.6101,43.4598],[-113.5953,43.4651],[-113.5935,43.4673],[-113.5944,43.4689],[-113.6069,43.476],[-113.6081,43.4774],[-113.6093,43.4796],[-113.6076,43.4848],[-113.6078,43.4889],[-113.6099,43.4904],[-113.6177,43.4917],[-113.624,43.4932],[-113.6259,43.4948],[-113.6309,43.4972],[-113.6341,43.4974],[-113.6435,43.4947],[-113.653,43.4936],[-113.6613,43.4978],[-113.6657,43.4972],[-113.6681,43.4982],[-113.6723,43.501],[-113.667,43.5083],[-113.6654,43.5126],[-113.6676,43.5173],[-113.6695,43.5227],[-113.6735,43.527],[-113.6829,43.5298],[-113.6853,43.5325],[-113.686,43.5397],[-113.6886,43.5415],[-113.6875,43.5459],[-113.6866,43.5482],[-113.687,43.5535],[-113.6902,43.5553],[-113.6903,43.5571],[-113.689,43.5612],[-113.6896,43.5635],[-113.6931,43.5654],[-113.6925,43.5664],[-113.694,43.5718],[-113.6953,43.574],[-113.694,43.5754],[-113.6933,43.5771],[-113.6945,43.5792],[-113.6966,43.5797],[-113.7006,43.5848],[-113.7037,43.5843],[-113.7133,43.5858],[-113.7143,43.5873],[-113.72,43.5881],[-113.7279,43.5899],[-113.7454,43.5874],[-113.7482,43.5874],[-113.7473,43.5846],[-113.7509,43.5798],[-113.7529,43.5753],[-113.7592,43.5756],[-113.7642,43.5736],[-113.7661,43.5738],[-113.7702,43.5705],[-113.7743,43.5714],[-113.7752,43.5703],[-113.7751,43.5692],[-113.7776,43.5665],[-113.7808,43.5673],[-113.7828,43.5667],[-113.7854,43.5669],[-113.7879,43.5676],[-113.798,43.5688],[-113.8061,43.5717],[-113.8073,43.5731],[-113.8076,43.5751],[-113.8064,43.577],[-113.808,43.5787],[-113.8089,43.5809],[-113.8086,43.5828],[-113.81,43.5836],[-113.8119,43.5908],[-113.8109,43.5925],[-113.811,43.5961],[-113.8126,43.5966],[-113.8136,43.5976],[-113.8132,43.5994],[-113.8155,43.6024],[-113.8179,43.603],[-113.8208,43.605],[-113.8209,43.6056],[-113.8237,43.6052],[-113.8293,43.6042],[-113.8357,43.6051],[-113.8367,43.6065],[-113.8361,43.612],[-113.8404,43.617],[-113.8398,43.6187],[-113.8408,43.619],[-113.8432,43.6219],[-113.8434,43.6238],[-113.8446,43.6249],[-113.8506,43.6268],[-113.8553,43.6327],[-113.857,43.6336],[-113.8587,43.6337],[-113.8601,43.6348],[-113.8625,43.6376],[-113.8624,43.6409],[-113.862,43.6446],[-113.8627,43.6453],[-113.8643,43.6454],[-113.8686,43.6465],[-113.8724,43.6493],[-113.8731,43.6493],[-113.8759,43.6508],[-113.8812,43.6503],[-113.883,43.6488],[-113.886,43.6492],[-113.8878,43.6509],[-113.8908,43.65],[-113.8931,43.6488],[-113.8946,43.6484],[-113.9014,43.65],[-113.9046,43.6501],[-113.9063,43.6519],[-113.9078,43.6545],[-113.9088,43.6579],[-113.9077,43.6634],[-113.9103,43.6666],[-113.9121,43.6717],[-113.9191,43.6747],[-113.9275,43.6767],[-113.9358,43.6814],[-113.9396,43.6853],[-113.9429,43.687],[-113.9451,43.6887],[-113.9484,43.6941],[-113.9518,43.6956],[-113.9528,43.6978],[-113.959,43.7024],[-113.9696,43.7055],[-113.9735,43.7072],[-113.9754,43.7099],[-113.9773,43.7159],[-113.9795,43.7199],[-113.9829,43.7232],[-113.9865,43.7256],[-113.9854,43.7279],[-113.9842,43.7334],[-113.9854,43.7349],[-113.9853,43.7369],[-113.9885,43.7388],[-113.9886,43.7401],[-113.9909,43.7424],[-113.9947,43.7432],[-113.9966,43.7428],[-113.9956,43.7474],[-113.9971,43.7486],[-113.9968,43.7507],[-113.9956,43.7515],[-113.9932,43.754],[-113.9933,43.7553],[-113.996,43.7562],[-113.999,43.7572],[-114.0002,43.7604],[-114.0021,43.7617],[-114.0042,43.7652],[-114.005,43.7652],[-114.006,43.766],[-114.0089,43.7669],[-114.0095,43.7665],[-114.0133,43.7669],[-114.0139,43.7666],[-114.0188,43.7671],[-114.0201,43.7694],[-114.0242,43.772],[-114.0256,43.7722],[-114.0292,43.7744],[-114.0328,43.7789],[-114.0334,43.7784],[-114.042,43.7666],[-114.0554,43.7554],[-114.0606,43.7499],[-114.0731,43.7387],[-114.0778,43.7375],[-114.0852,43.7376],[-114.09,43.738],[-114.0981,43.74],[-114.1026,43.7414],[-114.1097,43.7457],[-114.1142,43.7499],[-114.1259,43.7591],[-114.1283,43.7607],[-114.1352,43.7711],[-114.1404,43.7742],[-114.1478,43.7754],[-114.1508,43.7762],[-114.1541,43.7763],[-114.1595,43.7744],[-114.1633,43.7762],[-114.1648,43.7765],[-114.166,43.7786],[-114.1709,43.7802],[-114.1711,43.783],[-114.1737,43.7859],[-114.1753,43.7861],[-114.1783,43.7886],[-114.1791,43.7887],[-114.1802,43.7901],[-114.1822,43.79],[-114.186,43.7889],[-114.1906,43.7894],[-114.1937,43.7895],[-114.1969,43.7903],[-114.2034,43.7934],[-114.2043,43.7942],[-114.2054,43.7978],[-114.2112,43.7984],[-114.217,43.8009],[-114.2191,43.8025],[-114.221,43.8026],[-114.222,43.8047],[-114.2245,43.806],[-114.2301,43.8062],[-114.2361,43.8085],[-114.2383,43.8105],[-114.2405,43.8104],[-114.2425,43.8118],[-114.2432,43.8137],[-114.2469,43.8156],[-114.2499,43.8198],[-114.252,43.8208],[-114.255,43.8201],[-114.2569,43.8209],[-114.2608,43.8236],[-114.262,43.825],[-114.2655,43.8279],[-114.2665,43.8284],[-114.2674,43.8297],[-114.2678,43.8296],[-114.2678,43.8308],[-114.2706,43.8297],[-114.272,43.8299],[-114.2758,43.8313],[-114.2772,43.834],[-114.2779,43.8348],[-114.2781,43.8367],[-114.2794,43.8398],[-114.2794,43.845],[-114.2761,43.8518],[-114.2772,43.8524],[-114.2805,43.8571],[-114.2815,43.8584],[-114.2838,43.861],[-114.2827,43.8629],[-114.2828,43.8659],[-114.2821,43.8666],[-114.2822,43.8714],[-114.282,43.8737],[-114.2784,43.8782],[-114.2853,43.884],[-114.2877,43.8845],[-114.293,43.8872],[-114.2978,43.8866],[-114.2988,43.8869],[-114.3008,43.8862],[-114.302,43.8866],[-114.3053,43.886],[-114.3081,43.8851],[-114.3117,43.8854],[-114.3122,43.8859],[-114.3132,43.8858],[-114.3151,43.888],[-114.316,43.8881],[-114.3192,43.8868],[-114.3227,43.8859],[-114.3237,43.8857],[-114.3261,43.8873],[-114.3273,43.8864],[-114.331,43.8867],[-114.3348,43.8881],[-114.3358,43.8888],[-114.3422,43.8896],[-114.3436,43.8899],[-114.3445,43.8878],[-114.3466,43.8858],[-114.3489,43.8854],[-114.3499,43.8856],[-114.3519,43.8847],[-114.3524,43.8781],[-114.3543,43.876],[-114.3561,43.8749],[-114.3566,43.8743],[-114.3588,43.8742],[-114.3648,43.8765],[-114.367,43.8777],[-114.3706,43.8796],[-114.3728,43.8816],[-114.3759,43.8819],[-114.378,43.882],[-114.3855,43.8844],[-114.3881,43.8841],[-114.3911,43.8862],[-114.3918,43.8877],[-114.3966,43.8899],[-114.3976,43.8909],[-114.4002,43.8913],[-114.4009,43.891],[-114.4059,43.8931],[-114.4099,43.8956],[-114.4206,43.8917],[-114.4294,43.8918],[-114.4377,43.8945],[-114.439,43.8949],[-114.4427,43.8955],[-114.4439,43.897],[-114.452,43.8956],[-114.4552,43.8954],[-114.4617,43.8969],[-114.4677,43.8967],[-114.4707,43.896],[-114.4724,43.8964],[-114.4748,43.8966],[-114.4786,43.8986],[-114.4808,43.9013],[-114.4821,43.9025],[-114.484,43.9031],[-114.4853,43.9044],[-114.4917,43.9017],[-114.4949,43.9022],[-114.4998,43.9001],[-114.5072,43.8989],[-114.5078,43.8992],[-114.5104,43.8978],[-114.5113,43.8979],[-114.5133,43.8959],[-114.515,43.8948],[-114.5139,43.8919],[-114.5105,43.8903],[-114.5096,43.8881],[-114.5098,43.8848],[-114.5133,43.8827],[-114.5153,43.8794],[-114.5193,43.8749],[-114.5186,43.8738],[-114.5197,43.8716],[-114.518,43.8688],[-114.5168,43.868],[-114.5159,43.8649],[-114.5145,43.8637],[-114.5135,43.8635],[-114.5153,43.8611],[-114.515,43.8584],[-114.5165,43.8563],[-114.5166,43.8547],[-114.5172,43.8541],[-114.5198,43.8536],[-114.5217,43.8518],[-114.5238,43.8487],[-114.5264,43.8477],[-114.5282,43.846],[-114.5346,43.8462],[-114.5376,43.8463],[-114.5386,43.8457],[-114.5402,43.8458],[-114.5417,43.8466],[-114.5467,43.8465],[-114.5494,43.847],[-114.5541,43.8455],[-114.5565,43.8454],[-114.5578,43.8442],[-114.5631,43.8449],[-114.5653,43.8459],[-114.5693,43.8464],[-114.5709,43.8485],[-114.5751,43.8497],[-114.5763,43.8506],[-114.5797,43.8508],[-114.5821,43.8515],[-114.5821,43.8526],[-114.5808,43.8551],[-114.5818,43.8572],[-114.5855,43.8608],[-114.5838,43.8632],[-114.5828,43.8666],[-114.5835,43.8665],[-114.5849,43.8671],[-114.5862,43.8698],[-114.5847,43.8702],[-114.5834,43.8712],[-114.583,43.8733],[-114.5835,43.8751],[-114.5884,43.878],[-114.5917,43.8789],[-114.5973,43.8842],[-114.5978,43.886],[-114.5992,43.8871],[-114.6004,43.8887],[-114.6042,43.8896],[-114.6062,43.8935],[-114.6138,43.8961],[-114.6152,43.897],[-114.6192,43.8976],[-114.6199,43.8981],[-114.6246,43.898],[-114.6271,43.8993],[-114.6276,43.9003],[-114.6315,43.9019],[-114.6333,43.9025],[-114.6344,43.9047],[-114.6344,43.9077],[-114.6375,43.9096],[-114.6393,43.9096],[-114.6427,43.9118],[-114.6449,43.9144],[-114.6465,43.9154],[-114.6496,43.9162],[-114.6515,43.9158],[-114.654,43.9145],[-114.6554,43.9143],[-114.6569,43.916],[-114.6598,43.9216],[-114.6617,43.9222],[-114.6645,43.9222],[-114.6667,43.923],[-114.6678,43.923],[-114.6684,43.9222],[-114.6706,43.9216],[-114.6727,43.9229],[-114.6744,43.9257],[-114.6784,43.9261],[-114.6812,43.9278],[-114.8138,43.9278],[-114.8137,43.993],[-114.8734,43.9929],[-114.8781,43.9915],[-114.8808,43.9908],[-114.8839,43.9891],[-114.8876,43.9891],[-114.891,43.9874],[-114.8925,43.9855],[-114.8957,43.9856],[-114.8972,43.9846],[-114.9039,43.9827],[-114.9066,43.9806],[-114.9077,43.9796],[-114.91,43.9785],[-114.9102,43.9781],[-114.9115,43.978],[-114.9152,43.9767],[-114.9167,43.9762],[-114.9212,43.9744],[-114.9217,43.9727],[-114.9236,43.971],[-114.9265,43.9696],[-114.9274,43.9698],[-114.9315,43.9684],[-114.9339,43.9648],[-114.935,43.9623],[-114.9346,43.9619],[-114.9361,43.9601],[-114.937,43.9566],[-114.9399,43.9528],[-114.9438,43.9497],[-114.9468,43.9486],[-114.9479,43.949],[-114.9496,43.9472],[-114.9528,43.9472],[-114.9558,43.9477],[-114.9573,43.9469],[-114.9596,43.9442],[-114.9612,43.9432],[-114.9663,43.9379],[-114.9687,43.9373],[-114.9713,43.9381],[-114.972,43.9402],[-114.9738,43.9415],[-114.9782,43.9468],[-114.9837,43.946],[-114.9866,43.947],[-114.9878,43.9487],[-114.9908,43.9497],[-114.9911,43.9526],[-114.9912,43.9531],[-114.9882,43.9547],[-114.9869,43.9597],[-114.9804,43.968],[-114.9781,43.9705],[-114.9731,43.9719],[-114.9717,43.9716],[-114.971,43.971],[-114.9687,43.9735],[-114.9692,43.9774],[-114.9672,43.9822],[-114.97,43.9837],[-114.9739,43.9839],[-114.9797,43.9861],[-114.9861,43.9901],[-114.9873,43.9922],[-114.9856,43.9942],[-114.9839,43.998],[-114.9823,44.0009],[-114.9855,44.0043],[-114.9827,44.0071],[-114.9827,44.01],[-114.9827,44.0112],[-114.9862,44.0102],[-114.9926,44.0114],[-114.9957,44.0144],[-114.9954,44.0174],[-114.9986,44.0207],[-115.0006,44.0201],[-115.0018,44.0185],[-115.0044,44.0177],[-115.0046,44.0163],[-115.0056,44.015],[-115.0075,44.0136],[-115.0152,44.0136],[-115.0177,44.0126],[-115.0197,44.0163],[-115.0215,44.0169],[-115.0229,44.0165],[-115.0269,44.0171],[-115.0305,44.0184],[-115.031,44.0191],[-115.0332,44.0202],[-115.0339,44.0227],[-115.037,44.0244],[-115.04,44.0249],[-115.0402,44.0262],[-115.0396,44.0284],[-115.0427,44.032],[-115.0475,44.0359],[-115.0481,44.038],[-115.0472,44.0467],[-115.0481,44.0488],[-115.0465,44.0527],[-115.0465,44.0562],[-115.042,44.0588],[-115.0385,44.0595],[-115.0352,44.0621],[-115.0368,44.0663],[-115.0364,44.0677],[-115.0345,44.0697],[-115.0271,44.0718],[-115.0239,44.0746],[-115.0232,44.0758],[-115.0233,44.0775],[-115.0195,44.0797],[-115.0173,44.078],[-115.0147,44.0777],[-115.013,44.0768],[-115.01,44.0775],[-115.006,44.0806],[-115.0041,44.0812],[-115.0019,44.0846],[-114.9991,44.0865],[-114.9984,44.0873],[-114.9985,44.0884],[-114.9969,44.0908],[-114.9969,44.0936],[-114.9967,44.0969],[-114.9988,44.0976],[-115.0002,44.0967],[-115.0009,44.0969],[-115.0017,44.0964],[-115.0039,44.0967],[-115.0086,44.0985],[-115.0129,44.0969],[-115.0184,44.0976],[-115.0224,44.1001],[-115.0271,44.1043],[-115.0291,44.1086],[-115.0301,44.1104],[-115.0389,44.1123],[-115.0413,44.1139],[-115.0471,44.1208],[-115.0465,44.1233],[-115.0457,44.1236],[-115.0445,44.1229],[-115.0416,44.124],[-115.0397,44.1235],[-115.0382,44.1238],[-115.0378,44.1244],[-115.0352,44.1246],[-115.0346,44.1255],[-115.032,44.1262],[-115.0299,44.1278],[-115.0279,44.1275],[-115.0255,44.1286],[-115.0243,44.1305],[-115.0238,44.1335],[-115.02,44.1363],[-115.0172,44.1417],[-115.0185,44.1453],[-115.0201,44.1466],[-115.0209,44.1479],[-115.0228,44.1488],[-115.0245,44.154],[-115.0244,44.1555],[-115.0261,44.1575],[-115.0262,44.1584],[-115.0307,44.1597],[-115.0325,44.1603],[-115.0422,44.1594],[-115.0433,44.1598],[-115.0442,44.1618],[-115.0461,44.162],[-115.0474,44.1634],[-115.0495,44.1641],[-115.0507,44.1653],[-115.0584,44.1642],[-115.0606,44.1633],[-115.0611,44.1604],[-115.0627,44.1612],[-115.0669,44.166],[-115.0681,44.1662],[-115.0721,44.169],[-115.0724,44.1722],[-115.0763,44.1726],[-115.0789,44.1753],[-115.0833,44.176],[-115.086,44.1735],[-115.0883,44.1733],[-115.0892,44.1724],[-115.0987,44.1731],[-115.103,44.1705],[-115.1072,44.1702],[-115.1089,44.1714],[-115.1088,44.174],[-115.1094,44.1759],[-115.1152,44.1784],[-115.1168,44.1807],[-115.1204,44.183],[-115.125,44.1897],[-115.1259,44.1898],[-115.1296,44.1921],[-115.1355,44.1921],[-115.1433,44.1906],[-115.1487,44.193],[-115.1544,44.1975],[-115.1574,44.1975],[-115.1589,44.1982],[-115.1596,44.1991],[-115.1671,44.2027],[-115.1692,44.206],[-115.1671,44.2075],[-115.1628,44.214],[-115.1643,44.2162],[-115.168,44.2186],[-115.1703,44.2225],[-115.1696,44.2257],[-115.174,44.2328],[-115.1749,44.2352],[-115.1727,44.2366],[-115.1624,44.2396],[-115.1598,44.2398],[-115.1586,44.2427],[-115.1569,44.2449],[-115.1565,44.2465],[-115.1582,44.2489],[-115.1625,44.2514],[-115.1646,44.2551],[-115.1664,44.2561],[-115.1675,44.2578],[-115.1638,44.2623],[-115.1649,44.2648],[-115.1675,44.2672],[-115.1681,44.2697],[-115.1661,44.2753],[-115.1665,44.2769],[-115.1683,44.2806],[-115.169,44.2832],[-115.1702,44.2839],[-115.1719,44.2857],[-115.1732,44.287],[-115.1734,44.289],[-115.1755,44.2932],[-115.1777,44.2944],[-115.179,44.2964],[-115.1844,44.2919],[-115.1881,44.2873],[-115.1904,44.2857],[-115.1958,44.2835],[-115.2015,44.2824],[-115.2026,44.2824],[-115.2036,44.2836],[-115.2038,44.2849],[-115.2048,44.2858],[-115.2078,44.2872],[-115.2098,44.2899],[-115.2106,44.2951],[-115.2132,44.3005],[-115.2127,44.3042],[-115.2151,44.3056],[-115.2183,44.3058],[-115.2209,44.3076],[-115.2244,44.308],[-115.2273,44.3073],[-115.2289,44.3061],[-115.2319,44.3059],[-115.2331,44.3062],[-115.2346,44.3075],[-115.2365,44.308],[-115.2397,44.3054],[-115.2419,44.3014],[-115.2413,44.2993],[-115.2392,44.2974],[-115.2395,44.2947],[-115.2411,44.2935],[-115.2431,44.2922],[-115.2439,44.295],[-115.2472,44.2964],[-115.2488,44.3009],[-115.2486,44.3061],[-115.2479,44.3069],[-115.2485,44.3092],[-115.2499,44.311],[-115.2547,44.3118],[-115.2551,44.3123],[-115.2572,44.3115],[-115.259,44.3123],[-115.2603,44.3123],[-115.2611,44.3144],[-115.2639,44.3137],[-115.2653,44.3152],[-115.268,44.3159],[-115.2696,44.3153],[-115.272,44.3155],[-115.2752,44.3177],[-115.2794,44.3229],[-115.2879,44.3248],[-115.2887,44.3262],[-115.2889,44.3283],[-115.2882,44.3298],[-115.2904,44.331],[-115.2929,44.3334],[-115.2946,44.3382],[-115.2945,44.3394],[-115.294,44.3419],[-115.2927,44.3441],[-115.2904,44.3439],[-115.2854,44.3455],[-115.2839,44.347],[-115.2842,44.3515],[-115.2853,44.3545],[-115.2841,44.358],[-115.2833,44.3582],[-115.2804,44.3565],[-115.2779,44.3567],[-115.2741,44.3583],[-115.2722,44.3611],[-115.2643,44.367],[-115.2624,44.3691],[-115.2607,44.37],[-115.259,44.3728],[-115.2595,44.3749],[-115.2592,44.3773],[-115.2524,44.382],[-115.2502,44.3847],[-115.2462,44.3877],[-115.2468,44.3904],[-115.2467,44.3923],[-115.247,44.397],[-115.2407,44.4017],[-115.2408,44.4042],[-115.2386,44.4071],[-115.2394,44.4084],[-115.2392,44.41],[-115.2375,44.4103],[-115.2336,44.4123],[-115.2311,44.4151],[-115.2326,44.4183],[-115.2311,44.4206],[-115.2282,44.4229],[-115.2278,44.4266],[-115.2286,44.4323],[-115.2294,44.4339],[-115.2294,44.4352],[-115.2279,44.4375],[-115.2284,44.4387],[-115.2281,44.4407],[-115.2288,44.4416],[-115.2293,44.4434],[-115.2311,44.4466],[-115.2312,44.449],[-115.2293,44.4523],[-115.2276,44.453],[-115.2279,44.4541],[-115.2299,44.4542],[-115.2321,44.4566],[-115.2317,44.4586],[-115.2249,44.4603],[-115.2238,44.4628],[-115.2249,44.4645],[-115.2281,44.4659],[-115.2329,44.4662],[-115.2343,44.4674],[-115.2352,44.4701],[-115.2339,44.4705],[-115.2324,44.4721],[-115.2278,44.474],[-115.2266,44.4748],[-115.2269,44.477],[-115.2267,44.4813],[-115.228,44.4828],[-115.2284,44.4842],[-115.2272,44.4862],[-115.2282,44.4872],[-115.2278,44.4891],[-115.2282,44.4904],[-115.2324,44.4926],[-115.2343,44.495],[-115.2372,44.4971],[-115.2372,44.4987],[-115.2394,44.5022],[-115.2379,44.5056],[-115.2393,44.5078],[-115.2385,44.5112],[-115.24,44.5124],[-115.2425,44.5117],[-115.2445,44.512],[-115.2448,44.5137],[-115.2459,44.5147],[-115.2461,44.5158],[-115.2469,44.5194],[-115.2496,44.5208],[-115.2522,44.5201],[-115.2525,44.5185],[-115.2535,44.5176],[-115.2558,44.5171],[-115.2583,44.5177],[-115.2625,44.5179],[-115.2667,44.5199],[-115.27,44.5187],[-115.272,44.5189],[-115.2749,44.518],[-115.2805,44.5187],[-115.2819,44.5207],[-115.2822,44.5229],[-115.2804,44.5249],[-115.2801,44.526],[-115.284,44.5285],[-115.289,44.5309],[-115.2946,44.5321],[-115.2946,44.5335],[-115.2913,44.5365],[-115.2907,44.5406],[-115.2903,44.5418],[-115.2901,44.543],[-115.2929,44.5442],[-115.2943,44.5455],[-115.2941,44.549],[-115.2985,44.5518],[-115.2983,44.5524],[-115.2973,44.5531],[-115.2984,44.554],[-115.2987,44.5563],[-115.3,44.5591],[-115.2991,44.5621],[-115.3009,44.5634],[-115.3004,44.565],[-115.3017,44.5664],[-115.2999,44.5674],[-115.3006,44.5683],[-115.3026,44.5692],[-115.3031,44.571],[-115.3025,44.5725],[-115.3033,44.5731],[-115.3043,44.5761],[-115.3039,44.5777],[-115.3051,44.5795],[-115.3002,44.585],[-115.2957,44.5867],[-115.2949,44.588],[-115.2948,44.5919],[-115.2931,44.5936],[-115.2917,44.5941],[-115.2907,44.595],[-115.2907,44.597],[-115.2886,44.5994],[-115.2862,44.601],[-115.283,44.6023],[-115.2832,44.6056],[-115.2815,44.6085],[-115.2813,44.6106],[-115.2795,44.612],[-115.2729,44.6104],[-115.2649,44.6064],[-115.2624,44.6059],[-115.2596,44.6068],[-115.2587,44.6102],[-115.2592,44.6116],[-115.2574,44.6153],[-115.2541,44.6157],[-115.2505,44.6172],[-115.2498,44.6181],[-115.2481,44.6182],[-115.2458,44.6189],[-115.2431,44.6188],[-115.2395,44.6212],[-115.2345,44.6219],[-115.2333,44.6212],[-115.2321,44.6198],[-115.2272,44.6183],[-115.2249,44.6183],[-115.2227,44.6194],[-115.2219,44.6214],[-115.2253,44.6249],[-115.2259,44.627],[-115.2248,44.6293],[-115.2226,44.6305],[-115.2207,44.6299],[-115.2191,44.6292],[-115.2168,44.6287],[-115.2151,44.6262],[-115.2125,44.6259],[-115.2097,44.6293],[-115.2058,44.6281],[-115.2036,44.6259],[-115.2002,44.6244],[-115.1988,44.6244],[-115.1968,44.6266],[-115.1963,44.6294],[-115.197,44.6308],[-115.1945,44.6331],[-115.1929,44.6337],[-115.1879,44.637],[-115.1863,44.6373],[-115.1842,44.6371],[-115.1822,44.6388],[-115.1812,44.6407],[-115.1809,44.6453],[-115.1796,44.6463],[-115.1766,44.6459],[-115.1723,44.6473],[-115.1686,44.6476],[-115.1679,44.6489],[-115.1679,44.6501],[-115.1655,44.6505],[-115.165,44.6553],[-115.1642,44.6571],[-115.1648,44.6597],[-115.1658,44.6612],[-115.1599,44.6646],[-115.1601,44.6663],[-115.1602,44.6678],[-115.1571,44.6699],[-115.1557,44.6732],[-115.1535,44.6753],[-115.1528,44.6778],[-115.1532,44.6809],[-115.1512,44.6849],[-115.1505,44.6881],[-115.15,44.6908],[-115.1501,44.6927],[-115.1465,44.6944],[-115.147,44.6952],[-115.1503,44.6962],[-115.1488,44.7014],[-115.1439,44.7072],[-115.1421,44.7107],[-115.1397,44.7131],[-115.1395,44.7178],[-115.1408,44.7194],[-115.1416,44.7196],[-115.1448,44.7192],[-115.1465,44.7209],[-115.1486,44.7221],[-115.1518,44.7285],[-115.1499,44.7304],[-115.147,44.7312],[-115.1458,44.7323],[-115.1423,44.7343],[-115.1389,44.7388],[-115.1366,44.7431],[-115.1254,44.7502],[-115.1202,44.7528],[-115.1174,44.7559],[-115.1135,44.7564],[-115.1115,44.7577],[-115.1062,44.7592],[-115.1004,44.7635],[-115.0963,44.7643],[-115.0952,44.7653],[-115.0915,44.7671],[-115.0893,44.7706],[-115.0866,44.7713],[-115.0762,44.7693],[-115.0755,44.7687],[-115.0749,44.7651],[-115.0699,44.7629],[-115.0685,44.7591],[-115.0653,44.7583],[-115.0632,44.7566],[-115.062,44.7563],[-115.0587,44.7568],[-115.0571,44.7559],[-115.055,44.7557],[-115.0516,44.7543],[-115.0478,44.7537],[-115.0442,44.7516],[-115.0398,44.751],[-115.0382,44.7499],[-115.0342,44.7444],[-115.0344,44.7408],[-115.0336,44.7352],[-115.0325,44.7347],[-115.0304,44.7359],[-115.0283,44.7364],[-115.0259,44.7388],[-115.0228,44.7409],[-115.0224,44.7427],[-115.0207,44.7439],[-115.0173,44.7431],[-115.0163,44.74],[-115.0143,44.737],[-115.0144,44.7355],[-115.0185,44.7315],[-115.0184,44.7304],[-115.0164,44.728],[-115.0162,44.7241],[-115.0141,44.7184],[-115.0125,44.7167],[-115.0113,44.7139],[-115.0102,44.7134],[-115.0072,44.7144],[-115.005,44.7167],[-115.004,44.7205],[-115.0009,44.7212],[-114.9994,44.7213],[-114.9982,44.7223],[-114.9987,44.7242],[-115.0002,44.7261],[-115.0001,44.7272],[-114.9961,44.7288],[-114.9883,44.7285],[-114.9854,44.7299],[-114.9795,44.73],[-114.9727,44.7285],[-114.9682,44.7241],[-114.9663,44.7241],[-114.9642,44.7238],[-114.9628,44.723],[-114.9542,44.7208],[-114.9454,44.7236],[-114.9432,44.7256],[-114.944,44.7287],[-114.9426,44.7307],[-114.9379,44.7318],[-114.929,44.7328],[-114.9268,44.7343],[-114.9241,44.7374],[-114.9216,44.739],[-114.9181,44.7427],[-114.9149,44.7451],[-114.9145,44.7475],[-114.917,44.7499],[-114.9143,44.7536],[-114.9142,44.7561],[-114.9126,44.7577],[-114.9081,44.7565],[-114.9053,44.7573],[-114.9033,44.7581],[-114.8971,44.759],[-114.8953,44.7605],[-114.895,44.7623],[-114.8952,44.7648],[-114.8892,44.7675],[-114.8875,44.7697],[-114.8837,44.771],[-114.8771,44.7761],[-114.8736,44.7775],[-114.8711,44.7795],[-114.8666,44.7797],[-114.8615,44.783],[-114.8595,44.7851],[-114.8564,44.7849],[-114.8549,44.782],[-114.8528,44.7821],[-114.8506,44.7846],[-114.8501,44.7874],[-114.8456,44.7879],[-114.8416,44.79],[-114.8414,44.7935],[-114.8357,44.8002],[-114.8328,44.8029],[-114.8306,44.8027],[-114.8283,44.8019],[-114.8253,44.8027],[-114.8208,44.8052],[-114.8131,44.8069],[-114.8121,44.8082],[-114.8081,44.8134],[-114.8082,44.8167],[-114.8054,44.8201],[-114.8029,44.8216],[-114.8016,44.8238],[-114.7952,44.8252],[-114.7941,44.8276],[-114.7941,44.8341],[-114.7925,44.8362],[-114.7914,44.8356],[-114.7903,44.834],[-114.7886,44.8335],[-114.7863,44.834],[-114.7848,44.8363],[-114.7853,44.8388],[-114.7842,44.84],[-114.7719,44.8415],[-114.7697,44.841],[-114.7668,44.842],[-114.7662,44.8446],[-114.7673,44.8471],[-114.7699,44.8486],[-114.7709,44.8499],[-114.7704,44.8515],[-114.7672,44.8529],[-114.7628,44.8534],[-114.7611,44.8547],[-114.7606,44.8569],[-114.7612,44.8581],[-114.7697,44.8653],[-114.7681,44.8681],[-114.7687,44.8721],[-114.7669,44.8735],[-114.7656,44.8745],[-114.7619,44.8755],[-114.7602,44.8753],[-114.7596,44.8749],[-114.7602,44.8749],[-114.7598,44.8742],[-114.7568,44.8729],[-114.7524,44.8735],[-114.7516,44.8746],[-114.7535,44.877],[-114.7526,44.8784],[-114.7477,44.8791],[-114.7442,44.8792],[-114.7405,44.8796],[-114.7359,44.8787],[-114.7341,44.879],[-114.7317,44.8814],[-114.7314,44.8837],[-114.732,44.8857],[-114.7309,44.8869],[-114.7235,44.8905],[-114.7231,44.8918],[-114.7246,44.8927],[-114.729,44.8926],[-114.7309,44.8931],[-114.7319,44.8942],[-114.7311,44.897],[-114.7268,44.9002],[-114.7267,44.9027],[-114.7311,44.9063],[-114.7326,44.9094],[-114.7325,44.9149],[-114.7293,44.9178],[-114.7287,44.919],[-114.7288,44.9202],[-114.7331,44.922],[-114.7353,44.9239],[-114.7356,44.926],[-114.7339,44.9278],[-114.7275,44.9295],[-114.7233,44.9335],[-114.7233,44.9348],[-114.727,44.9414],[-114.7273,44.9437],[-114.7262,44.9468],[-114.7275,44.9479],[-114.734,44.9486],[-114.7353,44.9496],[-114.735,44.9535],[-114.7339,44.9561],[-114.7341,44.9592],[-114.7321,44.9626],[-114.7315,44.9653],[-114.7303,44.9677],[-114.731,44.9704],[-114.7332,44.9717],[-114.7357,44.9726],[-114.7359,44.9746],[-114.7335,44.9767],[-114.7331,44.9791],[-114.7331,44.9836],[-114.7314,44.9854],[-114.7311,44.9913],[-114.7288,44.9988],[-114.7299,45.001],[-114.7293,45.003],[-114.7275,45.0042],[-114.723,45.0053],[-114.7218,45.0071],[-114.7221,45.0094],[-114.7236,45.0113],[-114.7273,45.0123],[-114.7286,45.0134],[-114.7276,45.0161],[-114.7252,45.0183],[-114.7268,45.0217],[-114.7275,45.0221],[-114.7272,45.0274],[-114.7244,45.0319],[-114.7247,45.0341],[-114.7264,45.0356],[-114.7259,45.0372],[-114.7232,45.0391],[-114.7227,45.0415],[-114.7269,45.0451],[-114.727,45.0476],[-114.7237,45.0504],[-114.7244,45.0534],[-114.7229,45.0556],[-114.7233,45.0566],[-114.7246,45.0571],[-114.7252,45.0594],[-114.7276,45.0618],[-114.7259,45.067],[-114.7288,45.0722],[-114.7272,45.0766],[-114.7271,45.0794],[-114.7218,45.0835],[-114.7194,45.087],[-114.7204,45.0886],[-114.7265,45.0903],[-114.7328,45.0939],[-114.7331,45.0945],[-114.733,45.0949],[-114.7304,45.0973],[-114.7295,45.1013],[-114.7305,45.1041],[-114.7303,45.1081],[-114.7268,45.1091],[-114.7256,45.1106],[-114.7252,45.1163],[-114.7223,45.1195],[-114.7215,45.1213],[-114.7234,45.1249],[-114.7278,45.1284],[-114.7264,45.13],[-114.7273,45.1366],[-114.7281,45.1397],[-114.7291,45.1453],[-114.7316,45.1502],[-114.7317,45.1524],[-114.7244,45.1589],[-114.7235,45.1644],[-114.7224,45.1675],[-114.7216,45.1716],[-114.7205,45.1755],[-114.7223,45.1772],[-114.7227,45.1785],[-114.7207,45.1813],[-114.7163,45.1873],[-114.7146,45.1883],[-114.7093,45.1874],[-114.705,45.1886],[-114.7,45.1893],[-114.698,45.1911],[-114.6962,45.1953],[-114.6941,45.1971],[-114.6912,45.199],[-114.6876,45.2034],[-114.6844,45.2094],[-114.6833,45.2142],[-114.6839,45.2165],[-114.684,45.2197],[-114.6812,45.221],[-114.6816,45.2243],[-114.6747,45.2337],[-114.6709,45.235],[-114.6678,45.2352],[-114.6649,45.2363],[-114.6602,45.2418],[-114.6595,45.248],[-114.6587,45.2493],[-114.6517,45.2525],[-114.6489,45.2582],[-114.6466,45.2586],[-114.6451,45.2602],[-114.6419,45.2615],[-114.6405,45.2615],[-114.6362,45.2634],[-114.6344,45.2672],[-114.631,45.2687],[-114.6262,45.2724],[-114.6238,45.2747],[-114.619,45.2767],[-114.6163,45.2781],[-114.6083,45.2808],[-114.607,45.2816],[-114.6068,45.2841],[-114.6045,45.2862],[-114.5933,45.2976],[-114.5958,45.2985],[-114.5996,45.2966],[-114.604,45.2956],[-114.6056,45.2971],[-114.6141,45.3015],[-114.6195,45.3055],[-114.6238,45.3077],[-114.6285,45.3114],[-114.6312,45.3161],[-114.633,45.3174],[-114.6368,45.3181],[-114.6404,45.319],[-114.6456,45.3223],[-114.646,45.3234],[-114.6472,45.3255],[-114.6487,45.3265],[-114.652,45.328],[-114.6574,45.3341],[-114.6607,45.3351],[-114.6637,45.3366],[-114.6631,45.3396],[-114.6696,45.3425],[-114.6743,45.3483],[-114.6774,45.3539],[-114.6775,45.3559],[-114.6744,45.3627],[-114.6746,45.3645],[-114.6769,45.3657],[-114.6823,45.3649],[-114.6848,45.3653],[-114.6846,45.3667],[-114.6873,45.3696],[-114.6892,45.3698],[-114.6933,45.3686],[-114.6961,45.3692],[-114.6984,45.372],[-114.6992,45.3767],[-114.7012,45.3785],[-114.7052,45.3787],[-114.7066,45.3797],[-114.709,45.3861],[-114.7121,45.3894],[-114.715,45.3942],[-114.7178,45.3963],[-114.7214,45.397],[-114.7231,45.3973],[-114.7277,45.397],[-114.7325,45.3953],[-114.7348,45.3953],[-114.7356,45.3968],[-114.737,45.3977],[-114.7407,45.3999],[-114.7419,45.4033],[-114.7434,45.4037],[-114.7472,45.4042],[-114.7484,45.4058],[-114.7509,45.4072],[-114.7532,45.4096],[-114.7606,45.4123],[-114.7629,45.4137],[-114.7649,45.4185],[-114.7683,45.4216],[-114.7664,45.425],[-114.7648,45.4271],[-114.7646,45.4284],[-114.7683,45.4316],[-114.7689,45.4342],[-114.7808,45.4356],[-114.7889,45.4354],[-114.7933,45.4364],[-114.7938,45.4375],[-114.7952,45.4403],[-114.7928,45.4487],[-114.7934,45.4512],[-114.7923,45.4535],[-114.7911,45.4541],[-114.7878,45.4576],[-114.7889,45.4634],[-114.7907,45.4662],[-114.7942,45.4682],[-114.7973,45.473],[-114.7984,45.4767],[-114.7974,45.4778],[-114.7947,45.4798],[-114.7963,45.482],[-114.7956,45.4861],[-114.7933,45.4888],[-114.7937,45.4915],[-114.793,45.494],[-114.7966,45.4953],[-114.7978,45.4964],[-114.7964,45.4988],[-114.7933,45.5086],[-114.7877,45.5126],[-114.7867,45.5124],[-114.7786,45.5122],[-114.7742,45.5134],[-114.7685,45.5117],[-114.7656,45.5087],[-114.7621,45.5075],[-114.7574,45.502],[-114.7527,45.4987],[-114.7471,45.4959],[-114.7439,45.4957],[-114.7415,45.494],[-114.7413,45.4931],[-114.7373,45.4913],[-114.7346,45.4899],[-114.7325,45.4902],[-114.7286,45.4906],[-114.7261,45.4897],[-114.7209,45.4894],[-114.7087,45.4914],[-114.7055,45.4924],[-114.703,45.4916],[-114.7006,45.4912],[-114.6995,45.4917],[-114.6964,45.4917],[-114.6915,45.4908],[-114.6879,45.4876],[-114.6839,45.4869],[-114.683,45.4857],[-114.6803,45.4835],[-114.6804,45.4816],[-114.6794,45.4788],[-114.6815,45.4767],[-114.6813,45.4762],[-114.6808,45.4739],[-114.6773,45.4728],[-114.6757,45.4724],[-114.6735,45.4727],[-114.6706,45.4726],[-114.6665,45.4713],[-114.6635,45.4712],[-114.6621,45.4754],[-114.659,45.4779],[-114.6561,45.4811],[-114.651,45.4856],[-114.6508,45.487],[-114.6521,45.4894],[-114.6516,45.4917],[-114.6487,45.4936],[-114.6454,45.4945],[-114.6449,45.4981],[-114.6422,45.4999],[-114.6423,45.5014],[-114.6398,45.5039],[-114.6389,45.5058],[-114.6374,45.5067],[-114.6372,45.5099],[-114.6348,45.5125],[-114.632,45.5164],[-114.6318,45.5186],[-114.6278,45.5213],[-114.627,45.523],[-114.6248,45.5239],[-114.6216,45.5257],[-114.6181,45.5291],[-114.6085,45.5312],[-114.6054,45.5306],[-114.602,45.5329],[-114.5969,45.5337],[-114.5883,45.5378],[-114.587,45.5419],[-114.5856,45.5436],[-114.5829,45.5451],[-114.5796,45.5444],[-114.5777,45.5446],[-114.5713,45.55],[-114.5709,45.5511],[-114.5648,45.5577],[-114.5606,45.5593],[-114.5574,45.5579],[-114.5538,45.557],[-114.5525,45.5572],[-114.5495,45.5606],[-114.5425,45.5635],[-114.5384,45.5642],[-114.5329,45.5659],[-114.5303,45.568],[-114.5287,45.5701],[-114.5261,45.5708],[-114.5215,45.5685],[-114.5178,45.5681],[-114.5157,45.567],[-114.5142,45.5647],[-114.5063,45.5592],[-114.5043,45.5591],[-114.5023,45.5585],[-114.5001,45.5564],[-114.499,45.5564],[-114.4982,45.5555],[-114.4973,45.5554],[-114.4914,45.5571],[-114.485,45.5617],[-114.4832,45.5609],[-114.4806,45.561],[-114.4801,45.5617],[-114.4782,45.5618],[-114.4774,45.5622],[-114.4738,45.5633],[-114.4718,45.5651],[-114.4657,45.5606],[-114.4562,45.5621],[-114.456,45.5605],[-114.459,45.5592],[-114.4616,45.5542],[-114.4628,45.5531],[-114.4618,45.5517],[-114.4618,45.5484],[-114.4641,45.5473],[-114.4643,45.5463],[-114.4625,45.5439],[-114.4607,45.5435],[-114.4568,45.544],[-114.4509,45.5425],[-114.4493,45.5396],[-114.4439,45.5388],[-114.439,45.5361],[-114.4391,45.5327],[-114.4375,45.5309],[-114.4301,45.5293],[-114.4299,45.5286],[-114.4309,45.5263],[-114.4305,45.5236],[-114.429,45.5215],[-114.4291,45.5192],[-114.429,45.5166],[-114.4267,45.5144],[-114.4266,45.5117],[-114.4239,45.5096],[-114.4194,45.5094],[-114.4182,45.5099],[-114.4158,45.5098],[-114.4083,45.5076],[-114.4066,45.5065],[-114.4034,45.5063],[-114.4017,45.5054],[-114.3929,45.5031],[-114.3925,45.5025],[-114.3886,45.5029],[-114.3819,45.4979],[-114.379,45.4971],[-114.3776,45.4955],[-114.3759,45.4949],[-114.3746,45.4936],[-114.3695,45.493],[-114.3659,45.491],[-114.3653,45.4848],[-114.3607,45.4795],[-114.3608,45.4765],[-114.3607,45.4741],[-114.3581,45.472],[-114.3529,45.4713],[-114.3512,45.4705],[-114.3507,45.4664],[-114.345,45.4599],[-114.3398,45.4598],[-114.3376,45.461],[-114.3363,45.4601],[-114.3332,45.4593],[-114.3312,45.4601],[-114.3286,45.4631],[-114.3238,45.4661],[-114.3183,45.466],[-114.3159,45.4685],[-114.3135,45.4697],[-114.3096,45.4694],[-114.3041,45.4715],[-114.3021,45.4725],[-114.3,45.4766],[-114.2937,45.4801],[-114.2894,45.4799],[-114.2877,45.4793],[-114.2856,45.4803],[-114.2832,45.4806],[-114.2811,45.4803],[-114.2792,45.4806],[-114.274,45.4842],[-114.2711,45.4844],[-114.2702,45.4856],[-114.2714,45.4877],[-114.2713,45.4912],[-114.2668,45.4916],[-114.2642,45.4931],[-114.2616,45.4958],[-114.2607,45.4999],[-114.2603,45.4999],[-114.26,45.5043],[-114.258,45.5117],[-114.2563,45.5128],[-114.252,45.5167],[-114.2514,45.5182],[-114.2498,45.5193],[-114.249,45.5206],[-114.249,45.5231],[-114.2478,45.5243],[-114.2475,45.5257],[-114.2491,45.5287],[-114.2492,45.5303],[-114.2483,45.5318],[-114.2482,45.5332],[-114.2501,45.5361],[-114.2515,45.5368],[-114.2518,45.5378],[-114.2504,45.5398],[-114.2501,45.542],[-114.2481,45.5459],[-114.2478,45.5455],[-114.2463,45.5454],[-114.2409,45.5465],[-114.2279,45.5464],[-114.2218,45.5429],[-114.218,45.542],[-114.2116,45.5395],[-114.2093,45.5397],[-114.2078,45.5393],[-114.206,45.5366],[-114.2037,45.5356],[-114.2017,45.5357],[-114.2008,45.5364],[-114.1928,45.5366],[-114.1905,45.5388],[-114.1906,45.5396],[-114.1894,45.5414],[-114.1889,45.5412],[-114.1879,45.5422],[-114.1865,45.5455],[-114.1808,45.5503],[-114.18,45.5514],[-114.1786,45.5508],[-114.1735,45.5505],[-114.1685,45.5511],[-114.1679,45.5516],[-114.16,45.5532],[-114.1548,45.5529],[-114.1531,45.5537],[-114.1518,45.5555],[-114.1504,45.558],[-114.1441,45.5579],[-114.1435,45.5575],[-114.1352,45.5575],[-114.1327,45.5629],[-114.1291,45.5655],[-114.1286,45.569],[-114.1294,45.5702],[-114.1324,45.5725],[-114.1291,45.5774],[-114.1263,45.5792],[-114.1259,45.5803],[-114.1223,45.5843],[-114.1208,45.5849],[-114.1201,45.5844],[-114.1088,45.5858],[-114.1068,45.5853],[-114.0986,45.5868],[-114.0955,45.5881],[-114.0943,45.5894],[-114.0899,45.5913],[-114.0866,45.5912],[-114.0862,45.5918],[-114.0821,45.597],[-114.0832,45.5998],[-114.0826,45.6064],[-114.0818,45.6113],[-114.0809,45.612],[-114.0799,45.6121],[-114.0742,45.615],[-114.0723,45.6186],[-114.0728,45.6213],[-114.0683,45.6265],[-114.0665,45.6285],[-114.0592,45.6315],[-114.053,45.6327],[-114.0456,45.6367],[-114.0446,45.6391],[-114.0424,45.6417],[-114.0376,45.645],[-114.0349,45.648],[-114.0323,45.6489],[-114.0275,45.6481],[-114.0218,45.648],[-114.0187,45.6486],[-114.015,45.654],[-114.0149,45.6567],[-114.0138,45.6582],[-114.0161,45.6602],[-114.0161,45.6637],[-114.0201,45.6703],[-114.0237,45.6706],[-114.0259,45.6741],[-114.0282,45.6754],[-114.0259,45.6766],[-114.0205,45.6812],[-114.0146,45.684],[-114.0193,45.6929],[-114.0171,45.6947],[-114.0156,45.6961],[-114.0123,45.6945],[-114.0075,45.6941],[-114.0034,45.6952],[-114.002,45.6965],[-113.9966,45.6969],[-113.9962,45.6975],[-113.9966,45.6978],[-113.9956,45.6994],[-113.9945,45.6997],[-113.9932,45.7013],[-113.9938,45.7027],[-113.9936,45.7034],[-113.9914,45.7042],[-113.9911,45.7049],[-113.9881,45.7059],[-113.9867,45.7046],[-113.9814,45.7029],[-113.9798,45.7024],[-113.9752,45.7028],[-113.9719,45.7024],[-113.9707,45.7028],[-113.9716,45.7006],[-113.9687,45.6948],[-113.9691,45.6928],[-113.9674,45.6911],[-113.9628,45.6898],[-113.9604,45.69],[-113.9595,45.6903],[-113.9564,45.6902],[-113.9518,45.6916],[-113.9513,45.6921],[-113.9486,45.6934],[-113.9457,45.6937],[-113.9416,45.6949],[-113.938,45.6957],[-113.935,45.6943],[-113.934,45.6931],[-113.9345,45.6897],[-113.9355,45.6892],[-113.9331,45.6882],[-113.9327,45.6871],[-113.9339,45.685],[-113.9342,45.6822],[-113.9326,45.6791],[-113.9308,45.6781],[-113.9312,45.6768],[-113.9304,45.6752],[-113.9315,45.673],[-113.9308,45.672],[-113.9291,45.6708],[-113.9282,45.6692],[-113.9235,45.6675],[-113.9233,45.6656],[-113.9204,45.6638],[-113.9206,45.6602],[-113.9195,45.6579],[-113.918,45.6579],[-113.9143,45.6566],[-113.9129,45.6538],[-113.9101,45.653],[-113.9071,45.6529],[-113.9025,45.6504],[-113.9013,45.6485],[-113.9004,45.6475],[-113.8969,45.6461],[-113.8953,45.6442],[-113.8955,45.6424],[-113.9009,45.639],[-113.9025,45.6369],[-113.9017,45.6333],[-113.9011,45.6322],[-113.9013,45.6301],[-113.8996,45.6284],[-113.9019,45.6271],[-113.9046,45.6244],[-113.9052,45.6226],[-113.9035,45.6216],[-113.8986,45.6219],[-113.8928,45.6202],[-113.8907,45.6184],[-113.8869,45.6171],[-113.8844,45.6176],[-113.8829,45.6188],[-113.8785,45.6185],[-113.8754,45.6201],[-113.8736,45.6201],[-113.8699,45.6223],[-113.8654,45.6223],[-113.8622,45.6238],[-113.8614,45.6237],[-113.8585,45.6216],[-113.8542,45.6222],[-113.8522,45.6209],[-113.8486,45.6201],[-113.8481,45.618],[-113.8427,45.6124],[-113.8388,45.6107],[-113.8349,45.6101],[-113.8316,45.6112],[-113.829,45.6126],[-113.8258,45.6132],[-113.8231,45.6125],[-113.8184,45.608],[-113.8134,45.6068],[-113.8106,45.6056],[-113.8067,45.6021],[-113.8054,45.596],[-113.803,45.5916],[-113.7982,45.5867],[-113.7986,45.5852],[-113.797,45.582],[-113.7968,45.5815],[-113.7988,45.5815],[-113.8048,45.5791],[-113.8058,45.5783],[-113.8069,45.5782],[-113.8084,45.5766],[-113.8098,45.5763],[-113.8104,45.5749],[-113.8122,45.5735],[-113.815,45.5697],[-113.8168,45.5686],[-113.8176,45.5676],[-113.8206,45.5661],[-113.8214,45.566],[-113.8187,45.5635],[-113.8172,45.5599],[-113.8175,45.5567],[-113.8183,45.5565],[-113.8202,45.5499],[-113.8205,45.5493],[-113.8212,45.5475],[-113.8233,45.5463],[-113.8254,45.5439],[-113.8264,45.5418],[-113.8271,45.5403],[-113.8292,45.5376],[-113.828,45.5352],[-113.8274,45.5333],[-113.8298,45.5309],[-113.8304,45.5287],[-113.8313,45.5259],[-113.8342,45.5231],[-113.8341,45.5219],[-113.8346,45.5207],[-113.8272,45.5213],[-113.8239,45.5214],[-113.821,45.523],[-113.8195,45.5231],[-113.817,45.5213],[-113.8091,45.5199],[-113.8053,45.5221],[-113.8029,45.5232],[-113.7966,45.5235],[-113.7928,45.522],[-113.79,45.5225],[-113.782,45.5219],[-113.7784,45.5234],[-113.7662,45.5208],[-113.7676,45.5194],[-113.7728,45.5144],[-113.7724,45.5123],[-113.7706,45.5122],[-113.7695,45.5107],[-113.771,45.5078],[-113.7686,45.5028],[-113.7662,45.5014],[-113.7652,45.4999],[-113.7632,45.491],[-113.7602,45.4863],[-113.7605,45.4837],[-113.7598,45.4805],[-113.7635,45.4781],[-113.7676,45.4739],[-113.7759,45.471],[-113.7764,45.4704],[-113.7742,45.4654],[-113.7743,45.4635],[-113.7764,45.4608],[-113.7789,45.4594],[-113.7842,45.4549],[-113.7835,45.4521],[-113.7754,45.448],[-113.7746,45.4471],[-113.7744,45.4425],[-113.7757,45.4378],[-113.7768,45.436],[-113.7763,45.4346],[-113.7736,45.4318],[-113.7667,45.4315],[-113.7642,45.4309],[-113.7595,45.4271],[-113.7613,45.424],[-113.7663,45.4213],[-113.7683,45.4212],[-113.7727,45.4198],[-113.777,45.4166],[-113.7754,45.4115],[-113.776,45.4085],[-113.7741,45.4067],[-113.7706,45.4068],[-113.7673,45.4063],[-113.7609,45.4065],[-113.7527,45.4028],[-113.7495,45.403],[-113.7484,45.4013],[-113.7439,45.3966],[-113.7417,45.3955],[-113.7388,45.3945],[-113.7344,45.3924],[-113.7331,45.3902],[-113.7326,45.3864],[-113.7328,45.3837],[-113.7339,45.3826],[-113.7344,45.3765],[-113.733,45.3734],[-113.7358,45.3704],[-113.7388,45.3686],[-113.7374,45.3659],[-113.7344,45.3645],[-113.7334,45.3643],[-113.7314,45.3582],[-113.7308,45.3572],[-113.7289,45.3562],[-113.7343,45.3532],[-113.7348,45.351],[-113.7344,45.3485],[-113.7402,45.3456],[-113.7394,45.3423],[-113.7401,45.3406],[-113.7387,45.3388],[-113.7398,45.3358],[-113.7383,45.3312],[-113.7387,45.3297],[-113.7352,45.325],[-113.7315,45.3236],[-113.7281,45.3198],[-113.7239,45.3197],[-113.7227,45.3176],[-113.7197,45.3169],[-113.7186,45.3169],[-113.7181,45.3128],[-113.7158,45.3115],[-113.7148,45.3085],[-113.7131,45.3068],[-113.7136,45.3054],[-113.7116,45.3031],[-113.7092,45.3006],[-113.7038,45.2993],[-113.7029,45.2973],[-113.703,45.2952],[-113.7018,45.2946],[-113.6998,45.292],[-113.697,45.2911],[-113.6926,45.2886],[-113.6887,45.287],[-113.6868,45.2858],[-113.6853,45.2837],[-113.6828,45.2817],[-113.681,45.2794],[-113.6802,45.279],[-113.6796,45.2766],[-113.6789,45.2761],[-113.6812,45.2742],[-113.6838,45.2731],[-113.6898,45.2734],[-113.692,45.2726],[-113.6906,45.2687],[-113.6926,45.2641],[-113.6898,45.2607],[-113.686,45.257],[-113.6849,45.2545],[-113.6849,45.2537],[-113.6813,45.2516],[-113.6799,45.2511],[-113.6787,45.2493],[-113.6744,45.2494],[-113.6683,45.2472],[-113.6667,45.247],[-113.6638,45.2442],[-113.6617,45.2438],[-113.657,45.2414],[-113.654,45.2388],[-113.6529,45.2364],[-113.6501,45.2347],[-113.6467,45.2253],[-113.6421,45.2202],[-113.6403,45.22],[-113.6369,45.217],[-113.6369,45.213],[-113.6324,45.2115],[-113.6306,45.2091],[-113.6239,45.2062],[-113.6215,45.2037],[-113.618,45.2019],[-113.6156,45.1988],[-113.6137,45.1973],[-113.6112,45.1974],[-113.61,45.1967],[-113.6058,45.1921],[-113.6038,45.1917],[-113.6018,45.1918],[-113.5995,45.1911],[-113.5974,45.1867],[-113.596,45.1857],[-113.5925,45.1847],[-113.5923,45.1811],[-113.5907,45.178],[-113.5899,45.177],[-113.5907,45.1741],[-113.5942,45.1673],[-113.5946,45.166],[-113.5931,45.1636],[-113.5904,45.1615],[-113.5907,45.1582],[-113.5897,45.1554],[-113.5846,45.1527],[-113.5834,45.1518],[-113.5825,45.15],[-113.5797,45.1486],[-113.5758,45.1478],[-113.5702,45.148],[-113.566,45.1493],[-113.5656,45.1458],[-113.5662,45.1431],[-113.5764,45.1338],[-113.5771,45.1315],[-113.5747,45.1284],[-113.573,45.1275],[-113.5719,45.1261],[-113.5717,45.1239],[-113.5689,45.1242],[-113.5563,45.1152],[-113.5547,45.1129],[-113.5465,45.1123],[-113.5426,45.1143],[-113.538,45.115],[-113.5277,45.1136],[-113.5219,45.1139],[-113.5157,45.1153],[-113.5133,45.1152],[-113.5066,45.1073],[-113.5103,45.1035],[-113.5108,45.0999],[-113.5201,45.093],[-113.5121,45.0869],[-113.5009,45.0812],[-113.4964,45.0811],[-113.4925,45.079],[-113.4868,45.074],[-113.4888,45.0718],[-113.4883,45.0708],[-113.4861,45.0689],[-113.4862,45.0645],[-113.4849,45.0634],[-113.4818,45.063],[-113.4738,45.0617],[-113.4651,45.0628],[-113.4606,45.0649],[-113.4556,45.0624],[-113.4542,45.0606],[-113.452,45.0592],[-113.4505,45.0535],[-113.4512,45.0486],[-113.4491,45.0461],[-113.4558,45.0402],[-113.4549,45.0385],[-113.4492,45.0348],[-113.4466,45.0343],[-113.446,45.0308],[-113.4478,45.0278],[-113.4476,45.025],[-113.4484,45.0235],[-113.4485,45.0199],[-113.4455,45.0181],[-113.444,45.0155],[-113.4421,45.0142],[-113.4416,45.0122],[-113.4381,45.0087],[-113.4378,45.0065],[-113.4402,45.0039],[-113.4427,45.0022],[-113.4433,45.0011],[-113.4466,44.999],[-113.4467,44.9981],[-113.4455,44.9955],[-113.4452,44.9913],[-113.447,44.9856],[-113.4464,44.9832],[-113.4452,44.9769],[-113.4448,44.9744],[-113.4453,44.9723],[-113.4472,44.9719],[-113.4496,44.9708],[-113.4483,44.969],[-113.4438,44.9599],[-113.4452,44.9581],[-113.4461,44.9566],[-113.4485,44.954],[-113.4527,44.9523],[-113.4594,44.9523],[-113.4611,44.9518],[-113.4627,44.9504],[-113.4636,44.949],[-113.4663,44.9477],[-113.4727,44.9481],[-113.4748,44.9488],[-113.4808,44.9503],[-113.4835,44.9478],[-113.4866,44.9469],[-113.4944,44.9486],[-113.4961,44.9478],[-113.4963,44.9468],[-113.4974,44.9455],[-113.4987,44.9423],[-113.4976,44.9411],[-113.4967,44.9383],[-113.4956,44.9372],[-113.4955,44.9338],[-113.4946,44.931],[-113.492,44.9304],[-113.4911,44.9275],[-113.4917,44.9244],[-113.4902,44.9225],[-113.4878,44.9203],[-113.4838,44.9199],[-113.4834,44.919],[-113.4802,44.916],[-113.478,44.9124],[-113.4746,44.9109],[-113.4718,44.9099],[-113.4731,44.9085],[-113.4735,44.9075],[-113.4749,44.9052],[-113.4745,44.904],[-113.4752,44.902],[-113.4758,44.8983],[-113.4785,44.8956],[-113.4758,44.8946],[-113.4725,44.8921],[-113.4668,44.8907],[-113.4611,44.8867],[-113.4623,44.882],[-113.4607,44.879],[-113.4578,44.8763],[-113.4565,44.8727],[-113.4555,44.869],[-113.4551,44.8654],[-113.4523,44.8636],[-113.4439,44.8618],[-113.4408,44.8568],[-113.439,44.8555],[-113.4313,44.8553],[-113.4289,44.8548],[-113.4285,44.853],[-113.4261,44.8497],[-113.4259,44.8478],[-113.4224,44.8426],[-113.4226,44.8414],[-113.4224,44.8407],[-113.422,44.8376],[-113.4145,44.8401],[-113.4101,44.8407],[-113.4079,44.8401],[-113.3993,44.8385],[-113.3934,44.8368],[-113.3915,44.8375],[-113.3849,44.8375],[-113.381,44.8364],[-113.3772,44.8349],[-113.377,44.8308],[-113.3753,44.8302],[-113.3665,44.8244],[-113.3567,44.8203],[-113.3489,44.8055],[-113.3465,44.8015],[-113.3462,44.7992],[-113.3545,44.7956],[-113.3546,44.7932],[-113.3536,44.7914],[-113.3468,44.7887],[-113.3451,44.7873],[-113.3409,44.7846],[-113.3276,44.7894],[-113.3227,44.7921],[-113.3195,44.7944],[-113.317,44.7954],[-113.309,44.797],[-113.3047,44.7987],[-113.3021,44.7988],[-113.3,44.8001],[-113.2999,44.8014],[-113.2992,44.8028],[-113.2976,44.8032],[-113.2954,44.8042],[-113.2922,44.8055],[-113.2902,44.8069],[-113.2853,44.8083],[-113.2806,44.8115],[-113.2784,44.8127],[-113.2743,44.8142],[-113.271,44.8143],[-113.2635,44.8162],[-113.2623,44.8173],[-113.26,44.8183],[-113.2586,44.8198],[-113.2549,44.8201],[-113.2526,44.8215],[-113.2472,44.823],[-113.245,44.8211],[-113.2403,44.8174],[-113.2399,44.8154],[-113.2383,44.814],[-113.2323,44.8143],[-113.2288,44.8133],[-113.2223,44.8107],[-113.2184,44.8105],[-113.2089,44.8088],[-113.2037,44.8041],[-113.1988,44.8026],[-113.1944,44.8022],[-113.1897,44.7996],[-113.1877,44.7974],[-113.1858,44.7952],[-113.184,44.7939],[-113.1794,44.7871],[-113.175,44.7851],[-113.1728,44.7847],[-113.1638,44.7789],[-113.1619,44.7792],[-113.1604,44.7807],[-113.1582,44.7808],[-113.1553,44.7797],[-113.1505,44.7793],[-113.1498,44.7786],[-113.1463,44.7766],[-113.1422,44.7768],[-113.139,44.7762],[-113.1377,44.7752],[-113.1347,44.7743],[-113.1312,44.7725],[-113.1323,44.7694],[-113.1313,44.7649],[-113.1353,44.7628],[-113.1376,44.7603],[-113.1371,44.7584],[-113.1356,44.7569],[-113.1348,44.7528],[-113.1312,44.7502],[-113.1246,44.7492],[-113.121,44.7466],[-113.1169,44.7381],[-113.1178,44.7333],[-113.1166,44.732],[-113.1121,44.733],[-113.1021,44.729],[-113.1032,44.7259],[-113.1011,44.7188],[-113.1012,44.7086],[-113.0989,44.7026],[-113.0981,44.6975],[-113.0951,44.6959],[-113.0819,44.6914],[-113.08,44.6884],[-113.0826,44.6832],[-113.0779,44.6811],[-113.0678,44.6795],[-113.0678,44.6728],[-113.0704,44.6678],[-113.0686,44.6603],[-113.0683,44.6564],[-113.0637,44.6522],[-113.0656,44.6494],[-113.0593,44.6434],[-113.0515,44.637],[-113.0494,44.6294],[-113.0523,44.6249],[-113.0535,44.6212],[-113.0568,44.6187],[-113.0656,44.6174],[-113.0738,44.6139],[-113.0778,44.6079],[-113.0879,44.5992],[-113.0778,44.5955],[-113.0691,44.5906],[-113.0634,44.5863],[-113.0674,44.5792],[-113.052,44.572],[-113.0398,44.5668],[-113.0367,44.564],[-113.0359,44.5609],[-113.0456,44.5554],[-113.0471,44.5463],[-113.0455,44.5439],[-113.0327,44.5371],[-113.0228,44.5359],[-113.0205,44.5323],[-113.0174,44.5295],[-113.0126,44.5275],[-113.0102,44.5278],[-113.007,44.5259],[-113.0055,44.5193],[-113.0156,44.5157],[-113.0146,44.5073],[-113.0181,44.5034],[-113.0228,44.4999],[-113.0239,44.4996],[-113.0255,44.4971],[-113.027,44.4962],[-113.0259,44.4941],[-113.0251,44.4913],[-113.0242,44.4898],[-113.0182,44.4821],[-113.0156,44.4806],[-113.0139,44.4794],[-113.011,44.4753],[-113.0065,44.4713],[-113.0089,44.4666],[-113.0079,44.4612],[-113.0064,44.4579],[-113.0063,44.4553],[-113.0028,44.4502],[-113.0019,44.4499],[-112.9938,44.4465],[-112.9891,44.4434],[-112.9876,44.4413],[-112.9852,44.4391],[-112.9817,44.4343],[-112.9785,44.4333],[-112.9724,44.4282],[-112.9666,44.4251],[-112.9637,44.4236],[-112.9596,44.4242],[-112.953,44.4242],[-112.9537,44.4222],[-112.953,44.4194],[-112.9511,44.4167],[-112.9467,44.4157],[-112.9413,44.4132],[-112.9371,44.4126],[-112.9306,44.4133],[-112.9284,44.4126],[-112.9271,44.4112],[-112.9196,44.4096],[-112.9185,44.4075],[-112.9177,44.4049],[-112.9156,44.4027],[-112.909,44.4013],[-112.9012,44.3987],[-112.8966,44.4011],[-112.8933,44.4046],[-112.8904,44.4051],[-112.8847,44.4021],[-112.8843,44.4005],[-112.886,44.3959],[-112.8841,44.3931],[-112.8842,44.3905],[-112.8817,44.3822],[-112.8818,44.3803],[-112.8793,44.3782],[-112.8739,44.376],[-112.8731,44.3749],[-112.8739,44.3726],[-112.8735,44.372],[-112.8718,44.3717],[-112.8692,44.3707],[-112.8657,44.37],[-112.8637,44.3696],[-112.8608,44.3664],[-112.8605,44.365],[-112.8585,44.3635],[-112.8554,44.36],[-112.8456,44.3582],[-112.8445,44.3585],[-112.8424,44.3604],[-112.8409,44.3619],[-112.8369,44.3623],[-112.8364,44.3632],[-112.8294,44.3658],[-112.8274,44.3674],[-112.823,44.3694],[-112.8221,44.3704],[-112.8205,44.3709],[-112.8167,44.3749],[-112.8158,44.3763],[-112.8138,44.3769],[-112.8127,44.3772],[-112.8137,44.3789],[-112.8132,44.3816],[-112.8144,44.3835],[-112.8124,44.3875],[-112.8125,44.3919],[-112.8131,44.3925],[-112.815,44.3958],[-112.8133,44.3982],[-112.8162,44.4],[-112.8173,44.3996],[-112.8208,44.4003],[-112.8216,44.402],[-112.8219,44.4046],[-112.8218,44.4072],[-112.8273,44.413],[-112.8312,44.4162],[-112.836,44.4227],[-112.8376,44.4226],[-112.8405,44.4253],[-112.8366,44.4261],[-112.8359,44.4272],[-112.8335,44.4296],[-112.8318,44.4301],[-112.8295,44.4316],[-112.8271,44.4324],[-112.8277,44.433],[-112.8284,44.4399],[-112.8282,44.4424],[-112.8255,44.4445],[-112.8216,44.4461],[-112.8185,44.4476],[-112.8151,44.4534],[-112.8119,44.4555],[-112.8098,44.4541],[-112.8086,44.4535],[-112.8074,44.4553],[-112.8017,44.4586],[-112.8003,44.4605],[-112.7988,44.4612],[-112.7972,44.4641],[-112.7982,44.4665],[-112.7984,44.4674],[-112.7949,44.4688],[-112.7813,44.4849],[-112.7703,44.4843],[-112.7652,44.4879],[-112.7626,44.4887],[-112.7553,44.4888],[-112.749,44.4912],[-112.7461,44.4881],[-112.742,44.4883],[-112.7409,44.4912],[-112.7368,44.4958],[-112.7351,44.4992],[-112.7332,44.4999],[-112.7253,44.5025],[-112.7191,44.5043],[-112.7154,44.5035],[-112.7091,44.5032],[-112.6979,44.4996],[-112.6961,44.4995],[-112.693,44.5004],[-112.6921,44.4994],[-112.6895,44.4991],[-112.6874,44.4984],[-112.6871,44.4958],[-112.6864,44.4952],[-112.686,44.4931],[-112.6822,44.4925],[-112.6799,44.4914],[-112.676,44.4921],[-112.6712,44.4913],[-112.6676,44.4894],[-112.6663,44.4882],[-112.6645,44.4864],[-112.6627,44.4864],[-112.6607,44.4858],[-112.6594,44.4859],[-112.658,44.487],[-112.6566,44.4869],[-112.654,44.4874],[-112.6492,44.4881],[-112.6435,44.4901],[-112.642,44.49],[-112.6405,44.4908],[-112.6354,44.4905],[-112.6327,44.4912],[-112.6294,44.4891],[-112.6298,44.4865],[-112.6289,44.4858],[-112.6289,44.4831],[-112.6278,44.4833],[-112.6248,44.4831],[-112.624,44.4839],[-112.6212,44.4853],[-112.6199,44.4867],[-112.6019,44.491],[-112.5982,44.4896],[-112.5971,44.4884],[-112.5954,44.4879],[-112.5933,44.4862],[-112.5846,44.4814],[-112.583,44.4822],[-112.5787,44.4809],[-112.5777,44.4801],[-112.5768,44.4807],[-112.5735,44.481],[-112.5697,44.4827],[-112.562,44.4826],[-112.5559,44.4838],[-112.5546,44.4844],[-112.5529,44.4842],[-112.5499,44.4849],[-112.5487,44.4837],[-112.5471,44.4835],[-112.542,44.484],[-112.5392,44.4822],[-112.5367,44.4798],[-112.5363,44.4783],[-112.5323,44.4781],[-112.5286,44.4768],[-112.5257,44.4775],[-112.5232,44.4762],[-112.5189,44.4758],[-112.517,44.4763],[-112.5153,44.4755],[-112.5124,44.474],[-112.5123,44.4726],[-112.5114,44.4717],[-112.512,44.4704],[-112.5115,44.4692],[-112.5117,44.4664],[-112.5038,44.4645],[-112.5003,44.4631],[-112.4966,44.4662],[-112.4969,44.4679],[-112.4939,44.468],[-112.4918,44.4705],[-112.4865,44.4714],[-112.4848,44.4718],[-112.4843,44.4733],[-112.483,44.4748],[-112.482,44.4749],[-112.478,44.4761],[-112.4732,44.48],[-112.4699,44.4791],[-112.4691,44.4782],[-112.4668,44.4771],[-112.4648,44.4756],[-112.4603,44.4757],[-112.4594,44.4742],[-112.4557,44.4718],[-112.4554,44.4702],[-112.456,44.4696],[-112.4555,44.4687],[-112.4555,44.4668],[-112.4543,44.4666],[-112.4528,44.4672],[-112.4518,44.4671],[-112.448,44.4682],[-112.4425,44.4668],[-112.4423,44.4656],[-112.4416,44.4652],[-112.4379,44.4633],[-112.4353,44.4622],[-112.4352,44.4609],[-112.434,44.4603],[-112.4346,44.4571],[-112.4337,44.4547],[-112.432,44.4546],[-112.4296,44.4538],[-112.4235,44.4549],[-112.4223,44.4541],[-112.416,44.4533],[-112.4111,44.4564],[-112.4081,44.4574],[-112.4061,44.457],[-112.4016,44.4559],[-112.3987,44.4532],[-112.3955,44.4525],[-112.3905,44.4507],[-112.3872,44.4477],[-112.3829,44.4527],[-112.3813,44.4537],[-112.3809,44.4546],[-112.378,44.4564],[-112.377,44.4586],[-112.3719,44.4632],[-112.3715,44.4644],[-112.3688,44.4672],[-112.3669,44.4673],[-112.3664,44.468],[-112.3655,44.4719],[-112.3648,44.4742],[-112.3644,44.4761],[-112.3647,44.4783],[-112.3647,44.481],[-112.363,44.4817],[-112.3629,44.4827],[-112.3619,44.4847],[-112.3592,44.4858],[-112.3567,44.4926],[-112.3577,44.4956],[-112.3569,44.4999],[-112.357,44.5034],[-112.3565,44.5049],[-112.3574,44.5059],[-112.3583,44.5075],[-112.3579,44.5103],[-112.3581,44.5208],[-112.3575,44.5217],[-112.3566,44.5248],[-112.3584,44.5261],[-112.3589,44.5287],[-112.3583,44.5299],[-112.3573,44.5299],[-112.3565,44.5322],[-112.3542,44.5356],[-112.3528,44.5369],[-112.3525,44.538],[-112.3518,44.5379],[-112.3488,44.5387],[-112.3439,44.5386],[-112.3419,44.5375],[-112.3402,44.5376],[-112.3358,44.5385],[-112.3328,44.5388],[-112.3276,44.5381],[-112.3238,44.5392],[-112.3208,44.5388],[-112.3192,44.5391],[-112.3156,44.541],[-112.3147,44.5438],[-112.3156,44.5466],[-112.3146,44.5514],[-112.3114,44.5547],[-112.31,44.555],[-112.3093,44.5557],[-112.3076,44.5577],[-112.3035,44.5592],[-112.302,44.5592],[-112.2982,44.5589],[-112.2973,44.5607],[-112.2929,44.5616],[-112.292,44.5642],[-112.2889,44.5677],[-112.2862,44.5685],[-112.2754,44.5658],[-112.2724,44.5662],[-112.2692,44.5655],[-112.2663,44.5659],[-112.2657,44.5668],[-112.2591,44.5685],[-112.2587,44.5695],[-112.2567,44.5716],[-112.2515,44.5677],[-112.2488,44.5685],[-112.2428,44.5681],[-112.2406,44.5667],[-112.2357,44.5652],[-112.2289,44.564],[-112.2295,44.5635],[-112.231,44.56],[-112.2304,44.5584],[-112.2272,44.5573],[-112.2268,44.5552],[-112.2289,44.5532],[-112.2295,44.5495],[-112.2217,44.5435],[-112.2166,44.5429],[-112.2135,44.5413],[-112.1965,44.5379],[-112.1915,44.5357],[-112.1889,44.5351],[-112.1839,44.5331],[-112.1802,44.5329],[-112.1778,44.5351],[-112.1697,44.5386],[-112.1646,44.5417],[-112.1614,44.5404],[-112.1527,44.5386],[-112.1486,44.5368],[-112.1455,44.5392],[-112.1439,44.5396],[-112.1403,44.5393],[-112.1365,44.5399],[-112.136,44.5378],[-112.1346,44.5372],[-112.1326,44.538],[-112.131,44.5378],[-112.1301,44.5366],[-112.1291,44.5363],[-112.1294,44.5348],[-112.1275,44.5325],[-112.1268,44.5306],[-112.1271,44.5291],[-112.1263,44.5289],[-112.1176,44.5258],[-112.11,44.5244],[-112.1076,44.5228],[-112.1068,44.5208],[-112.1016,44.5208],[-112.0963,44.5232],[-112.0946,44.5287],[-112.0933,44.53],[-112.0812,44.5337],[-112.0785,44.5336],[-112.076,44.5334],[-112.069,44.5371],[-112.065,44.536],[-112.0551,44.5365],[-112.0534,44.5351],[-112.0509,44.5344],[-112.0461,44.534],[-112.0439,44.5323],[-112.0379,44.5327],[-112.0374,44.5314],[-112.0355,44.5289],[-112.0328,44.5284],[-112.0324,44.5291],[-112.0327,44.5342],[-112.0336,44.5365],[-112.035,44.5427],[-112.0327,44.5466],[-112.0316,44.5466],[-112.0225,44.5446],[-112.0185,44.5424],[-112.0155,44.542],[-112.0115,44.5435],[-112.0081,44.5419],[-112.0078,44.5404],[-112.0047,44.5378],[-112.0014,44.5381],[-111.9952,44.5354],[-111.9913,44.5372],[-111.9851,44.5373],[-111.9836,44.5368],[-111.9808,44.5367],[-111.9793,44.5359],[-111.9731,44.5374],[-111.9702,44.5395],[-111.9694,44.5427],[-111.9677,44.5438],[-111.9673,44.5452],[-111.9632,44.5447],[-111.9616,44.5499],[-111.9541,44.549],[-111.9529,44.5495],[-111.9505,44.5509],[-111.9489,44.5542],[-111.9493,44.5551],[-111.9479,44.5568],[-111.9408,44.5567],[-111.935,44.558],[-111.9325,44.5576],[-111.9274,44.5576],[-111.9205,44.5578],[-111.9154,44.556],[-111.9122,44.5566],[-111.9013,44.5576],[-111.9002,44.5583],[-111.8954,44.5596],[-111.8946,44.5625],[-111.8926,44.5642],[-111.8898,44.5651],[-111.8879,44.5634],[-111.8832,44.5622],[-111.8811,44.5609],[-111.8705,44.564],[-111.8692,44.5653],[-111.8661,44.5628],[-111.8674,44.5595],[-111.8652,44.558],[-111.8646,44.5529],[-111.8636,44.5513],[-111.8572,44.5491],[-111.8563,44.5477],[-111.8562,44.5459],[-111.8518,44.5428],[-111.8493,44.5398],[-111.8476,44.5368],[-111.8425,44.5261],[-111.832,44.5203],[-111.8308,44.5202],[-111.8313,44.5175],[-111.8281,44.514],[-111.8278,44.5121],[-111.8247,44.5122],[-111.8241,44.5117],[-111.824,44.5105],[-111.8229,44.5097],[-111.8215,44.5093],[-111.8079,44.5117],[-111.8077,44.5123],[-111.8087,44.5142],[-111.8065,44.5155],[-111.8065,44.5163],[-111.8076,44.5176],[-111.8089,44.5195],[-111.8061,44.5237],[-111.8039,44.5252],[-111.8012,44.5259],[-111.7969,44.5263],[-111.794,44.526],[-111.7905,44.5246],[-111.7848,44.5237],[-111.7794,44.5249],[-111.7771,44.5262],[-111.7754,44.5282],[-111.7732,44.5294],[-111.7704,44.5297],[-111.7678,44.5282],[-111.7643,44.5273],[-111.7615,44.5268],[-111.7613,44.5273],[-111.7619,44.5298],[-111.7607,44.532],[-111.759,44.5338],[-111.7529,44.5369],[-111.7508,44.5387],[-111.7464,44.5408],[-111.7407,44.5416],[-111.7393,44.5424],[-111.7357,44.5431],[-111.7336,44.5424],[-111.7268,44.544],[-111.7175,44.5432],[-111.7155,44.5435],[-111.7138,44.5472],[-111.7115,44.5484],[-111.7081,44.5517],[-111.7042,44.5602],[-111.6902,44.5562],[-111.6831,44.5618],[-111.6816,44.5599],[-111.68,44.559],[-111.6719,44.5565],[-111.6641,44.5554],[-111.6605,44.5535],[-111.6587,44.553],[-111.6569,44.5532],[-111.6522,44.5553],[-111.6491,44.5556],[-111.6462,44.5552],[-111.6422,44.5535],[-111.6315,44.552],[-111.6248,44.552],[-111.6221,44.5509],[-111.6173,44.5508],[-111.6151,44.5492],[-111.6129,44.5491],[-111.6074,44.5512],[-111.6051,44.5533],[-111.6017,44.5539],[-111.5918,44.5615],[-111.5891,44.5627],[-111.5858,44.5628],[-111.5841,44.5623],[-111.5814,44.5602],[-111.5764,44.5593],[-111.5737,44.5591],[-111.5688,44.5581],[-111.5649,44.5584],[-111.5628,44.5552],[-111.5566,44.5545],[-111.5507,44.5568],[-111.548,44.5574],[-111.5451,44.5563],[-111.5451,44.555],[-111.544,44.5542],[-111.5395,44.5525],[-111.5371,44.5507],[-111.529,44.55],[-111.524,44.5484],[-111.5181,44.5442],[-111.5165,44.5386],[-111.5153,44.537],[-111.5143,44.5365],[-111.5106,44.5358],[-111.508,44.536],[-111.5054,44.537],[-111.5005,44.5406],[-111.4996,44.542],[-111.4975,44.5421],[-111.4964,44.5411],[-111.492,44.5406],[-111.4856,44.5417],[-111.4838,44.5408],[-111.4822,44.5414],[-111.4797,44.5421],[-111.479,44.5417],[-111.4768,44.5415],[-111.4757,44.5409],[-111.4711,44.5405],[-111.4694,44.54],[-111.469,44.5392],[-111.4678,44.539],[-111.468,44.5399],[-111.4674,44.5405],[-111.4635,44.5414],[-111.4677,44.5445],[-111.4669,44.5471],[-111.4679,44.549],[-111.4681,44.5514],[-111.4692,44.552],[-111.4681,44.5551],[-111.4695,44.557],[-111.4693,44.5576],[-111.4752,44.5566],[-111.4762,44.5544],[-111.4787,44.5534],[-111.4805,44.5548],[-111.4806,44.5557],[-111.4861,44.5576],[-111.4882,44.5591],[-111.492,44.5608],[-111.4975,44.5611],[-111.4993,44.5609],[-111.5008,44.5616],[-111.5075,44.5625],[-111.5091,44.5632],[-111.51,44.5644],[-111.51,44.5661],[-111.5073,44.5687],[-111.5057,44.569],[-111.5041,44.5687],[-111.5018,44.5704],[-111.5011,44.5712],[-111.5012,44.5722],[-111.5028,44.5741],[-111.5191,44.5829],[-111.5199,44.5898],[-111.523,44.5933],[-111.5242,44.5956],[-111.5246,44.5979],[-111.5221,44.6003],[-111.5191,44.6024],[-111.5258,44.6049],[-111.5203,44.6117],[-111.5201,44.6124],[-111.5217,44.6134],[-111.5156,44.6215],[-111.5105,44.6231],[-111.5067,44.6257],[-111.5029,44.6266],[-111.5052,44.6313],[-111.5079,44.6329],[-111.5123,44.6385],[-111.514,44.6391],[-111.517,44.6412],[-111.5166,44.6437],[-111.5082,44.6451],[-111.5008,44.6485],[-111.4992,44.6477],[-111.4987,44.6465],[-111.4966,44.6452],[-111.4956,44.6442],[-111.4938,44.6441],[-111.4905,44.6423],[-111.4907,44.6429],[-111.4921,44.6445],[-111.4915,44.6483],[-111.4907,44.6498],[-111.4888,44.6504],[-111.4878,44.654],[-111.4825,44.6559],[-111.4806,44.6578],[-111.4805,44.6583],[-111.4792,44.6587],[-111.478,44.6603],[-111.4789,44.6614],[-111.4786,44.6621],[-111.4732,44.6655],[-111.4727,44.6669],[-111.4737,44.6683],[-111.476,44.6689],[-111.4766,44.6709],[-111.4768,44.6738],[-111.4745,44.6741],[-111.4715,44.6754],[-111.4704,44.6773],[-111.4687,44.6787],[-111.4696,44.6797],[-111.472,44.68],[-111.4739,44.6815],[-111.4775,44.6816],[-111.4784,44.6829],[-111.4785,44.6832],[-111.4789,44.6839],[-111.48,44.6839],[-111.4812,44.6851],[-111.4849,44.6876],[-111.4831,44.6911],[-111.4832,44.6929],[-111.4843,44.6946],[-111.4872,44.6959],[-111.4878,44.6982],[-111.49,44.6995],[-111.4899,44.702],[-111.4894,44.7043],[-111.4884,44.7061],[-111.4865,44.7069],[-111.486,44.7077],[-111.4829,44.707],[-111.482,44.7072],[-111.4801,44.7067],[-111.4764,44.708],[-111.4757,44.7086],[-111.4729,44.7092],[-111.4715,44.7098],[-111.4655,44.7138],[-111.4586,44.7157],[-111.4524,44.7168],[-111.4468,44.7173],[-111.4427,44.7202],[-111.4317,44.7207],[-111.4296,44.7201],[-111.4262,44.7177],[-111.4261,44.7165],[-111.4242,44.714],[-111.4188,44.7127],[-111.4158,44.7109],[-111.4143,44.7107],[-111.4117,44.7141],[-111.4084,44.716],[-111.407,44.7184],[-111.4042,44.7216],[-111.4005,44.7221],[-111.3986,44.7233],[-111.3978,44.7248],[-111.3983,44.7264],[-111.3971,44.7288],[-111.3981,44.7305],[-111.3992,44.7351],[-111.3965,44.7392],[-111.3954,44.7394],[-111.3956,44.7407],[-111.3945,44.7446],[-111.3954,44.746],[-111.3978,44.7467],[-111.3967,44.7481],[-111.3959,44.7482],[-111.3959,44.7489],[-111.3944,44.7498],[-111.3953,44.7506],[-111.3939,44.7525],[-111.3874,44.7545],[-111.385,44.7551],[-111.3777,44.7517],[-111.3748,44.7503],[-111.3751,44.7485],[-111.3722,44.7466],[-111.3698,44.7442],[-111.3663,44.7422],[-111.3667,44.7415],[-111.3664,44.7403],[-111.3667,44.7384],[-111.3629,44.7355],[-111.3597,44.7317],[-111.3558,44.7276],[-111.353,44.7262],[-111.3482,44.7255],[-111.3414,44.7293],[-111.3371,44.7332],[-111.3325,44.7313],[-111.3292,44.7313],[-111.3236,44.7291],[-111.3228,44.7277],[-111.3237,44.7245],[-111.3226,44.7187],[-111.3183,44.7157],[-111.3181,44.7146],[-111.3126,44.7113],[-111.308,44.7082],[-111.3011,44.7057],[-111.3003,44.7039],[-111.2963,44.7023],[-111.2953,44.7012],[-111.2949,44.6989],[-111.2961,44.6969],[-111.2973,44.6941],[-111.297,44.6914],[-111.2945,44.6892],[-111.2917,44.6862],[-111.2883,44.6861],[-111.2845,44.6841],[-111.2815,44.6835],[-111.2793,44.682],[-111.2764,44.6785],[-111.2764,44.6751],[-111.2688,44.6683],[-111.2672,44.6678],[-111.2664,44.6667],[-111.2669,44.6655],[-111.2682,44.6637],[-111.2715,44.6627],[-111.2733,44.6604],[-111.275,44.6588],[-111.2756,44.6571],[-111.2779,44.6552],[-111.2807,44.6552],[-111.2799,44.6536],[-111.2767,44.6496],[-111.2736,44.6487],[-111.2705,44.6469],[-111.2664,44.648],[-111.2655,44.6487],[-111.2637,44.649],[-111.2628,44.6497],[-111.2607,44.6497],[-111.2562,44.6507],[-111.2527,44.6511],[-111.2532,44.6496],[-111.2513,44.6486],[-111.2514,44.6475],[-111.2496,44.6441],[-111.2482,44.6437],[-111.2467,44.6439],[-111.2435,44.6436],[-111.2415,44.6413],[-111.2386,44.6392],[-111.2343,44.6352],[-111.2318,44.6323],[-111.2267,44.6285],[-111.2271,44.6273],[-111.2265,44.6261],[-111.222,44.6235],[-111.2191,44.6223],[-111.226,44.6181],[-111.2278,44.6182],[-111.2294,44.6174],[-111.2307,44.6175],[-111.2364,44.6161],[-111.2371,44.6154],[-111.2388,44.6154],[-111.2396,44.6145],[-111.2415,44.6142],[-111.2425,44.6124],[-111.2379,44.6106],[-111.2373,44.6099],[-111.2375,44.6074],[-111.2344,44.6044],[-111.2355,44.6023],[-111.2356,44.6008],[-111.2333,44.6001],[-111.2315,44.5952],[-111.232,44.5928],[-111.2341,44.5915],[-111.2343,44.591],[-111.2315,44.5886],[-111.231,44.5852],[-111.2298,44.5834],[-111.2305,44.5816],[-111.2304,44.5797],[-111.2281,44.5785],[-111.2276,44.5778],[-111.228,44.5767],[-111.2272,44.5764],[-111.2214,44.5769],[-111.2187,44.5752],[-111.2142,44.5756],[-111.2105,44.575],[-111.2015,44.5757],[-111.197,44.574],[-111.1808,44.569],[-111.1799,44.5668],[-111.1806,44.5645],[-111.1803,44.5589],[-111.1807,44.5562],[-111.1807,44.5542],[-111.177,44.5509],[-111.1735,44.5491],[-111.1643,44.5466],[-111.1596,44.5464],[-111.1561,44.5425],[-111.1513,44.5349],[-111.1414,44.5356],[-111.1318,44.5326],[-111.1379,44.5206],[-111.1395,44.5171],[-111.1314,44.4999],[-111.1296,44.4993],[-111.1277,44.4991],[-111.1255,44.496],[-111.1237,44.4952],[-111.1227,44.4937],[-111.1208,44.494],[-111.1155,44.4938],[-111.1144,44.4933],[-111.1066,44.4863],[-111.1048,44.4862],[-111.1,44.4876],[-111.0962,44.4862],[-111.0909,44.4842],[-111.0841,44.4829],[-111.0793,44.4813],[-111.0722,44.4809],[-111.0694,44.4796],[-111.0658,44.4772],[-111.0627,44.4761],[-111.0561,44.4751],[-111.0542,44.4759],[-111.0525,44.4759],[-111.049,44.4741],[-111.0549,44.6149],[-111.0553,44.6663],[-110.852,44.6664],[-110.7508,44.6668],[-110.7446,44.6664],[-110.6679,44.6663],[-110.6676,44.6107],[-110.6679,44.5828],[-110.4824,44.5829],[-110.3753,44.583],[-110.3769,44.5802],[-110.3758,44.5776],[-110.3726,44.5746],[-110.3727,44.5709],[-110.3747,44.5685],[-110.3784,44.5683],[-110.3807,44.5669],[-110.3826,44.5665],[-110.3848,44.5652],[-110.3845,44.5638],[-110.3758,44.5613],[-110.3642,44.5556],[-110.3612,44.5531],[-110.3523,44.552],[-110.3389,44.5484],[-110.3377,44.5487],[-110.3331,44.5475],[-110.333,44.5483],[-110.3316,44.5492],[-110.3313,44.5533],[-110.33,44.554],[-110.318,44.5545],[-110.3147,44.5556],[-110.3035,44.5513],[-110.295,44.5462],[-110.2906,44.5417],[-110.2902,44.539],[-110.2911,44.5384],[-110.2955,44.5375],[-110.2961,44.5346],[-110.2969,44.5339],[-110.2977,44.5323],[-110.2983,44.5293],[-110.2955,44.5275],[-110.292,44.5277],[-110.2905,44.5282],[-110.2882,44.5273],[-110.2866,44.5263],[-110.2786,44.5192],[-110.2771,44.5163],[-110.2785,44.5129],[-110.2798,44.5109],[-110.2791,44.507],[-110.2799,44.5056],[-110.278,44.5011],[-110.2788,44.4973],[-110.2825,44.4938],[-110.2846,44.4899],[-110.2823,44.4784],[-110.2838,44.4745],[-110.2853,44.4728],[-110.2869,44.4724],[-110.2895,44.4727],[-110.2911,44.4707],[-110.2899,44.4648],[-110.2901,44.459],[-110.289,44.4526],[-110.2897,44.45],[-110.2929,44.4434],[-110.2923,44.4383],[-110.2943,44.4358],[-110.2964,44.4354],[-110.297,44.432],[-110.2958,44.429],[-110.2901,44.4254],[-110.288,44.4224],[-110.2876,44.4198],[-110.2827,44.4169],[-110.2775,44.4138],[-110.2739,44.4131],[-110.2715,44.413],[-110.268,44.4116],[-110.2609,44.4096],[-110.2556,44.405],[-110.2547,44.3999],[-110.2539,44.3982],[-110.2536,44.3935],[-110.254,44.3902],[-110.2507,44.3893],[-110.245,44.3879],[-110.2421,44.3865],[-110.2412,44.3847],[-110.2353,44.3818],[-110.2291,44.3739],[-110.2298,44.3708],[-110.2283,44.3675],[-110.227,44.3615],[-110.2282,44.3593],[-110.2278,44.3566],[-110.2269,44.3552],[-110.2267,44.3517],[-110.2241,44.3483],[-110.2247,44.3437],[-110.2261,44.3422],[-110.2245,44.3364],[-110.2205,44.3328],[-110.2148,44.331],[-110.2028,44.3277],[-110.2017,44.3264],[-110.2017,44.3245],[-110.2036,44.3233],[-110.2033,44.3217],[-110.2021,44.3213],[-110.2037,44.3207],[-110.205,44.321],[-110.2061,44.32],[-110.2059,44.3192],[-110.2068,44.3185],[-110.2023,44.3136],[-110.2033,44.3119],[-110.2056,44.3112],[-110.2063,44.3099],[-110.2037,44.3078],[-110.2035,44.3061],[-110.2023,44.3054],[-110.1984,44.3063],[-110.1974,44.306],[-110.196,44.3043],[-110.192,44.3022],[-110.1908,44.3009],[-110.1895,44.3004],[-110.1872,44.3008],[-110.1859,44.3018],[-110.1861,44.3071],[-110.1864,44.3087],[-110.1826,44.309],[-110.1814,44.3086],[-110.1816,44.308],[-110.1834,44.3067],[-110.1842,44.3038],[-110.1831,44.302],[-110.1809,44.3015],[-110.1783,44.3041],[-110.1754,44.3045],[-110.1732,44.3032],[-110.1728,44.3017],[-110.1754,44.299],[-110.1755,44.2977],[-110.174,44.297],[-110.1721,44.2971],[-110.1696,44.2965],[-110.1675,44.2966],[-110.1659,44.2994],[-110.1642,44.2994],[-110.1619,44.2972],[-110.1545,44.2933],[-110.1533,44.2936],[-110.1499,44.2908],[-110.1508,44.2897],[-110.1475,44.2869],[-110.1459,44.2838],[-110.1446,44.282],[-110.1456,44.2807],[-110.1449,44.2776],[-110.1406,44.2758],[-110.1417,44.2743],[-110.1438,44.2727],[-110.1463,44.2722],[-110.1485,44.2721],[-110.1505,44.2706],[-110.1497,44.269],[-110.1479,44.2685],[-110.147,44.2656],[-110.1436,44.2649],[-110.1426,44.2634],[-110.141,44.2631],[-110.1409,44.262],[-110.1422,44.2609],[-110.1429,44.2588],[-110.1459,44.2576],[-110.146,44.2565],[-110.1429,44.2557],[-110.1425,44.2546],[-110.143,44.2537],[-110.1392,44.2511],[-110.1377,44.2496],[-110.1329,44.2496],[-110.1322,44.2485],[-110.1344,44.2461],[-110.134,44.2453],[-110.135,44.2428],[-110.1345,44.2408],[-110.1353,44.2393],[-110.1381,44.2386],[-110.1383,44.2365],[-110.1366,44.235],[-110.1335,44.231],[-110.1316,44.2299],[-110.1324,44.2276],[-110.1335,44.2263],[-110.1335,44.2257],[-110.1301,44.2241],[-110.1285,44.2228],[-110.127,44.2195],[-110.1245,44.2157],[-110.1236,44.2117],[-110.1229,44.2118],[-110.1209,44.2146],[-110.1171,44.2167],[-110.1145,44.2162],[-110.1137,44.213],[-110.1106,44.2103],[-110.1106,44.2098],[-110.1125,44.2094],[-110.1167,44.2104],[-110.1174,44.2101],[-110.1182,44.2084],[-110.1223,44.207],[-110.1241,44.2049],[-110.124,44.2037],[-110.1203,44.1996],[-110.1191,44.1986],[-110.1169,44.1988],[-110.1157,44.2005],[-110.1141,44.2008],[-110.1118,44.1997],[-110.1103,44.1963],[-110.1091,44.1948],[-110.1093,44.1935],[-110.1116,44.1921],[-110.1136,44.1921],[-110.1152,44.193],[-110.1178,44.1935],[-110.1212,44.1948],[-110.1227,44.1945],[-110.1239,44.1931],[-110.1233,44.1923],[-110.1222,44.1923],[-110.1163,44.1905],[-110.1151,44.1895],[-110.1157,44.1881],[-110.1204,44.187],[-110.1202,44.1851],[-110.1173,44.183],[-110.1172,44.1814],[-110.1162,44.1812],[-110.1149,44.1822],[-110.1148,44.1847],[-110.1105,44.1853],[-110.1081,44.1862],[-110.1063,44.1857],[-110.1059,44.1846],[-110.1088,44.1809],[-110.1094,44.179],[-110.112,44.1783],[-110.1135,44.1793],[-110.1152,44.1794],[-110.1161,44.1789],[-110.1168,44.1778],[-110.1195,44.1771],[-110.1209,44.1758],[-110.1214,44.1749],[-110.123,44.1749],[-110.1223,44.1737],[-110.121,44.1731],[-110.1206,44.1703],[-110.1185,44.1702],[-110.1166,44.1687],[-110.117,44.1675],[-110.1212,44.1655],[-110.1213,44.1639],[-110.1211,44.1617],[-110.1227,44.1602],[-110.1257,44.1606],[-110.1277,44.1595],[-110.1282,44.1582],[-110.1268,44.1565],[-110.1263,44.1546],[-110.1243,44.1537],[-110.1243,44.1524],[-110.1257,44.1523],[-110.1265,44.1525],[-110.1285,44.1515],[-110.1278,44.1506],[-110.1257,44.1503],[-110.1252,44.1486],[-110.1274,44.1434],[-110.1263,44.1433],[-110.1251,44.144],[-110.1241,44.144],[-110.1235,44.1425],[-110.1242,44.1408],[-110.1214,44.1401],[-110.1216,44.1367],[-110.117,44.1365],[-110.1162,44.1349],[-110.1173,44.1347],[-110.1193,44.1348],[-110.12,44.1334],[-110.1192,44.1326],[-110.0534,44.1326],[-110.0532,44.008]]]}},{"type":"Feature","properties":{"Dma":"Norfolk-Portsmouth-Newport News","dma":"Norfolk-Portsmouth-Newport News","name":"Norfolk-Portsmouth-Newport News","dma_code":"544","dma_name_nielsen":"NORFOLK-PORTSMTH-NEWPT NWS"},"geometry":{"type":"MultiPolygon","coordinates":[[[[-75.2423,38.0272],[-75.2972,37.9592],[-75.3331,37.8928],[-75.3627,37.8616],[-75.3745,37.8586],[-75.4006,37.8756],[-75.3965,37.8737],[-75.3849,37.877],[-75.3699,37.8652],[-75.3545,37.8709],[-75.3491,37.885],[-75.3478,37.8825],[-75.3439,37.8899],[-75.3822,37.8934],[-75.3766,37.9009],[-75.3799,37.913],[-75.3761,37.9099],[-75.3751,37.914],[-75.3666,37.9132],[-75.3642,37.9139],[-75.364,37.9134],[-75.3666,37.9125],[-75.3658,37.912],[-75.3601,37.914],[-75.3338,37.9234],[-75.3346,37.9289],[-75.3126,37.947],[-75.3145,37.9506],[-75.3104,37.9504],[-75.289,37.979],[-75.2912,37.9802],[-75.2941,37.9854],[-75.295,37.9853],[-75.294,37.9822],[-75.2993,37.9806],[-75.2959,37.9872],[-75.3016,37.9831],[-75.3064,37.9876],[-75.3081,37.9887],[-75.3081,37.9893],[-75.3047,37.9878],[-75.2965,37.9905],[-75.3087,37.9912],[-75.3071,37.9948],[-75.3011,37.9921],[-75.2986,37.997],[-75.3005,37.9979],[-75.296,37.9981],[-75.2876,37.9924],[-75.2864,38.0045],[-75.2756,38.0112],[-75.276,38.0204],[-75.2639,38.0235],[-75.2621,38.0256],[-75.2633,38.0162],[-75.2729,38.0081],[-75.2744,38.0046],[-75.2737,38.0045],[-75.2725,38.0068],[-75.257,38.0206],[-75.257,38.0229],[-75.2538,38.0223],[-75.2506,38.0266],[-75.2423,38.0272]]],[[[-75.3777,38.0152],[-75.3765,38.0094],[-75.4031,38.0015],[-75.408,37.988],[-75.4141,37.9858],[-75.4163,37.9915],[-75.4212,37.9845],[-75.4326,37.9922],[-75.43,37.99],[-75.4296,37.9721],[-75.4363,37.9643],[-75.4348,37.9511],[-75.4307,37.95],[-75.4342,37.9462],[-75.4383,37.9483],[-75.4414,37.9465],[-75.4454,37.9452],[-75.4475,37.9422],[-75.4465,37.9396],[-75.4378,37.9383],[-75.4391,37.934],[-75.4457,37.927],[-75.4444,37.9241],[-75.4457,37.9063],[-75.4561,37.9071],[-75.4582,37.9126],[-75.4635,37.9132],[-75.4751,37.9107],[-75.4799,37.8974],[-75.486,37.8928],[-75.5007,37.8644],[-75.4824,37.8612],[-75.477,37.8621],[-75.4759,37.8648],[-75.4746,37.8652],[-75.4758,37.8625],[-75.4788,37.8541],[-75.4894,37.8536],[-75.4924,37.8498],[-75.4951,37.8486],[-75.4938,37.8437],[-75.4966,37.8434],[-75.5055,37.8511],[-75.5027,37.8455],[-75.5049,37.8485],[-75.5126,37.847],[-75.5142,37.8379],[-75.5148,37.8369],[-75.51,37.8343],[-75.5162,37.8299],[-75.5156,37.8251],[-75.5211,37.8238],[-75.5337,37.8082],[-75.5316,37.8048],[-75.5417,37.789],[-75.5332,37.7825],[-75.5439,37.7664],[-75.5571,37.7549],[-75.5658,37.7363],[-75.5764,37.7447],[-75.5983,37.7218],[-75.604,37.7105],[-75.6116,37.709],[-75.6137,37.7086],[-75.6136,37.7083],[-75.6106,37.7085],[-75.6102,37.701],[-75.6151,37.6876],[-75.6039,37.68],[-75.6202,37.6693],[-75.6212,37.6664],[-75.6189,37.6648],[-75.6194,37.6644],[-75.6224,37.6656],[-75.631,37.6601],[-75.6293,37.6543],[-75.641,37.6572],[-75.6467,37.6541],[-75.6506,37.6508],[-75.6717,37.619],[-75.6742,37.6196],[-75.6846,37.6095],[-75.6863,37.5952],[-75.6944,37.5921],[-75.696,37.586],[-75.7014,37.5786],[-75.6978,37.5718],[-75.6976,37.5741],[-75.6773,37.5723],[-75.6679,37.5701],[-75.6682,37.5767],[-75.6652,37.5728],[-75.6724,37.5655],[-75.685,37.5599],[-75.6872,37.5569],[-75.6904,37.5565],[-75.6871,37.556],[-75.6869,37.5542],[-75.6744,37.5314],[-75.6848,37.532],[-75.6934,37.5236],[-75.699,37.5217],[-75.6964,37.5281],[-75.7007,37.5353],[-75.6974,37.5378],[-75.7045,37.5332],[-75.7126,37.5374],[-75.7127,37.5458],[-75.7093,37.5433],[-75.7131,37.5472],[-75.7089,37.5549],[-75.7109,37.5557],[-75.7061,37.5578],[-75.7256,37.5533],[-75.7553,37.5182],[-75.7514,37.5127],[-75.7527,37.5057],[-75.7353,37.5062],[-75.7336,37.505],[-75.7417,37.502],[-75.7375,37.4933],[-75.727,37.4977],[-75.7196,37.4941],[-75.7295,37.493],[-75.7442,37.4884],[-75.7485,37.4939],[-75.75,37.4951],[-75.7563,37.4961],[-75.757,37.4993],[-75.7577,37.497],[-75.7642,37.4967],[-75.762,37.4969],[-75.7632,37.498],[-75.7667,37.497],[-75.7725,37.495],[-75.782,37.4857],[-75.8056,37.4712],[-75.8009,37.4818],[-75.7991,37.4808],[-75.7986,37.481],[-75.8005,37.4824],[-75.7908,37.4936],[-75.7922,37.5009],[-75.7807,37.5059],[-75.7622,37.5305],[-75.754,37.5355],[-75.7424,37.5566],[-75.7433,37.5628],[-75.7422,37.5638],[-75.7286,37.5754],[-75.7445,37.5661],[-75.7607,37.5581],[-75.7635,37.5584],[-75.7635,37.5577],[-75.7609,37.557],[-75.7508,37.5581],[-75.7523,37.55],[-75.7657,37.5393],[-75.7678,37.5371],[-75.7674,37.5368],[-75.7649,37.5389],[-75.762,37.5365],[-75.7888,37.503],[-75.8032,37.511],[-75.7853,37.5269],[-75.7844,37.5303],[-75.779,37.5343],[-75.779,37.5352],[-75.7816,37.5336],[-75.7894,37.5295],[-75.8024,37.5192],[-75.8081,37.5104],[-75.8097,37.5126],[-75.8124,37.5041],[-75.8045,37.5105],[-75.8003,37.5046],[-75.793,37.5026],[-75.7969,37.4936],[-75.7956,37.4887],[-75.8142,37.4744],[-75.814,37.4737],[-75.8118,37.4638],[-75.8196,37.4608],[-75.8184,37.4532],[-75.8249,37.4496],[-75.828,37.4471],[-75.8277,37.4467],[-75.8248,37.4485],[-75.8301,37.4426],[-75.8327,37.4437],[-75.8312,37.4415],[-75.8318,37.438],[-75.8295,37.4362],[-75.8308,37.4379],[-75.8213,37.4476],[-75.8091,37.4444],[-75.8201,37.4318],[-75.8201,37.4202],[-75.8122,37.4151],[-75.8252,37.4026],[-75.8204,37.4085],[-75.8323,37.4118],[-75.8439,37.4056],[-75.844,37.405],[-75.8482,37.3989],[-75.8627,37.3976],[-75.8589,37.3963],[-75.8737,37.3802],[-75.8756,37.3824],[-75.874,37.3847],[-75.8744,37.3849],[-75.8763,37.3831],[-75.8766,37.3845],[-75.8785,37.3807],[-75.8776,37.3789],[-75.8789,37.3771],[-75.8743,37.3774],[-75.8756,37.3716],[-75.8812,37.3689],[-75.893,37.353],[-75.891,37.3637],[-75.9017,37.3461],[-75.8978,37.3463],[-75.91,37.3127],[-75.9131,37.3115],[-75.9141,37.3142],[-75.9201,37.2946],[-75.9175,37.2842],[-75.9268,37.2782],[-75.9233,37.2771],[-75.9266,37.2725],[-75.9236,37.2705],[-75.928,37.2655],[-75.926,37.2643],[-75.9228,37.2647],[-75.9224,37.2643],[-75.925,37.2637],[-75.9272,37.264],[-75.9294,37.2576],[-75.9245,37.2572],[-75.9237,37.2482],[-75.929,37.2478],[-75.9359,37.2358],[-75.9233,37.2318],[-75.9283,37.2219],[-75.929,37.2177],[-75.9325,37.2172],[-75.9393,37.2076],[-75.9372,37.1943],[-75.9331,37.1971],[-75.9326,37.192],[-75.9364,37.1913],[-75.9419,37.1828],[-75.9376,37.1668],[-75.943,37.1636],[-75.9408,37.1572],[-75.9403,37.1349],[-75.9694,37.1173],[-75.9746,37.1469],[-75.986,37.1675],[-75.9885,37.1648],[-75.986,37.1685],[-76.0133,37.2065],[-76.0106,37.2309],[-76.0002,37.2307],[-75.9914,37.2246],[-75.9927,37.2274],[-75.9866,37.2261],[-75.9961,37.2341],[-75.9823,37.2334],[-75.9883,37.2365],[-75.9895,37.2351],[-75.9965,37.2392],[-75.9877,37.2446],[-75.9971,37.2479],[-75.9878,37.2534],[-75.9906,37.2545],[-75.9871,37.2609],[-75.9925,37.2593],[-75.9934,37.2523],[-75.9986,37.2526],[-75.9982,37.2501],[-76.0011,37.2505],[-75.9983,37.2474],[-76.0023,37.2362],[-76.0122,37.2379],[-76.0116,37.2425],[-76.0149,37.237],[-76.0234,37.2514],[-76.0241,37.2631],[-76.0242,37.2672],[-76.0117,37.2813],[-76.0079,37.2778],[-75.9889,37.2775],[-75.9871,37.276],[-75.9865,37.2763],[-75.9883,37.278],[-75.9913,37.2796],[-75.9832,37.281],[-75.9884,37.2837],[-75.9939,37.2802],[-75.9988,37.282],[-76.0069,37.2803],[-76.0073,37.2846],[-76.0148,37.2825],[-76.0158,37.2904],[-76.0076,37.2995],[-75.998,37.2943],[-75.9969,37.2962],[-76.0052,37.306],[-75.9953,37.3066],[-75.9943,37.3057],[-75.9927,37.3033],[-75.9919,37.304],[-75.994,37.3076],[-75.9938,37.3095],[-75.9897,37.3101],[-75.9869,37.3091],[-75.9869,37.3063],[-75.9815,37.3085],[-75.9777,37.3065],[-75.9857,37.313],[-75.988,37.3107],[-75.9835,37.3192],[-75.9818,37.3147],[-75.97,37.3165],[-75.9661,37.3128],[-75.9732,37.3195],[-75.9829,37.3198],[-75.9853,37.3206],[-75.9854,37.3189],[-75.9902,37.3244],[-75.9772,37.3293],[-75.9906,37.3313],[-75.9929,37.3338],[-75.9946,37.3235],[-75.9999,37.3173],[-76.007,37.318],[-76.0081,37.3111],[-76.015,37.3122],[-76.0177,37.3034],[-76.021,37.2979],[-76.0125,37.3347],[-75.9849,37.3689],[-75.9818,37.3598],[-75.977,37.3625],[-75.9768,37.3591],[-75.9781,37.3566],[-75.9776,37.3558],[-75.9767,37.3576],[-75.9767,37.3581],[-75.9722,37.3641],[-75.9675,37.3613],[-75.9573,37.3602],[-75.971,37.3637],[-75.9692,37.3661],[-75.981,37.3656],[-75.9765,37.3735],[-75.9832,37.3688],[-75.985,37.3849],[-75.9764,37.3829],[-75.9741,37.3876],[-75.9698,37.3921],[-75.9573,37.3868],[-75.9554,37.3855],[-75.9543,37.3858],[-75.9575,37.3877],[-75.9487,37.3886],[-75.9438,37.3803],[-75.9428,37.3845],[-75.9373,37.3825],[-75.941,37.3865],[-75.9353,37.3876],[-75.9454,37.387],[-75.9404,37.3952],[-75.9508,37.3895],[-75.963,37.3969],[-75.9683,37.3969],[-75.9733,37.4068],[-75.969,37.4053],[-75.97,37.4089],[-75.9543,37.4149],[-75.9605,37.4151],[-75.9552,37.4204],[-75.947,37.4167],[-75.9418,37.4148],[-75.9394,37.4173],[-75.9305,37.4129],[-75.9332,37.4181],[-75.9396,37.4185],[-75.9297,37.4238],[-75.9484,37.4204],[-75.9509,37.4252],[-75.9312,37.4425],[-75.9536,37.4295],[-75.9525,37.4279],[-75.9593,37.4308],[-75.9622,37.4224],[-75.9658,37.4204],[-75.9659,37.4185],[-75.9711,37.4178],[-75.971,37.4272],[-75.974,37.4145],[-75.9752,37.4185],[-75.9759,37.4162],[-75.9787,37.4229],[-75.9782,37.4211],[-75.9807,37.4212],[-75.9776,37.4142],[-75.9807,37.4099],[-75.9778,37.4062],[-75.9808,37.4024],[-75.9816,37.4047],[-75.9799,37.4365],[-75.9814,37.4338],[-75.9765,37.4449],[-75.9713,37.4511],[-75.9672,37.4472],[-75.9693,37.4425],[-75.9631,37.4398],[-75.9631,37.4481],[-75.9578,37.4479],[-75.9656,37.4521],[-75.9664,37.4552],[-75.9687,37.4529],[-75.9618,37.4685],[-75.9479,37.4693],[-75.9423,37.4714],[-75.9415,37.4639],[-75.9434,37.4628],[-75.945,37.4556],[-75.9379,37.4631],[-75.935,37.459],[-75.9215,37.4573],[-75.9204,37.4568],[-75.9179,37.4561],[-75.9144,37.4596],[-75.9064,37.4579],[-75.9106,37.4604],[-75.9207,37.4587],[-75.9221,37.4616],[-75.9291,37.4623],[-75.9253,37.4641],[-75.9274,37.464],[-75.9258,37.4656],[-75.9349,37.4637],[-75.9363,37.4735],[-75.93,37.4815],[-75.9126,37.4814],[-75.9079,37.4824],[-75.9072,37.4796],[-75.9026,37.4821],[-75.8889,37.4797],[-75.8888,37.4797],[-75.8935,37.4837],[-75.8905,37.4854],[-75.8908,37.4857],[-75.8943,37.4848],[-75.8968,37.4829],[-75.9065,37.4879],[-75.9188,37.4831],[-75.9154,37.4913],[-75.902,37.4984],[-75.8941,37.4938],[-75.885,37.4996],[-75.8962,37.4958],[-75.8985,37.5026],[-75.8948,37.5065],[-75.8986,37.5047],[-75.904,37.5111],[-75.8901,37.5238],[-75.9039,37.5176],[-75.9102,37.5089],[-75.9066,37.5045],[-75.9197,37.5005],[-75.9154,37.4989],[-75.9186,37.496],[-75.9251,37.4925],[-75.9264,37.4981],[-75.9251,37.49],[-75.9335,37.4882],[-75.9354,37.4892],[-75.9334,37.4907],[-75.934,37.4915],[-75.936,37.4906],[-75.9397,37.494],[-75.9393,37.4889],[-75.9428,37.4888],[-75.9352,37.4846],[-75.9427,37.483],[-75.942,37.4809],[-75.9453,37.4798],[-75.946,37.4779],[-75.9532,37.4776],[-75.9537,37.4821],[-75.954,37.4754],[-75.9591,37.4772],[-75.9597,37.4798],[-75.9631,37.4752],[-75.9512,37.5227],[-75.937,37.5422],[-75.9275,37.5345],[-75.9297,37.5418],[-75.9258,37.5402],[-75.9334,37.547],[-75.9309,37.5483],[-75.9346,37.5477],[-75.9253,37.552],[-75.9201,37.5413],[-75.9191,37.5502],[-75.9146,37.5489],[-75.9079,37.5506],[-75.9086,37.5487],[-75.9075,37.5464],[-75.9069,37.5473],[-75.9079,37.549],[-75.9003,37.5527],[-75.8927,37.5466],[-75.8862,37.5459],[-75.8763,37.55],[-75.8738,37.5441],[-75.8739,37.5477],[-75.8544,37.5519],[-75.8447,37.5481],[-75.8482,37.5502],[-75.836,37.5546],[-75.8382,37.5561],[-75.8291,37.5679],[-75.843,37.5597],[-75.8413,37.5573],[-75.8648,37.5535],[-75.8639,37.558],[-75.8672,37.554],[-75.8861,37.5528],[-75.8972,37.5615],[-75.909,37.5565],[-75.9112,37.5609],[-75.9131,37.5596],[-75.9224,37.5566],[-75.919,37.5644],[-75.9247,37.5608],[-75.9281,37.5628],[-75.9265,37.5653],[-75.9271,37.5653],[-75.9292,37.5625],[-75.9275,37.5576],[-75.9366,37.5598],[-75.9392,37.5561],[-75.9394,37.5631],[-75.9402,37.5638],[-75.9403,37.5614],[-75.9414,37.5615],[-75.9412,37.5638],[-75.9271,37.5834],[-75.9237,37.575],[-75.9215,37.5767],[-75.924,37.5837],[-75.9168,37.5857],[-75.9166,37.5817],[-75.904,37.5748],[-75.9046,37.5727],[-75.8962,37.5735],[-75.8947,37.5713],[-75.8924,37.5768],[-75.8858,37.5755],[-75.8845,37.5802],[-75.8933,37.5773],[-75.8942,37.5793],[-75.8977,37.5767],[-75.8977,37.5805],[-75.9013,37.5798],[-75.9013,37.5835],[-75.9032,37.5802],[-75.9079,37.588],[-75.9125,37.5894],[-75.9076,37.5925],[-75.9044,37.592],[-75.9078,37.5945],[-75.899,37.5959],[-75.9149,37.5946],[-75.9183,37.5928],[-75.9211,37.5916],[-75.9223,37.5926],[-75.9192,37.5942],[-75.9079,37.5997],[-75.9201,37.5975],[-75.921,37.6022],[-75.9254,37.5961],[-75.9041,37.6273],[-75.9053,37.6254],[-75.9028,37.6256],[-75.9041,37.6221],[-75.9017,37.6233],[-75.9013,37.6166],[-75.893,37.6046],[-75.8816,37.6071],[-75.881,37.6042],[-75.8787,37.6052],[-75.8713,37.5945],[-75.8664,37.5937],[-75.8672,37.598],[-75.8692,37.5989],[-75.8637,37.6003],[-75.8772,37.6094],[-75.873,37.6157],[-75.8586,37.6102],[-75.8674,37.6163],[-75.8575,37.6238],[-75.8541,37.6197],[-75.8525,37.6181],[-75.8516,37.6184],[-75.8534,37.62],[-75.8519,37.6212],[-75.8541,37.6252],[-75.8411,37.627],[-75.8402,37.6247],[-75.8394,37.6246],[-75.8398,37.6272],[-75.8456,37.6304],[-75.829,37.6345],[-75.8368,37.6371],[-75.8345,37.639],[-75.8834,37.6117],[-75.8885,37.6173],[-75.8821,37.6219],[-75.8862,37.6329],[-75.8923,37.639],[-75.8889,37.6539],[-75.8696,37.6507],[-75.8697,37.648],[-75.8678,37.6476],[-75.8672,37.6457],[-75.8656,37.6453],[-75.8667,37.6468],[-75.8635,37.6485],[-75.8695,37.651],[-75.862,37.656],[-75.8676,37.6564],[-75.8666,37.6589],[-75.8698,37.6553],[-75.8779,37.6596],[-75.8802,37.6587],[-75.8656,37.668],[-75.8511,37.6653],[-75.8415,37.6709],[-75.8402,37.6728],[-75.8417,37.6775],[-75.8517,37.6786],[-75.8496,37.6875],[-75.8428,37.683],[-75.8425,37.689],[-75.8379,37.6908],[-75.8425,37.6909],[-75.8396,37.6966],[-75.8473,37.6908],[-75.8494,37.6935],[-75.8426,37.6966],[-75.8445,37.699],[-75.8356,37.7104],[-75.8356,37.7131],[-75.8256,37.7154],[-75.8206,37.7192],[-75.8031,37.7264],[-75.8106,37.7327],[-75.8314,37.7264],[-75.8251,37.7417],[-75.808,37.7493],[-75.8051,37.7474],[-75.7907,37.753],[-75.784,37.7572],[-75.7732,37.7556],[-75.7704,37.7699],[-75.7834,37.7768],[-75.7834,37.7805],[-75.7912,37.7835],[-75.7952,37.7856],[-75.7935,37.7833],[-75.7941,37.783],[-75.7959,37.7841],[-75.8085,37.7831],[-75.8196,37.7907],[-75.8078,37.7871],[-75.8065,37.7914],[-75.8138,37.7955],[-75.8064,37.7947],[-75.7882,37.8075],[-75.7638,37.801],[-75.7505,37.7845],[-75.7359,37.7868],[-75.7326,37.7851],[-75.7277,37.787],[-75.7271,37.7957],[-75.7232,37.7936],[-75.7175,37.794],[-75.7127,37.7951],[-75.7219,37.8065],[-75.7196,37.813],[-75.7218,37.8187],[-75.71,37.8353],[-75.7144,37.837],[-75.712,37.8373],[-75.7056,37.8409],[-75.7112,37.8418],[-75.7083,37.8473],[-75.7027,37.8425],[-75.7015,37.8487],[-75.6863,37.8455],[-75.6796,37.8534],[-75.6804,37.8556],[-75.6925,37.8637],[-75.6897,37.87],[-75.6836,37.8687],[-75.6819,37.8707],[-75.6851,37.8733],[-75.6808,37.8738],[-75.6793,37.8792],[-75.6823,37.8813],[-75.6782,37.8876],[-75.6883,37.888],[-75.6921,37.8936],[-75.6851,37.8988],[-75.6749,37.8977],[-75.6695,37.9035],[-75.656,37.9016],[-75.6485,37.8957],[-75.6466,37.8965],[-75.654,37.9013],[-75.654,37.9025],[-75.6708,37.9088],[-75.6794,37.9048],[-75.6944,37.9032],[-75.7086,37.9],[-75.7091,37.9031],[-75.7077,37.9041],[-75.7157,37.9055],[-75.7173,37.911],[-75.7299,37.9136],[-75.7252,37.9189],[-75.7308,37.9199],[-75.7125,37.9388],[-75.7089,37.9357],[-75.7113,37.9357],[-75.7005,37.9281],[-75.6842,37.9366],[-75.6769,37.9421],[-75.6496,37.9353],[-75.6481,37.9356],[-75.6428,37.9367],[-75.6347,37.9498],[-75.6436,37.9637],[-75.6378,37.9785],[-75.632,37.975],[-75.6296,37.9752],[-75.6297,37.9828],[-75.6325,37.9826],[-75.623,37.9944],[-75.4596,38.0084],[-75.449,38.0093],[-75.4383,38.0101],[-75.3777,38.0152]]],[[[-75.4054,37.898],[-75.407,37.9036],[-75.4023,37.9108],[-75.3716,37.9407],[-75.3523,37.9536],[-75.3523,37.9541],[-75.3317,37.9697],[-75.3316,37.9818],[-75.3228,37.9812],[-75.3211,37.9828],[-75.3128,37.9829],[-75.3305,37.9635],[-75.3285,37.9647],[-75.3269,37.9616],[-75.3337,37.9584],[-75.3458,37.9471],[-75.3445,37.9429],[-75.3557,37.9317],[-75.3507,37.9306],[-75.3382,37.9397],[-75.3489,37.9204],[-75.3708,37.9183],[-75.367,37.9198],[-75.3811,37.9168],[-75.3824,37.909],[-75.3933,37.9037],[-75.3849,37.9043],[-75.3833,37.9015],[-75.4054,37.898]]],[[[-75.4328,37.9349],[-75.4392,37.9398],[-75.4463,37.9405],[-75.4464,37.9419],[-75.4384,37.9471],[-75.4345,37.9454],[-75.4285,37.9491],[-75.4219,37.9473],[-75.4328,37.9349]]],[[[-75.498,37.8204],[-75.5074,37.8233],[-75.5002,37.8295],[-75.5048,37.8303],[-75.5094,37.8349],[-75.497,37.8368],[-75.4944,37.834],[-75.4982,37.8236],[-75.4893,37.8362],[-75.4958,37.8418],[-75.4916,37.8452],[-75.4922,37.8487],[-75.4885,37.853],[-75.4766,37.8537],[-75.4743,37.8639],[-75.4704,37.8601],[-75.4644,37.871],[-75.4622,37.8851],[-75.4444,37.8894],[-75.4304,37.8844],[-75.4251,37.8867],[-75.4224,37.8849],[-75.4228,37.8911],[-75.4199,37.8851],[-75.4184,37.8886],[-75.4177,37.8892],[-75.42,37.891],[-75.419,37.8914],[-75.4169,37.8891],[-75.4158,37.8851],[-75.4527,37.8635],[-75.498,37.8204]]],[[[-75.9788,37.803],[-75.9964,37.8114],[-76.0,37.8314],[-75.9913,37.8299],[-75.9841,37.8219],[-75.9907,37.817],[-75.993,37.8177],[-75.9951,37.8132],[-75.9833,37.8053],[-75.9861,37.8083],[-75.9788,37.803]]],[[[-75.5198,37.7958],[-75.5191,37.7987],[-75.5315,37.8056],[-75.5203,37.8239],[-75.5075,37.8219],[-75.5128,37.8131],[-75.5147,37.8109],[-75.5143,37.8102],[-75.5122,37.8128],[-75.506,37.8195],[-75.5007,37.8185],[-75.5198,37.7958]]],[[[-76.5428,37.5602],[-76.5446,37.5571],[-76.532,37.5564],[-76.5252,37.5457],[-76.5094,37.5444],[-76.5042,37.5373],[-76.5055,37.5313],[-76.4964,37.5371],[-76.4812,37.5321],[-76.4809,37.5296],[-76.4832,37.5292],[-76.4814,37.5271],[-76.4628,37.5248],[-76.4624,37.5197],[-76.4659,37.519],[-76.4607,37.518],[-76.4726,37.5123],[-76.4714,37.5118],[-76.4529,37.5187],[-76.4518,37.5157],[-76.4538,37.5145],[-76.4579,37.5139],[-76.4556,37.5112],[-76.4508,37.5146],[-76.4398,37.51],[-76.4382,37.5115],[-76.432,37.5109],[-76.4233,37.5065],[-76.4199,37.5075],[-76.4103,37.5107],[-76.4044,37.5292],[-76.4002,37.522],[-76.4029,37.5217],[-76.4027,37.5209],[-76.3995,37.521],[-76.3992,37.5185],[-76.3953,37.5176],[-76.4004,37.5273],[-76.3764,37.5243],[-76.3778,37.5218],[-76.3698,37.5203],[-76.3691,37.5176],[-76.3625,37.5229],[-76.3522,37.5046],[-76.3327,37.5024],[-76.3274,37.4857],[-76.2996,37.4873],[-76.311,37.4768],[-76.2948,37.4835],[-76.2794,37.4724],[-76.2967,37.4747],[-76.2901,37.4727],[-76.2901,37.4676],[-76.2925,37.467],[-76.2954,37.463],[-76.3006,37.4679],[-76.302,37.4626],[-76.3044,37.4642],[-76.3158,37.4655],[-76.3141,37.4682],[-76.3222,37.4681],[-76.3145,37.4618],[-76.3183,37.4586],[-76.3175,37.459],[-76.316,37.457],[-76.3107,37.462],[-76.3054,37.4589],[-76.3108,37.4536],[-76.3107,37.449],[-76.3056,37.4531],[-76.3056,37.4557],[-76.3021,37.4545],[-76.3051,37.4597],[-76.2958,37.4579],[-76.2948,37.456],[-76.2927,37.4603],[-76.2866,37.458],[-76.2887,37.4534],[-76.2822,37.451],[-76.2882,37.4445],[-76.2866,37.4436],[-76.2866,37.4424],[-76.2797,37.4502],[-76.2807,37.4659],[-76.2663,37.4569],[-76.2734,37.4565],[-76.2732,37.441],[-76.2676,37.445],[-76.267,37.4502],[-76.2652,37.4472],[-76.2639,37.4451],[-76.2634,37.4451],[-76.264,37.4469],[-76.263,37.4515],[-76.2517,37.434],[-76.2506,37.4251],[-76.2458,37.4041],[-76.2485,37.3751],[-76.2559,37.3703],[-76.2559,37.368],[-76.2648,37.3574],[-76.2651,37.3639],[-76.2707,37.3618],[-76.2699,37.3661],[-76.274,37.3687],[-76.2784,37.363],[-76.2831,37.3674],[-76.2822,37.3638],[-76.292,37.3649],[-76.2973,37.3642],[-76.2994,37.373],[-76.3008,37.3703],[-76.3055,37.3713],[-76.3055,37.3689],[-76.3146,37.3732],[-76.3169,37.3747],[-76.3174,37.3741],[-76.3146,37.3723],[-76.3088,37.367],[-76.3024,37.3678],[-76.3036,37.3654],[-76.301,37.3656],[-76.3001,37.3609],[-76.2913,37.3595],[-76.292,37.3554],[-76.2895,37.3575],[-76.2901,37.3586],[-76.2812,37.3591],[-76.2797,37.3544],[-76.2743,37.3556],[-76.2727,37.3403],[-76.2753,37.3396],[-76.2734,37.3371],[-76.277,37.3345],[-76.2813,37.3428],[-76.2821,37.3387],[-76.2848,37.3336],[-76.2814,37.333],[-76.2793,37.3297],[-76.2764,37.3297],[-76.2779,37.3261],[-76.277,37.326],[-76.2759,37.3287],[-76.2716,37.3307],[-76.2756,37.31],[-76.2757,37.3123],[-76.2775,37.3113],[-76.2836,37.3259],[-76.2873,37.3235],[-76.2952,37.3232],[-76.2961,37.3261],[-76.3067,37.3282],[-76.3141,37.3399],[-76.3056,37.3401],[-76.3084,37.3462],[-76.3058,37.345],[-76.3057,37.3455],[-76.3073,37.3466],[-76.306,37.3475],[-76.3032,37.3477],[-76.301,37.3503],[-76.3026,37.3541],[-76.3047,37.3509],[-76.3054,37.353],[-76.307,37.3495],[-76.3123,37.3499],[-76.3143,37.3451],[-76.3169,37.347],[-76.3186,37.3445],[-76.3199,37.3463],[-76.3385,37.3645],[-76.3316,37.3728],[-76.3361,37.3742],[-76.3332,37.3751],[-76.3335,37.3934],[-76.3303,37.3995],[-76.3356,37.3966],[-76.3391,37.3978],[-76.3367,37.3988],[-76.3392,37.3993],[-76.3363,37.4031],[-76.3469,37.403],[-76.3414,37.4105],[-76.3445,37.4172],[-76.353,37.4205],[-76.3631,37.4257],[-76.3611,37.4339],[-76.3528,37.4422],[-76.3557,37.4414],[-76.3588,37.4471],[-76.3614,37.4465],[-76.3662,37.4475],[-76.3651,37.4454],[-76.3594,37.4454],[-76.3588,37.4417],[-76.3655,37.4347],[-76.366,37.4362],[-76.3679,37.4371],[-76.3666,37.4305],[-76.3698,37.4314],[-76.3685,37.4293],[-76.3653,37.4247],[-76.3699,37.425],[-76.3641,37.4208],[-76.3603,37.4188],[-76.3613,37.4163],[-76.3517,37.4164],[-76.3526,37.4134],[-76.3467,37.4125],[-76.3514,37.4067],[-76.3535,37.4073],[-76.3535,37.4071],[-76.3505,37.4056],[-76.3525,37.4029],[-76.3514,37.401],[-76.3573,37.3986],[-76.3513,37.3999],[-76.3414,37.3868],[-76.3493,37.385],[-76.3431,37.3814],[-76.3467,37.3809],[-76.3487,37.3703],[-76.358,37.3704],[-76.3588,37.3706],[-76.3608,37.3772],[-76.3666,37.3752],[-76.3671,37.3858],[-76.3728,37.3833],[-76.3732,37.3812],[-76.3919,37.3884],[-76.3936,37.3965],[-76.3938,37.3969],[-76.394,37.3974],[-76.3947,37.3978],[-76.3957,37.4087],[-76.3935,37.4091],[-76.3927,37.4117],[-76.398,37.4111],[-76.4008,37.425],[-76.4044,37.425],[-76.4076,37.4263],[-76.4065,37.4358],[-76.409,37.4336],[-76.412,37.4432],[-76.4143,37.4364],[-76.4071,37.4207],[-76.4036,37.4183],[-76.4215,37.4199],[-76.4209,37.4229],[-76.4234,37.4231],[-76.4281,37.421],[-76.4284,37.4235],[-76.4351,37.4205],[-76.443,37.4239],[-76.4459,37.4299],[-76.4425,37.4337],[-76.4457,37.4363],[-76.4418,37.4395],[-76.4463,37.4494],[-76.4387,37.4539],[-76.4428,37.4543],[-76.4494,37.4512],[-76.4485,37.4456],[-76.448,37.4405],[-76.4514,37.4374],[-76.4524,37.4177],[-76.421,37.4096],[-76.4215,37.4072],[-76.4162,37.4091],[-76.4172,37.3992],[-76.4144,37.3803],[-76.4172,37.3816],[-76.4061,37.3681],[-76.4164,37.3708],[-76.4295,37.3815],[-76.4505,37.3805],[-76.45,37.3879],[-76.4561,37.3894],[-76.4616,37.3967],[-76.4709,37.396],[-76.4756,37.402],[-76.4779,37.4002],[-76.4867,37.4021],[-76.4886,37.4126],[-76.4927,37.4172],[-76.4979,37.4166],[-76.5007,37.4181],[-76.5029,37.4147],[-76.5009,37.4165],[-76.4954,37.4154],[-76.4928,37.4164],[-76.4918,37.4153],[-76.4941,37.4145],[-76.4911,37.4022],[-76.5016,37.4017],[-76.4835,37.3984],[-76.4825,37.3945],[-76.4727,37.3924],[-76.4736,37.3906],[-76.4656,37.3916],[-76.4668,37.3886],[-76.4692,37.3886],[-76.4691,37.388],[-76.4661,37.3878],[-76.4629,37.3874],[-76.4683,37.3722],[-76.4693,37.3742],[-76.468,37.3697],[-76.4776,37.3637],[-76.4855,37.3736],[-76.4849,37.3755],[-76.4866,37.3755],[-76.4865,37.3742],[-76.4854,37.3689],[-76.4878,37.3678],[-76.4835,37.3653],[-76.4844,37.3649],[-76.4837,37.3618],[-76.4884,37.3597],[-76.4796,37.3624],[-76.479,37.3603],[-76.4776,37.363],[-76.4728,37.3602],[-76.466,37.3662],[-76.458,37.3574],[-76.455,37.3591],[-76.4449,37.3645],[-76.4453,37.3665],[-76.4132,37.3376],[-76.4108,37.3442],[-76.408,37.3443],[-76.4116,37.3409],[-76.4027,37.3363],[-76.4076,37.3303],[-76.4104,37.3323],[-76.4115,37.3352],[-76.4162,37.3335],[-76.4177,37.3278],[-76.412,37.324],[-76.4224,37.3205],[-76.4237,37.3245],[-76.4269,37.3246],[-76.429,37.3234],[-76.4358,37.3329],[-76.4323,37.3227],[-76.4369,37.3244],[-76.4377,37.3223],[-76.4399,37.3267],[-76.4461,37.3374],[-76.4467,37.3322],[-76.4467,37.3302],[-76.4518,37.3332],[-76.4525,37.3349],[-76.4527,37.3342],[-76.4512,37.3313],[-76.4535,37.3283],[-76.4548,37.3315],[-76.4595,37.3233],[-76.4511,37.322],[-76.4687,37.318],[-76.4711,37.3202],[-76.4786,37.3179],[-76.4781,37.3162],[-76.4816,37.3182],[-76.481,37.3161],[-76.4866,37.3156],[-76.4885,37.3167],[-76.4855,37.3145],[-76.4886,37.3096],[-76.4723,37.3175],[-76.4665,37.3117],[-76.4637,37.3157],[-76.4648,37.3127],[-76.4505,37.3195],[-76.4386,37.3148],[-76.4408,37.3119],[-76.4467,37.3144],[-76.4529,37.3129],[-76.4487,37.3122],[-76.451,37.3101],[-76.4543,37.3086],[-76.4455,37.3094],[-76.4454,37.3065],[-76.4537,37.3045],[-76.4597,37.304],[-76.462,37.3047],[-76.4716,37.3031],[-76.4748,37.3032],[-76.4718,37.301],[-76.4691,37.3011],[-76.4678,37.2994],[-76.4641,37.301],[-76.4635,37.2989],[-76.4583,37.3011],[-76.4547,37.291],[-76.4516,37.2972],[-76.4438,37.2994],[-76.4419,37.293],[-76.4408,37.2952],[-76.437,37.2944],[-76.4398,37.2962],[-76.4361,37.2969],[-76.4416,37.2996],[-76.4355,37.3011],[-76.4402,37.3044],[-76.4315,37.3031],[-76.4357,37.3076],[-76.4294,37.3053],[-76.4307,37.3114],[-76.4242,37.3078],[-76.4213,37.3075],[-76.4149,37.3054],[-76.3989,37.3139],[-76.3892,37.3083],[-76.3982,37.3019],[-76.3928,37.2983],[-76.3974,37.2958],[-76.3867,37.2978],[-76.3832,37.293],[-76.3834,37.2909],[-76.3811,37.2896],[-76.3882,37.2763],[-76.3843,37.278],[-76.3882,37.2674],[-76.3882,37.2635],[-76.4174,37.2646],[-76.4273,37.2621],[-76.4234,37.2623],[-76.4512,37.2522],[-76.4746,37.2508],[-76.4805,37.254],[-76.4815,37.2548],[-76.5044,37.2452],[-76.5087,37.2695],[-76.5109,37.2749],[-76.5303,37.2842],[-76.5331,37.2822],[-76.5321,37.2801],[-76.5344,37.284],[-76.5313,37.2837],[-76.5313,37.2842],[-76.536,37.2856],[-76.5363,37.286],[-76.5366,37.2881],[-76.5309,37.2869],[-76.5364,37.2918],[-76.539,37.2922],[-76.5393,37.2918],[-76.536,37.2914],[-76.5408,37.2913],[-76.544,37.2902],[-76.5452,37.2911],[-76.5429,37.2917],[-76.5558,37.2972],[-76.5558,37.3018],[-76.5563,37.2996],[-76.5564,37.3035],[-76.5568,37.3034],[-76.5572,37.3008],[-76.5586,37.3043],[-76.5588,37.3016],[-76.5597,37.3041],[-76.5574,37.297],[-76.5623,37.3046],[-76.5595,37.312],[-76.561,37.3194],[-76.5627,37.3138],[-76.5718,37.3145],[-76.5741,37.3147],[-76.5934,37.3334],[-76.5958,37.341],[-76.6176,37.3583],[-76.6578,37.4023],[-76.6581,37.414],[-76.6762,37.4126],[-76.6901,37.4228],[-76.7013,37.4406],[-76.7013,37.4478],[-76.702,37.4499],[-76.7009,37.4509],[-76.6907,37.4472],[-76.674,37.4613],[-76.6667,37.4548],[-76.6543,37.4718],[-76.6555,37.4738],[-76.6546,37.474],[-76.6528,37.4724],[-76.6496,37.4817],[-76.6472,37.4806],[-76.6476,37.4916],[-76.6474,37.4918],[-76.6694,37.5231],[-76.6541,37.6032],[-76.6313,37.5895],[-76.6246,37.5909],[-76.6211,37.5866],[-76.6198,37.5886],[-76.6117,37.5897],[-76.6135,37.582],[-76.5959,37.5884],[-76.5875,37.579],[-76.5736,37.5719],[-76.5747,37.563],[-76.5567,37.5594],[-76.5546,37.555],[-76.5491,37.5682],[-76.543,37.5625],[-76.5428,37.5602]]],[[[-76.2646,37.4724],[-76.2717,37.4905],[-76.2737,37.4848],[-76.2774,37.4871],[-76.2809,37.4855],[-76.2808,37.4933],[-76.2828,37.4941],[-76.2818,37.4914],[-76.2863,37.4899],[-76.2854,37.488],[-76.2922,37.4905],[-76.2901,37.4972],[-76.2935,37.4983],[-76.296,37.4938],[-76.306,37.4953],[-76.3037,37.4958],[-76.3043,37.4962],[-76.3068,37.4955],[-76.3133,37.4884],[-76.3153,37.4894],[-76.2951,37.5115],[-76.2979,37.5153],[-76.2882,37.5142],[-76.2761,37.4998],[-76.261,37.4731],[-76.2646,37.4724]]],[[[-76.7574,37.4588],[-76.7526,37.4572],[-76.7436,37.4394],[-76.7045,37.4113],[-76.6719,37.3695],[-76.6631,37.3683],[-76.6608,37.3572],[-76.6166,37.3041],[-76.6078,37.2947],[-76.5913,37.2866],[-76.5857,37.2926],[-76.5882,37.2952],[-76.5871,37.2952],[-76.5849,37.2925],[-76.591,37.2863],[-76.5875,37.2844],[-76.5809,37.2898],[-76.5859,37.2839],[-76.5835,37.2822],[-76.5829,37.2757],[-76.5505,37.2656],[-76.526,37.2433],[-76.5044,37.236],[-76.4874,37.2225],[-76.482,37.2215],[-76.4779,37.2261],[-76.4817,37.2214],[-76.4693,37.2159],[-76.4217,37.2216],[-76.422,37.2194],[-76.4168,37.208],[-76.4324,37.2064],[-76.4303,37.2089],[-76.4418,37.2042],[-76.4504,37.2076],[-76.4513,37.2061],[-76.4299,37.2014],[-76.4309,37.1979],[-76.4273,37.2004],[-76.4203,37.2064],[-76.4104,37.2056],[-76.4127,37.2032],[-76.4091,37.2026],[-76.4126,37.2017],[-76.4102,37.201],[-76.4122,37.1994],[-76.4095,37.1986],[-76.4103,37.1968],[-76.4081,37.1972],[-76.4067,37.1949],[-76.4064,37.1982],[-76.4074,37.2015],[-76.407,37.2015],[-76.4061,37.1995],[-76.4051,37.2002],[-76.4068,37.2078],[-76.3926,37.1993],[-76.3914,37.1885],[-76.3974,37.1952],[-76.4005,37.1942],[-76.3977,37.1928],[-76.4014,37.1938],[-76.3955,37.19],[-76.3952,37.1854],[-76.3918,37.1854],[-76.3954,37.1739],[-76.4008,37.1875],[-76.4011,37.1852],[-76.4025,37.1868],[-76.403,37.1867],[-76.4013,37.1845],[-76.4003,37.1802],[-76.4035,37.1821],[-76.4032,37.177],[-76.4126,37.1879],[-76.4133,37.1851],[-76.415,37.1871],[-76.4155,37.1854],[-76.4171,37.1869],[-76.4258,37.1877],[-76.4225,37.1908],[-76.4229,37.1933],[-76.4263,37.1902],[-76.4257,37.1922],[-76.4305,37.1952],[-76.4285,37.1922],[-76.4328,37.19],[-76.4297,37.1901],[-76.4264,37.1855],[-76.429,37.1845],[-76.43,37.1829],[-76.4377,37.186],[-76.4359,37.1832],[-76.4382,37.1838],[-76.4363,37.1827],[-76.439,37.1793],[-76.4438,37.1827],[-76.445,37.1782],[-76.4534,37.1809],[-76.4457,37.1744],[-76.4451,37.1764],[-76.4417,37.1766],[-76.4293,37.1816],[-76.4278,37.1797],[-76.4207,37.1831],[-76.4222,37.1794],[-76.4198,37.1807],[-76.4144,37.1797],[-76.4204,37.1763],[-76.4167,37.1757],[-76.4204,37.1727],[-76.4174,37.1732],[-76.4152,37.1749],[-76.4136,37.1738],[-76.4149,37.1758],[-76.4125,37.1751],[-76.4116,37.1768],[-76.4097,37.1747],[-76.4086,37.1673],[-76.4113,37.1703],[-76.418,37.1686],[-76.4106,37.1664],[-76.4155,37.1601],[-76.418,37.1618],[-76.4175,37.1558],[-76.4251,37.1564],[-76.4239,37.1585],[-76.4278,37.1553],[-76.4323,37.1617],[-76.4359,37.1621],[-76.4311,37.1531],[-76.4289,37.153],[-76.4254,37.1494],[-76.4292,37.1493],[-76.4307,37.1397],[-76.4306,37.1384],[-76.4416,37.1367],[-76.4422,37.1377],[-76.4458,37.1386],[-76.4469,37.1362],[-76.4458,37.1351],[-76.4488,37.1364],[-76.4495,37.1343],[-76.4486,37.1362],[-76.4468,37.1347],[-76.4458,37.135],[-76.4449,37.1373],[-76.4404,37.1359],[-76.4342,37.132],[-76.4344,37.134],[-76.4307,37.134],[-76.4229,37.1463],[-76.4181,37.1497],[-76.412,37.1464],[-76.4151,37.1369],[-76.4134,37.1376],[-76.4089,37.1456],[-76.4107,37.147],[-76.4093,37.1499],[-76.3997,37.1603],[-76.3954,37.1569],[-76.3993,37.1543],[-76.399,37.1524],[-76.3958,37.1545],[-76.3954,37.1491],[-76.392,37.1495],[-76.3915,37.153],[-76.3897,37.1544],[-76.3943,37.1544],[-76.39,37.1553],[-76.3912,37.1574],[-76.3802,37.1531],[-76.3903,37.1434],[-76.3753,37.1507],[-76.3776,37.1417],[-76.3864,37.1408],[-76.3828,37.1397],[-76.3862,37.1375],[-76.3828,37.137],[-76.3845,37.1348],[-76.376,37.1416],[-76.3729,37.1416],[-76.3758,37.1426],[-76.3731,37.1435],[-76.3716,37.1453],[-76.3699,37.1412],[-76.3755,37.1396],[-76.3726,37.1394],[-76.374,37.1355],[-76.3672,37.1399],[-76.3594,37.1327],[-76.3647,37.141],[-76.3564,37.139],[-76.3636,37.1426],[-76.3663,37.1417],[-76.3636,37.1447],[-76.3657,37.1436],[-76.3659,37.1472],[-76.3692,37.1447],[-76.3703,37.1473],[-76.3689,37.146],[-76.368,37.1498],[-76.3705,37.1502],[-76.3678,37.1514],[-76.369,37.1514],[-76.3694,37.1528],[-76.3548,37.15],[-76.3504,37.1444],[-76.3519,37.1476],[-76.3492,37.1453],[-76.3499,37.1531],[-76.3584,37.1628],[-76.3606,37.167],[-76.3553,37.1695],[-76.3567,37.1664],[-76.3521,37.1699],[-76.344,37.1667],[-76.3482,37.1633],[-76.3488,37.1653],[-76.35,37.165],[-76.3501,37.1636],[-76.3473,37.1628],[-76.3455,37.1617],[-76.3458,37.1636],[-76.3408,37.1579],[-76.3436,37.1566],[-76.3271,37.1407],[-76.3253,37.1422],[-76.3245,37.1353],[-76.3212,37.1377],[-76.3216,37.1347],[-76.3177,37.1349],[-76.3191,37.1401],[-76.2935,37.1275],[-76.3062,37.1108],[-76.3105,37.1154],[-76.3159,37.1109],[-76.3161,37.1168],[-76.3212,37.1116],[-76.3194,37.1085],[-76.3326,37.1085],[-76.3444,37.1018],[-76.3513,37.1153],[-76.3554,37.1115],[-76.3639,37.119],[-76.3674,37.1204],[-76.3673,37.1185],[-76.3643,37.1182],[-76.367,37.1176],[-76.3628,37.1165],[-76.3719,37.1161],[-76.3776,37.1207],[-76.378,37.1199],[-76.3718,37.1132],[-76.3797,37.111],[-76.3836,37.1124],[-76.3847,37.1105],[-76.3869,37.1103],[-76.3883,37.1087],[-76.3846,37.1077],[-76.3844,37.106],[-76.3843,37.1078],[-76.3873,37.1094],[-76.3843,37.1102],[-76.3834,37.112],[-76.3767,37.1064],[-76.3741,37.1066],[-76.3669,37.1109],[-76.3649,37.1021],[-76.3556,37.105],[-76.3542,37.0988],[-76.3453,37.0918],[-76.3399,37.0926],[-76.3373,37.0867],[-76.3497,37.0709],[-76.3528,37.0736],[-76.3623,37.0633],[-76.3608,37.0614],[-76.3644,37.0535],[-76.3618,37.0467],[-76.36,37.0512],[-76.3575,37.0515],[-76.3581,37.0518],[-76.3608,37.051],[-76.3618,37.0516],[-76.3539,37.054],[-76.3502,37.0673],[-76.3485,37.0661],[-76.3383,37.0699],[-76.3349,37.0779],[-76.3291,37.0791],[-76.3266,37.0903],[-76.3198,37.0883],[-76.3231,37.091],[-76.3185,37.0975],[-76.3083,37.0884],[-76.3117,37.087],[-76.3046,37.0829],[-76.3061,37.0696],[-76.3022,37.0667],[-76.3027,37.0861],[-76.3049,37.0862],[-76.3021,37.0894],[-76.304,37.0905],[-76.3067,37.0936],[-76.2982,37.0943],[-76.2864,37.1032],[-76.2934,37.1092],[-76.2851,37.1074],[-76.2701,37.087],[-76.2926,37.0348],[-76.3035,37.0013],[-76.3138,37.002],[-76.3153,37.0145],[-76.3055,37.0091],[-76.2992,37.0259],[-76.3003,37.0306],[-76.297,37.0273],[-76.2947,37.035],[-76.3017,37.0333],[-76.3057,37.0274],[-76.3101,37.0248],[-76.3133,37.0164],[-76.3266,37.0119],[-76.3288,37.0152],[-76.3311,37.013],[-76.3368,37.0156],[-76.3567,37.003],[-76.3834,36.9948],[-76.3876,36.9896],[-76.4091,36.9684],[-76.4084,36.9611],[-76.4104,36.9648],[-76.4097,36.9616],[-76.4106,36.9634],[-76.4156,36.9716],[-76.413,36.964],[-76.4166,36.9602],[-76.4159,36.9634],[-76.4174,36.9635],[-76.4179,36.9609],[-76.4177,36.9636],[-76.4192,36.9638],[-76.4198,36.9608],[-76.4202,36.9626],[-76.4252,36.9645],[-76.4313,36.9695],[-76.4388,36.9811],[-76.4388,36.9839],[-76.4423,36.9825],[-76.4424,36.9827],[-76.4389,36.9841],[-76.4397,36.9853],[-76.4435,36.9838],[-76.4436,36.984],[-76.441,36.9851],[-76.4518,36.9984],[-76.4468,37.0025],[-76.4531,37.0105],[-76.4562,37.0169],[-76.4673,37.0297],[-76.4889,37.0417],[-76.5275,37.063],[-76.5258,37.0778],[-76.5288,37.0803],[-76.5433,37.0914],[-76.5623,37.1115],[-76.5641,37.11],[-76.5618,37.1143],[-76.5647,37.1126],[-76.5698,37.1105],[-76.5669,37.1075],[-76.551,37.0819],[-76.555,37.0816],[-76.5566,37.0776],[-76.5599,37.077],[-76.6004,37.1124],[-76.5999,37.115],[-76.6047,37.1132],[-76.6185,37.1212],[-76.6161,37.1204],[-76.617,37.1229],[-76.6262,37.1269],[-76.6226,37.1376],[-76.6063,37.1576],[-76.614,37.1614],[-76.608,37.1654],[-76.6105,37.1661],[-76.6256,37.2018],[-76.6525,37.2226],[-76.6934,37.2236],[-76.7033,37.217],[-76.7434,37.2125],[-76.7486,37.2151],[-76.7581,37.2152],[-76.7678,37.2195],[-76.7702,37.2146],[-76.7739,37.2123],[-76.7799,37.2159],[-76.7813,37.2192],[-76.7836,37.2146],[-76.7933,37.2318],[-76.8183,37.2425],[-76.87,37.2424],[-76.8733,37.2513],[-76.8658,37.2536],[-76.8706,37.2627],[-76.8734,37.2643],[-76.8771,37.2635],[-76.882,37.2715],[-76.8829,37.2822],[-76.8717,37.2942],[-76.8785,37.3049],[-76.8742,37.3402],[-76.8747,37.346],[-76.8807,37.3502],[-76.8735,37.3634],[-76.8784,37.3694],[-76.8848,37.3686],[-76.902,37.3562],[-76.9054,37.3506],[-76.914,37.35],[-76.913,37.3603],[-76.8979,37.3727],[-76.9045,37.3777],[-76.9034,37.3802],[-76.8987,37.3854],[-76.8945,37.3816],[-76.8929,37.3887],[-76.9016,37.395],[-76.8925,37.4044],[-76.8946,37.4142],[-76.8921,37.4228],[-76.8947,37.4308],[-76.8928,37.4329],[-76.8857,37.4334],[-76.8773,37.4401],[-76.8641,37.4435],[-76.8612,37.4456],[-76.8603,37.4463],[-76.8169,37.4495],[-76.7906,37.4362],[-76.7868,37.4382],[-76.7782,37.4351],[-76.7721,37.4383],[-76.7718,37.4353],[-76.7689,37.4386],[-76.7664,37.4373],[-76.7652,37.4402],[-76.7605,37.4431],[-76.7624,37.4447],[-76.76,37.4452],[-76.7659,37.4523],[-76.7612,37.4523],[-76.7615,37.4562],[-76.7583,37.4573],[-76.7574,37.4588]]],[[[-76.7295,36.2438],[-76.7313,36.2438],[-76.8377,36.2433],[-76.8999,36.2431],[-76.9281,36.24],[-76.944,36.2414],[-76.9713,36.2382],[-76.9858,36.2421],[-77.0088,36.2394],[-77.0422,36.2399],[-77.1077,36.2414],[-77.1177,36.2416],[-77.1768,36.2427],[-77.1832,36.2427],[-77.2088,36.2469],[-77.1913,36.2849],[-77.1649,36.3552],[-77.1606,36.3658],[-77.1543,36.3813],[-77.1314,36.4378],[-77.1374,36.4523],[-77.1197,36.4746],[-77.1006,36.4781],[-77.0934,36.4726],[-77.081,36.4745],[-77.0808,36.4789],[-77.0701,36.4804],[-77.067,36.4868],[-77.0687,36.499],[-77.081,36.4967],[-77.0866,36.5048],[-77.0833,36.5055],[-77.081,36.5071],[-77.0814,36.5082],[-77.0832,36.5073],[-77.0856,36.5141],[-77.1037,36.5208],[-77.1026,36.5172],[-77.1176,36.521],[-77.1214,36.5223],[-77.1217,36.5193],[-77.1281,36.5191],[-77.1442,36.5258],[-77.1526,36.5278],[-77.1497,36.5368],[-77.1532,36.5387],[-77.151,36.5406],[-77.1642,36.5429],[-77.1645,36.5463],[-77.1986,36.5453],[-77.2262,36.5447],[-77.2969,36.5448],[-77.2988,36.5455],[-77.2991,36.5474],[-77.3109,36.5467],[-77.3119,36.5508],[-77.3226,36.5504],[-77.321,36.5521],[-77.329,36.5579],[-77.3364,36.5523],[-77.3468,36.5518],[-77.354,36.5546],[-77.3627,36.5738],[-77.3577,36.5763],[-77.3579,36.5831],[-77.3556,36.5908],[-77.3578,36.591],[-77.3572,36.6002],[-77.3607,36.6],[-77.3646,36.6057],[-77.3707,36.6068],[-77.3701,36.6134],[-77.3682,36.6134],[-77.374,36.6195],[-77.3732,36.6227],[-77.3746,36.6247],[-77.3733,36.6305],[-77.3838,36.6324],[-77.3868,36.6303],[-77.3883,36.6414],[-77.3908,36.6395],[-77.3974,36.6466],[-77.3979,36.6446],[-77.3993,36.6449],[-77.3993,36.6471],[-77.4119,36.6507],[-77.417,36.6538],[-77.4272,36.6521],[-77.43,36.654],[-77.4312,36.6516],[-77.4323,36.6538],[-77.4397,36.6531],[-77.4388,36.6502],[-77.4579,36.6526],[-77.4568,36.6555],[-77.4634,36.6534],[-77.4769,36.6631],[-77.4787,36.6694],[-77.4851,36.6674],[-77.4935,36.6719],[-77.4947,36.6677],[-77.5019,36.6705],[-77.4301,36.7077],[-77.4119,36.7174],[-77.3877,36.7302],[-77.3632,36.743],[-77.226,36.807],[-77.2073,36.8161],[-77.1799,36.8295],[-77.1218,36.8577],[-77.0979,36.8699],[-77.0698,36.8846],[-76.9535,36.9445],[-76.9661,37.0002],[-76.9676,37.0209],[-76.9685,37.0372],[-76.9689,37.0388],[-76.9638,37.0427],[-76.9651,37.0543],[-76.9767,37.0508],[-76.9806,37.0539],[-76.9832,37.0508],[-76.9925,37.0499],[-77.0067,37.0543],[-77.0067,37.0583],[-77.0165,37.0599],[-77.0436,37.0716],[-77.0493,37.0626],[-77.0781,37.0688],[-77.0769,37.0736],[-77.0796,37.0836],[-77.0852,37.0819],[-77.0926,37.0861],[-77.1023,37.0843],[-77.1114,37.1006],[-77.1279,37.0971],[-77.1346,37.1029],[-77.1492,37.1015],[-77.1554,37.112],[-77.1396,37.1263],[-77.1239,37.1379],[-77.0878,37.1691],[-77.0793,37.1712],[-77.0732,37.1857],[-77.0441,37.1925],[-77.0468,37.1996],[-77.0363,37.2024],[-77.0333,37.1998],[-77.0265,37.201],[-77.0233,37.2056],[-77.0118,37.213],[-77.0111,37.2127],[-77.0184,37.2191],[-77.0122,37.2251],[-77.0117,37.2327],[-77.0075,37.2308],[-76.9984,37.2345],[-76.9918,37.2327],[-76.9854,37.2378],[-76.971,37.2389],[-76.9463,37.2275],[-76.9004,37.1985],[-76.8657,37.2086],[-76.8376,37.2052],[-76.8039,37.2073],[-76.799,37.1924],[-76.7972,37.1896],[-76.7928,37.19],[-76.7841,37.1794],[-76.7727,37.1751],[-76.7431,37.1477],[-76.7179,37.1468],[-76.7035,37.1687],[-76.7063,37.1713],[-76.6994,37.1677],[-76.7056,37.1724],[-76.7008,37.1705],[-76.6922,37.1904],[-76.6866,37.1975],[-76.6644,37.1747],[-76.6687,37.1693],[-76.6719,37.1419],[-76.6625,37.1327],[-76.6636,37.12],[-76.6569,37.1096],[-76.6633,37.0826],[-76.6699,37.0633],[-76.6625,37.0457],[-76.6421,37.0354],[-76.594,37.0329],[-76.5767,37.0193],[-76.5801,37.0089],[-76.5829,37.0048],[-76.5808,36.9975],[-76.5972,37.0015],[-76.6093,37.0087],[-76.618,37.001],[-76.6248,36.99],[-76.621,36.9835],[-76.6217,36.983],[-76.6183,36.9829],[-76.6232,36.9926],[-76.6173,36.9912],[-76.6119,36.9948],[-76.6087,36.9948],[-76.6017,36.9965],[-76.5969,36.9938],[-76.5695,36.9994],[-76.5653,37.0042],[-76.5454,36.9938],[-76.5333,36.9853],[-76.5229,36.9808],[-76.5239,36.979],[-76.5263,36.9773],[-76.507,36.9661],[-76.4913,36.9619],[-76.4899,36.9568],[-76.4998,36.959],[-76.4858,36.9557],[-76.4871,36.94],[-76.4956,36.9438],[-76.4971,36.9498],[-76.5103,36.9507],[-76.5096,36.9481],[-76.5033,36.9471],[-76.498,36.9221],[-76.5059,36.9187],[-76.5036,36.9155],[-76.5165,36.9155],[-76.5232,36.9069],[-76.5321,36.8947],[-76.5351,36.8903],[-76.5389,36.8916],[-76.5427,36.8883],[-76.5349,36.8901],[-76.5333,36.8884],[-76.5175,36.9061],[-76.5078,36.9091],[-76.5067,36.911],[-76.5027,36.9075],[-76.4964,36.9151],[-76.4935,36.9147],[-76.4938,36.921],[-76.4806,36.9171],[-76.4854,36.8941],[-76.4932,36.8915],[-76.5086,36.8909],[-76.5108,36.8783],[-76.5133,36.8752],[-76.5251,36.8717],[-76.5315,36.8515],[-76.5368,36.8507],[-76.5504,36.8384],[-76.5495,36.8326],[-76.5336,36.8349],[-76.5295,36.8423],[-76.5187,36.8429],[-76.5105,36.8516],[-76.5206,36.8527],[-76.5177,36.8572],[-76.5083,36.858],[-76.5072,36.8667],[-76.4908,36.8728],[-76.4935,36.8807],[-76.4534,36.8852],[-76.4483,36.9036],[-76.4351,36.9057],[-76.4076,36.8968],[-76.3814,36.8942],[-76.3737,36.8797],[-76.3548,36.8865],[-76.3414,36.8601],[-76.3623,36.8581],[-76.3619,36.86],[-76.3632,36.8587],[-76.3657,36.8616],[-76.3721,36.8578],[-76.3631,36.8567],[-76.3638,36.8544],[-76.3602,36.8551],[-76.3623,36.8532],[-76.3582,36.8536],[-76.3651,36.8468],[-76.3691,36.8497],[-76.3648,36.843],[-76.3737,36.8403],[-76.3848,36.8415],[-76.3895,36.8548],[-76.3902,36.8541],[-76.3863,36.8371],[-76.3971,36.8301],[-76.4085,36.8349],[-76.3977,36.8266],[-76.4038,36.8116],[-76.4009,36.8062],[-76.3974,36.8066],[-76.4029,36.8135],[-76.3978,36.8189],[-76.3895,36.831],[-76.3873,36.8316],[-76.3771,36.836],[-76.3739,36.8316],[-76.3678,36.8347],[-76.3598,36.8204],[-76.3649,36.8187],[-76.3633,36.8175],[-76.3565,36.8213],[-76.36,36.8256],[-76.3649,36.8347],[-76.3555,36.8339],[-76.3591,36.8419],[-76.3543,36.8438],[-76.3475,36.8467],[-76.3518,36.8486],[-76.3406,36.8531],[-76.3428,36.8543],[-76.3175,36.8567],[-76.3118,36.8523],[-76.3234,36.8462],[-76.3274,36.8449],[-76.3221,36.8444],[-76.3237,36.8401],[-76.3208,36.8393],[-76.3191,36.8467],[-76.3165,36.8446],[-76.3133,36.8468],[-76.3149,36.8475],[-76.3142,36.8487],[-76.3125,36.8489],[-76.3095,36.8483],[-76.3025,36.8475],[-76.3028,36.8407],[-76.2953,36.8385],[-76.296,36.8326],[-76.2926,36.825],[-76.2951,36.824],[-76.295,36.8236],[-76.2926,36.8244],[-76.2945,36.8157],[-76.2972,36.8169],[-76.2979,36.8164],[-76.2951,36.8149],[-76.2981,36.8161],[-76.2987,36.8154],[-76.2961,36.8137],[-76.2989,36.8149],[-76.2996,36.8142],[-76.2968,36.8128],[-76.3006,36.8117],[-76.3006,36.8113],[-76.2966,36.8122],[-76.2925,36.8119],[-76.2952,36.8079],[-76.2928,36.8074],[-76.2962,36.7989],[-76.2961,36.798],[-76.2928,36.797],[-76.2857,36.8088],[-76.2896,36.819],[-76.2822,36.8207],[-76.2869,36.8219],[-76.2842,36.822],[-76.2902,36.8251],[-76.2881,36.825],[-76.2883,36.8254],[-76.2906,36.8256],[-76.2906,36.8258],[-76.2884,36.8257],[-76.2887,36.8262],[-76.291,36.8265],[-76.2888,36.8265],[-76.2934,36.8321],[-76.2893,36.8399],[-76.2779,36.8381],[-76.2767,36.8346],[-76.2704,36.8375],[-76.2688,36.8354],[-76.2661,36.8369],[-76.2641,36.8339],[-76.2634,36.8377],[-76.2449,36.8344],[-76.245,36.834],[-76.2441,36.8333],[-76.228,36.8363],[-76.2281,36.8336],[-76.2249,36.8362],[-76.2233,36.8333],[-76.2189,36.8302],[-76.2168,36.8306],[-76.2151,36.821],[-76.2149,36.8184],[-76.2146,36.8183],[-76.2142,36.8206],[-76.2104,36.8322],[-76.2005,36.8248],[-76.2018,36.8225],[-76.1956,36.8299],[-76.2002,36.8298],[-76.2012,36.8315],[-76.2184,36.8352],[-76.2158,36.8379],[-76.2244,36.8385],[-76.2218,36.8426],[-76.2191,36.8432],[-76.2291,36.8562],[-76.2286,36.8545],[-76.2269,36.8529],[-76.2278,36.8523],[-76.2297,36.8532],[-76.2273,36.8413],[-76.2386,36.8413],[-76.2402,36.8439],[-76.2395,36.8419],[-76.242,36.8379],[-76.2669,36.8426],[-76.2751,36.8402],[-76.2959,36.8463],[-76.2936,36.8486],[-76.307,36.8577],[-76.3097,36.8579],[-76.3103,36.8589],[-76.308,36.8588],[-76.3097,36.8616],[-76.3124,36.8644],[-76.3154,36.8622],[-76.3163,36.8629],[-76.3132,36.8653],[-76.3141,36.866],[-76.316,36.8646],[-76.3162,36.8648],[-76.3145,36.8662],[-76.315,36.8666],[-76.3171,36.8652],[-76.3177,36.8657],[-76.3159,36.8671],[-76.3166,36.8677],[-76.3196,36.8655],[-76.3205,36.8663],[-76.3176,36.8685],[-76.3293,36.8755],[-76.3269,36.8777],[-76.3303,36.8779],[-76.3303,36.8781],[-76.3268,36.8779],[-76.326,36.8791],[-76.3314,36.8795],[-76.3314,36.8798],[-76.3259,36.8793],[-76.3234,36.8803],[-76.3159,36.8905],[-76.3117,36.9033],[-76.3091,36.8952],[-76.3076,36.899],[-76.3067,36.8971],[-76.3047,36.904],[-76.2963,36.9003],[-76.2939,36.899],[-76.2964,36.8963],[-76.2947,36.8929],[-76.3,36.8882],[-76.2927,36.8911],[-76.2942,36.8834],[-76.2896,36.8905],[-76.2828,36.8888],[-76.2839,36.8843],[-76.2813,36.8882],[-76.2804,36.8877],[-76.2798,36.8886],[-76.2806,36.8937],[-76.2843,36.8921],[-76.2835,36.8967],[-76.2897,36.8935],[-76.2895,36.9048],[-76.2961,36.9084],[-76.2993,36.9079],[-76.2983,36.911],[-76.3026,36.91],[-76.3017,36.9128],[-76.3069,36.9087],[-76.3103,36.911],[-76.3102,36.9131],[-76.3113,36.9133],[-76.3124,36.9097],[-76.3138,36.9129],[-76.3178,36.911],[-76.3158,36.9124],[-76.32,36.9132],[-76.325,36.9034],[-76.3278,36.9153],[-76.3322,36.9148],[-76.3324,36.9155],[-76.3279,36.9161],[-76.3281,36.9172],[-76.3324,36.9167],[-76.3328,36.9177],[-76.3286,36.918],[-76.3294,36.931],[-76.3335,36.9307],[-76.3336,36.9318],[-76.3247,36.9327],[-76.3249,36.9335],[-76.3289,36.9339],[-76.3338,36.9336],[-76.3338,36.9338],[-76.329,36.934],[-76.3291,36.9352],[-76.3338,36.935],[-76.3338,36.9351],[-76.329,36.9354],[-76.3336,36.9365],[-76.3291,36.9368],[-76.3293,36.938],[-76.3335,36.9378],[-76.3335,36.9379],[-76.3292,36.9382],[-76.3256,36.9388],[-76.3294,36.94],[-76.3342,36.9398],[-76.3342,36.94],[-76.3295,36.9402],[-76.3295,36.9413],[-76.3343,36.9411],[-76.3343,36.9413],[-76.3295,36.9415],[-76.3273,36.9432],[-76.3286,36.9437],[-76.3317,36.9437],[-76.3317,36.944],[-76.3288,36.9441],[-76.3287,36.9451],[-76.3334,36.9459],[-76.3333,36.9464],[-76.3288,36.9458],[-76.3289,36.9467],[-76.3335,36.9474],[-76.3334,36.9479],[-76.3291,36.9473],[-76.3288,36.9482],[-76.3334,36.9488],[-76.3332,36.9495],[-76.3287,36.9489],[-76.3285,36.9499],[-76.333,36.9505],[-76.333,36.9508],[-76.3284,36.9502],[-76.3282,36.9512],[-76.3328,36.9518],[-76.3327,36.9521],[-76.3282,36.9515],[-76.3291,36.9534],[-76.3275,36.9546],[-76.3318,36.9552],[-76.3318,36.9554],[-76.3274,36.9548],[-76.3271,36.9565],[-76.3318,36.9572],[-76.3317,36.9576],[-76.327,36.9569],[-76.3265,36.9592],[-76.3309,36.9598],[-76.3308,36.9603],[-76.3264,36.9596],[-76.3257,36.9632],[-76.3308,36.964],[-76.325,36.9637],[-76.3202,36.9575],[-76.3003,36.9563],[-76.2998,36.9506],[-76.287,36.9432],[-76.286,36.9464],[-76.2718,36.9522],[-76.2738,36.9531],[-76.2717,36.9544],[-76.272,36.9625],[-76.2959,36.9662],[-76.2962,36.964],[-76.2993,36.9663],[-76.2836,36.9704],[-76.2148,36.9374],[-76.1771,36.9303],[-76.1366,36.922],[-76.095,36.9086],[-76.0918,36.9087],[-76.0898,36.9087],[-76.0526,36.9207],[-76.0459,36.9266],[-76.0327,36.9327],[-76.0086,36.9292],[-75.9916,36.9157],[-75.9654,36.8126],[-75.9492,36.761],[-75.9107,36.6699],[-75.8815,36.6087],[-75.867,36.5508],[-75.8668,36.5438],[-75.8317,36.4105],[-75.7988,36.2958],[-75.7731,36.231],[-75.7174,36.1127],[-75.7112,36.1016],[-75.6441,35.995],[-75.5958,35.9086],[-75.5491,35.8181],[-75.5504,35.8092],[-75.5344,35.7917],[-75.5422,35.7756],[-75.5412,35.7867],[-75.538,35.7877],[-75.541,35.7918],[-75.5433,35.7883],[-75.5434,35.7901],[-75.5453,35.7965],[-75.5478,35.7943],[-75.5476,35.7968],[-75.5488,35.7954],[-75.5516,35.7976],[-75.552,35.8049],[-75.5544,35.8053],[-75.554,35.8056],[-75.5515,35.8053],[-75.5516,35.8057],[-75.5536,35.806],[-75.5511,35.8062],[-75.5571,35.8085],[-75.5566,35.8105],[-75.5572,35.8107],[-75.5583,35.8082],[-75.5765,35.8229],[-75.5679,35.8301],[-75.5801,35.8375],[-75.5842,35.8473],[-75.5901,35.8471],[-75.5978,35.8643],[-75.6011,35.8772],[-75.5987,35.8767],[-75.6037,35.8788],[-75.5987,35.8848],[-75.6011,35.8866],[-75.599,35.8874],[-75.5959,35.8863],[-75.5958,35.887],[-75.6,35.8887],[-75.5977,35.8897],[-75.6,35.8906],[-75.5979,35.8921],[-75.6017,35.895],[-75.6038,35.8962],[-75.6034,35.8964],[-75.5985,35.8952],[-75.5982,35.8956],[-75.6009,35.8962],[-75.6024,35.9037],[-75.6115,35.8996],[-75.6146,35.8984],[-75.6152,35.8993],[-75.6111,35.9011],[-75.6085,35.9031],[-75.6099,35.9051],[-75.6093,35.9056],[-75.6081,35.904],[-75.6077,35.9042],[-75.6088,35.9057],[-75.6081,35.9061],[-75.6064,35.9037],[-75.6059,35.904],[-75.6079,35.9068],[-75.6124,35.9044],[-75.6107,35.9027],[-75.6104,35.9029],[-75.6114,35.9043],[-75.6097,35.9028],[-75.6109,35.9024],[-75.6122,35.9035],[-75.6128,35.9055],[-75.6073,35.9072],[-75.606,35.9054],[-75.6024,35.9053],[-75.6042,35.9141],[-75.6055,35.9144],[-75.6293,35.9459],[-75.6452,35.9655],[-75.6681,35.972],[-75.6652,35.9793],[-75.6703,35.9844],[-75.6716,35.9866],[-75.6722,35.9917],[-75.677,35.9904],[-75.6752,35.9919],[-75.6787,36.0023],[-75.6819,35.9967],[-75.6868,36.0032],[-75.6809,36.003],[-75.6871,36.0152],[-75.6862,36.0083],[-75.6898,36.0064],[-75.6867,35.9973],[-75.6919,36.0006],[-75.699,35.9959],[-75.708,36.0023],[-75.7273,36.0034],[-75.728,36.0166],[-75.7255,36.0235],[-75.7106,36.0204],[-75.711,36.0175],[-75.7022,36.0091],[-75.7008,36.0122],[-75.6967,36.0163],[-75.6953,36.0178],[-75.6967,36.0187],[-75.6994,36.0166],[-75.6998,36.0169],[-75.6982,36.0186],[-75.6908,36.0236],[-75.6869,36.0157],[-75.6801,36.0161],[-75.6926,36.0524],[-75.6982,36.06],[-75.7193,36.0463],[-75.731,36.0494],[-75.7315,36.0473],[-75.7361,36.0477],[-75.7283,36.046],[-75.7323,36.0409],[-75.739,36.0418],[-75.7389,36.0736],[-75.7508,36.1273],[-75.7413,36.1054],[-75.74,36.1012],[-75.7397,36.1016],[-75.7405,36.1031],[-75.7396,36.1057],[-75.7436,36.1313],[-75.7759,36.2311],[-75.7782,36.2339],[-75.7789,36.2304],[-75.7787,36.2295],[-75.7837,36.2294],[-75.7847,36.2292],[-75.7859,36.2282],[-75.7877,36.2286],[-75.7832,36.2349],[-75.7924,36.2308],[-75.7898,36.234],[-75.7875,36.2344],[-75.7874,36.235],[-75.7898,36.2348],[-75.7938,36.2334],[-75.7904,36.2375],[-75.7894,36.2393],[-75.7902,36.2392],[-75.7912,36.2373],[-75.7921,36.2394],[-75.7926,36.2412],[-75.7935,36.2414],[-75.7931,36.237],[-75.7936,36.237],[-75.7963,36.2458],[-75.7958,36.2462],[-75.8017,36.2471],[-75.8024,36.2523],[-75.8093,36.2481],[-75.8065,36.2543],[-75.8034,36.2567],[-75.8081,36.2593],[-75.8085,36.2619],[-75.7929,36.2554],[-75.7957,36.2498],[-75.7906,36.2426],[-75.7923,36.2458],[-75.7906,36.2512],[-75.7882,36.2452],[-75.7859,36.2447],[-75.7857,36.2414],[-75.7824,36.2457],[-75.7856,36.2457],[-75.7902,36.2564],[-75.8024,36.2608],[-75.8041,36.2879],[-75.8147,36.2941],[-75.8188,36.2921],[-75.8226,36.306],[-75.8184,36.3057],[-75.8249,36.3202],[-75.821,36.3449],[-75.8316,36.357],[-75.8316,36.3551],[-75.8327,36.3563],[-75.8323,36.359],[-75.8283,36.3679],[-75.832,36.3724],[-75.8364,36.3713],[-75.8366,36.3719],[-75.8339,36.3729],[-75.8481,36.3797],[-75.8424,36.3812],[-75.8387,36.3896],[-75.8406,36.3911],[-75.8378,36.3907],[-75.8399,36.4014],[-75.8493,36.4016],[-75.8402,36.4073],[-75.8416,36.4113],[-75.8428,36.4117],[-75.8495,36.4251],[-75.8562,36.4256],[-75.8524,36.4333],[-75.8512,36.4356],[-75.852,36.4357],[-75.854,36.4318],[-75.8591,36.4286],[-75.8609,36.4322],[-75.8587,36.4324],[-75.8589,36.4331],[-75.8635,36.4329],[-75.8634,36.4337],[-75.8588,36.4353],[-75.8595,36.4357],[-75.8617,36.4348],[-75.863,36.4392],[-75.8606,36.4394],[-75.8659,36.4444],[-75.867,36.4496],[-75.8686,36.4401],[-75.8693,36.4428],[-75.87,36.4426],[-75.8696,36.4407],[-75.8703,36.4388],[-75.8716,36.4427],[-75.8756,36.4422],[-75.8722,36.4529],[-75.8704,36.4495],[-75.8657,36.4539],[-75.8621,36.4591],[-75.8684,36.4579],[-75.8681,36.4608],[-75.8828,36.4607],[-75.8679,36.4658],[-75.8717,36.4663],[-75.8678,36.4686],[-75.868,36.4711],[-75.864,36.4721],[-75.8638,36.4728],[-75.868,36.4719],[-75.8781,36.4669],[-75.8793,36.4709],[-75.8705,36.4726],[-75.8848,36.4794],[-75.8848,36.4744],[-75.893,36.4732],[-75.8883,36.4756],[-75.8946,36.4798],[-75.8895,36.479],[-75.8877,36.4808],[-75.8893,36.4825],[-75.8849,36.4799],[-75.8843,36.4891],[-75.8823,36.4808],[-75.88,36.4799],[-75.8803,36.4824],[-75.8775,36.4816],[-75.8804,36.491],[-75.8776,36.5186],[-75.875,36.526],[-75.8762,36.5236],[-75.8782,36.5341],[-75.881,36.5344],[-75.8781,36.5433],[-75.8834,36.5403],[-75.8849,36.5444],[-75.8798,36.545],[-75.8814,36.5453],[-75.8853,36.5448],[-75.8834,36.5461],[-75.894,36.5454],[-75.8948,36.5443],[-75.8909,36.5445],[-75.8941,36.5448],[-75.8893,36.5454],[-75.8854,36.5425],[-75.8939,36.5374],[-75.8964,36.5446],[-75.892,36.5507],[-75.8797,36.5508],[-75.8783,36.5554],[-75.881,36.555],[-75.8953,36.5883],[-75.8863,36.5929],[-75.8923,36.5955],[-75.8911,36.5971],[-75.8909,36.6013],[-75.8934,36.5997],[-75.8932,36.6031],[-75.8961,36.6014],[-75.8952,36.607],[-75.9064,36.6134],[-75.9005,36.6191],[-75.905,36.6159],[-75.9105,36.6205],[-75.9095,36.6244],[-75.9118,36.6235],[-75.9068,36.6264],[-75.9137,36.6274],[-75.9109,36.6277],[-75.9072,36.6311],[-75.9102,36.6299],[-75.9166,36.6374],[-75.9107,36.6427],[-75.9175,36.6441],[-75.9127,36.6469],[-75.9172,36.6475],[-75.9138,36.6488],[-75.9182,36.6486],[-75.9142,36.6512],[-75.9173,36.6513],[-75.9137,36.6523],[-75.9158,36.6533],[-75.9147,36.655],[-75.919,36.6552],[-75.918,36.6572],[-75.9161,36.6584],[-75.9172,36.6624],[-75.9151,36.6626],[-75.9147,36.6679],[-75.9159,36.6663],[-75.9159,36.6687],[-75.9209,36.6694],[-75.9157,36.6765],[-75.9248,36.6854],[-75.9262,36.692],[-75.9302,36.6931],[-75.9282,36.6936],[-75.9297,36.6961],[-75.9278,36.6941],[-75.9277,36.6973],[-75.9298,36.698],[-75.9302,36.7],[-75.932,36.6987],[-75.9299,36.7013],[-75.9277,36.6979],[-75.9291,36.7016],[-75.9334,36.7023],[-75.9297,36.7029],[-75.9308,36.7052],[-75.934,36.7052],[-75.9314,36.7065],[-75.934,36.7126],[-75.9355,36.7084],[-75.9373,36.7115],[-75.9347,36.7145],[-75.9375,36.717],[-75.9366,36.7192],[-75.9394,36.7182],[-75.9434,36.7234],[-75.9484,36.7196],[-75.9521,36.7222],[-75.9571,36.7173],[-75.9708,36.712],[-75.9664,36.6998],[-75.97,36.6891],[-75.9674,36.6901],[-75.9702,36.6819],[-75.9758,36.6765],[-75.9711,36.6691],[-75.9681,36.6667],[-75.9798,36.6521],[-75.977,36.6462],[-75.9826,36.6453],[-75.9857,36.6402],[-75.9932,36.6353],[-75.9874,36.6248],[-75.9876,36.6113],[-75.9909,36.6066],[-75.9847,36.5949],[-75.9853,36.5881],[-75.9838,36.5828],[-75.9945,36.567],[-75.9903,36.5561],[-75.9837,36.5536],[-75.9838,36.5506],[-75.9532,36.5506],[-75.9491,36.5559],[-75.948,36.5528],[-75.9399,36.5623],[-75.9332,36.5612],[-75.9236,36.5681],[-75.922,36.5507],[-75.9096,36.549],[-75.9118,36.5265],[-75.9099,36.5077],[-75.9119,36.5038],[-75.9106,36.4928],[-75.9008,36.4885],[-75.9272,36.4835],[-75.9357,36.4927],[-75.9568,36.4921],[-75.9581,36.5003],[-75.966,36.4943],[-75.9753,36.492],[-75.9761,36.4854],[-75.9894,36.4966],[-75.977,36.5151],[-75.974,36.5167],[-75.9705,36.5252],[-75.9945,36.5271],[-76.0134,36.5506],[-76.0141,36.5626],[-76.0194,36.5674],[-76.0214,36.5707],[-76.0334,36.5764],[-76.0409,36.5824],[-76.045,36.5943],[-76.0606,36.5971],[-76.0542,36.6052],[-76.0481,36.6043],[-76.0495,36.6097],[-76.0482,36.6161],[-76.0605,36.6028],[-76.0611,36.5943],[-76.0525,36.5918],[-76.0485,36.5779],[-76.0516,36.5789],[-76.0515,36.5784],[-76.0494,36.5776],[-76.0426,36.5656],[-76.0449,36.5638],[-76.0348,36.5507],[-76.0309,36.5303],[-76.033,36.5264],[-76.0272,36.5261],[-76.0276,36.5157],[-76.0287,36.5171],[-76.0342,36.5141],[-76.0451,36.5231],[-76.0381,36.5262],[-76.0476,36.5243],[-76.0476,36.522],[-76.0458,36.5184],[-76.0452,36.5204],[-76.047,36.5216],[-76.0466,36.5226],[-76.0436,36.5214],[-76.0451,36.5153],[-76.0525,36.5138],[-76.0547,36.5186],[-76.0549,36.512],[-76.0691,36.5205],[-76.0771,36.5139],[-76.081,36.5023],[-76.0834,36.5002],[-76.0833,36.4998],[-76.0702,36.4973],[-76.0426,36.5032],[-76.0134,36.4493],[-76.0121,36.445],[-75.9789,36.4356],[-75.9744,36.44],[-75.9627,36.4185],[-75.9731,36.4208],[-75.9796,36.4319],[-75.9819,36.4294],[-75.9972,36.4305],[-76.0006,36.4236],[-75.9919,36.4191],[-75.9946,36.4078],[-75.9864,36.4069],[-75.9708,36.3884],[-75.9604,36.3849],[-75.9604,36.3738],[-75.948,36.3642],[-75.9475,36.3642],[-75.9472,36.3686],[-75.9454,36.3622],[-75.942,36.3632],[-75.9464,36.3771],[-75.947,36.3724],[-75.9529,36.3969],[-75.9486,36.3962],[-75.9395,36.3885],[-75.93,36.3885],[-75.9304,36.3975],[-75.9362,36.4027],[-75.9327,36.4087],[-75.9433,36.4104],[-75.9392,36.4191],[-75.9332,36.4201],[-75.9366,36.4292],[-75.9239,36.426],[-75.9223,36.4066],[-75.9156,36.3862],[-75.921,36.37],[-75.926,36.3713],[-75.9299,36.3649],[-75.9227,36.3609],[-75.9042,36.3311],[-75.9018,36.329],[-75.8834,36.2856],[-75.874,36.284],[-75.87,36.2816],[-75.8768,36.2792],[-75.8672,36.2756],[-75.8734,36.2715],[-75.8756,36.268],[-75.8754,36.2625],[-75.8752,36.2683],[-75.867,36.2719],[-75.8657,36.2777],[-75.8627,36.2729],[-75.8619,36.2666],[-75.8725,36.2643],[-75.8724,36.2605],[-75.87,36.2607],[-75.8696,36.264],[-75.8613,36.2645],[-75.8667,36.2563],[-75.8704,36.2557],[-75.8706,36.2507],[-75.8705,36.2476],[-75.8643,36.2459],[-75.8633,36.2296],[-75.8483,36.215],[-75.844,36.2198],[-75.8284,36.1894],[-75.8464,36.2112],[-75.8485,36.2126],[-75.8487,36.2114],[-75.8471,36.21],[-75.8467,36.2076],[-75.8493,36.2083],[-75.84,36.1963],[-75.8429,36.1922],[-75.8357,36.1681],[-75.8373,36.1665],[-75.8287,36.1674],[-75.8279,36.1633],[-75.8222,36.164],[-75.823,36.1587],[-75.8273,36.1579],[-75.8211,36.1511],[-75.825,36.1468],[-75.8109,36.1338],[-75.8073,36.1236],[-75.8099,36.1255],[-75.8099,36.1225],[-75.8032,36.1204],[-75.799,36.1148],[-75.8029,36.1149],[-75.8032,36.1],[-75.7895,36.078],[-75.7964,36.073],[-75.794,36.0718],[-75.7961,36.0718],[-75.7988,36.0723],[-75.8336,36.0921],[-75.8349,36.0948],[-75.8409,36.0964],[-75.855,36.1114],[-75.8684,36.1338],[-75.8614,36.1587],[-75.8654,36.1635],[-75.8713,36.1709],[-75.8712,36.177],[-75.8925,36.1973],[-75.9005,36.2011],[-75.8968,36.2086],[-75.9073,36.2062],[-75.9137,36.2298],[-75.916,36.2328],[-75.9138,36.2362],[-75.9197,36.2408],[-75.9144,36.2481],[-75.9105,36.246],[-75.9145,36.2499],[-75.9196,36.2438],[-75.947,36.2564],[-75.9461,36.2623],[-75.9384,36.2695],[-75.9372,36.274],[-75.944,36.2687],[-75.9529,36.2656],[-75.9538,36.264],[-75.9533,36.262],[-75.9524,36.2617],[-75.9526,36.2648],[-75.9482,36.2627],[-75.9518,36.2581],[-75.9602,36.2613],[-75.9552,36.2674],[-75.9446,36.2726],[-75.9459,36.2825],[-75.9318,36.2883],[-75.9306,36.2885],[-75.9394,36.2926],[-75.94,36.2976],[-75.9414,36.2845],[-75.9587,36.2908],[-75.9658,36.2923],[-75.9637,36.3033],[-75.9615,36.3035],[-75.9706,36.3136],[-75.9605,36.323],[-75.9661,36.3229],[-75.9689,36.3208],[-75.9751,36.3299],[-75.9682,36.332],[-75.9768,36.3319],[-75.976,36.3145],[-75.9863,36.3112],[-75.9907,36.314],[-75.9957,36.3123],[-76.0001,36.3268],[-76.0111,36.3292],[-76.0171,36.3289],[-76.0158,36.3443],[-76.0232,36.3465],[-76.0253,36.3456],[-76.0352,36.3551],[-76.0422,36.3561],[-76.0456,36.3605],[-76.0471,36.3579],[-76.0289,36.3486],[-76.0344,36.3407],[-76.0273,36.3385],[-76.0183,36.3448],[-76.0214,36.3313],[-76.0168,36.3244],[-76.0072,36.3267],[-76.0054,36.321],[-76.0037,36.3229],[-76.0029,36.3054],[-75.9775,36.3062],[-75.9794,36.3047],[-75.979,36.3039],[-75.9771,36.305],[-75.9734,36.3057],[-75.9742,36.3014],[-75.9951,36.296],[-75.9963,36.2901],[-75.9813,36.2983],[-75.9725,36.2983],[-75.9744,36.2921],[-75.9686,36.2849],[-75.9549,36.2876],[-75.9508,36.2843],[-75.9533,36.2744],[-75.9654,36.2754],[-75.9682,36.2659],[-75.9705,36.2663],[-75.9635,36.2522],[-75.9606,36.2499],[-75.9642,36.2472],[-75.9672,36.2492],[-75.9652,36.2467],[-75.9671,36.2462],[-75.9687,36.2448],[-75.9678,36.2447],[-75.9657,36.246],[-75.957,36.2446],[-75.9578,36.2466],[-75.958,36.2488],[-75.9566,36.2486],[-75.9546,36.2438],[-75.9478,36.2294],[-75.9503,36.2083],[-75.9588,36.2023],[-75.9657,36.2125],[-75.974,36.2106],[-75.9796,36.2181],[-75.9903,36.2018],[-75.9919,36.2041],[-75.9923,36.2036],[-75.9914,36.2017],[-75.991,36.1997],[-75.9829,36.2078],[-75.9762,36.2077],[-75.9681,36.2107],[-75.9661,36.2049],[-75.9548,36.1976],[-75.9556,36.1895],[-75.949,36.1924],[-75.9365,36.1772],[-75.9181,36.173],[-75.9116,36.1661],[-75.9203,36.163],[-76.016,36.1849],[-76.0257,36.2006],[-76.0418,36.2108],[-76.0495,36.2327],[-76.079,36.2375],[-76.0816,36.2446],[-76.0977,36.2549],[-76.1057,36.2708],[-76.1333,36.292],[-76.1317,36.2931],[-76.1321,36.2959],[-76.134,36.2963],[-76.1329,36.2941],[-76.1341,36.2913],[-76.1332,36.2903],[-76.1349,36.2899],[-76.1362,36.2883],[-76.1614,36.2908],[-76.1727,36.3021],[-76.1915,36.2973],[-76.2146,36.3001],[-76.2171,36.3011],[-76.2185,36.2985],[-76.2113,36.2959],[-76.1999,36.2867],[-76.1931,36.2883],[-76.1753,36.2657],[-76.1616,36.2646],[-76.1427,36.258],[-76.1293,36.2353],[-76.1221,36.2195],[-76.1393,36.2229],[-76.1397,36.2252],[-76.1525,36.219],[-76.15,36.2147],[-76.1604,36.2118],[-76.1582,36.2094],[-76.1562,36.2126],[-76.1522,36.2122],[-76.1454,36.2195],[-76.1432,36.2191],[-76.1302,36.2163],[-76.1227,36.21],[-76.117,36.2139],[-76.0866,36.2028],[-76.0772,36.1922],[-76.0836,36.1819],[-76.0889,36.1809],[-76.0933,36.1824],[-76.094,36.182],[-76.0895,36.1805],[-76.0848,36.1816],[-76.0806,36.1768],[-76.0762,36.1819],[-76.0738,36.1769],[-76.0606,36.1556],[-76.0613,36.1457],[-76.0945,36.1349],[-76.1119,36.1403],[-76.1264,36.1394],[-76.119,36.1323],[-76.1268,36.132],[-76.1647,36.1247],[-76.1825,36.1249],[-76.2058,36.1363],[-76.2354,36.1704],[-76.2485,36.175],[-76.2497,36.1856],[-76.2659,36.1881],[-76.2748,36.2012],[-76.2858,36.2115],[-76.2827,36.2135],[-76.2854,36.217],[-76.2896,36.2215],[-76.2878,36.2152],[-76.2893,36.2088],[-76.2832,36.1996],[-76.2816,36.1952],[-76.2769,36.1913],[-76.2771,36.1803],[-76.2688,36.1767],[-76.262,36.1655],[-76.2459,36.1579],[-76.2271,36.1253],[-76.1934,36.1054],[-76.2217,36.0961],[-76.2332,36.1003],[-76.2428,36.1022],[-76.2764,36.1105],[-76.2981,36.1239],[-76.3149,36.1271],[-76.3223,36.1352],[-76.3392,36.1374],[-76.3404,36.1407],[-76.3543,36.1386],[-76.3733,36.1382],[-76.3937,36.1655],[-76.4292,36.1831],[-76.4406,36.1923],[-76.4458,36.1918],[-76.445,36.1957],[-76.457,36.1941],[-76.4566,36.2031],[-76.4667,36.1957],[-76.4659,36.1936],[-76.4655,36.1841],[-76.4683,36.1822],[-76.4571,36.1849],[-76.4538,36.1807],[-76.4398,36.1721],[-76.4326,36.1609],[-76.423,36.1585],[-76.3722,36.1175],[-76.3465,36.1214],[-76.34,36.1075],[-76.303,36.0995],[-76.3057,36.0931],[-76.3328,36.0838],[-76.3393,36.089],[-76.4117,36.079],[-76.4118,36.0754],[-76.4106,36.0675],[-76.4533,36.0399],[-76.4637,36.0231],[-76.5135,36.0096],[-76.5157,36.0068],[-76.5697,36.0111],[-76.5807,36.0113],[-76.5926,36.0237],[-76.6014,36.0344],[-76.6042,36.0529],[-76.6143,36.059],[-76.6284,36.0404],[-76.6483,36.0359],[-76.6743,36.044],[-76.689,36.0608],[-76.6914,36.0858],[-76.6868,36.1095],[-76.6862,36.1112],[-76.7039,36.1101],[-76.7172,36.1473],[-76.7218,36.1525],[-76.7151,36.2126],[-76.6999,36.2349],[-76.6932,36.2366],[-76.6942,36.2409],[-76.6747,36.2655],[-76.6726,36.2782],[-76.6839,36.3008],[-76.6952,36.3041],[-76.7006,36.3051],[-76.7269,36.3211],[-76.7314,36.3263],[-76.7522,36.348],[-76.7634,36.355],[-76.773,36.3611],[-76.773,36.362],[-76.7902,36.3607],[-76.794,36.3599],[-76.7945,36.357],[-76.7844,36.3606],[-76.7625,36.3502],[-76.7429,36.3268],[-76.7357,36.3219],[-76.7254,36.3109],[-76.7009,36.2943],[-76.6975,36.2771],[-76.7088,36.2579],[-76.7231,36.2438],[-76.7295,36.2438]]],[[[-76.7492,37.1901],[-76.7649,37.1967],[-76.7832,37.2144],[-76.7728,37.2117],[-76.7658,37.2182],[-76.7448,37.2053],[-76.7355,37.2042],[-76.7348,37.2031],[-76.7492,37.1901]]],[[[-75.9637,37.0858],[-75.9764,37.0865],[-75.9739,37.0867],[-75.9768,37.0873],[-75.976,37.0887],[-75.9732,37.0878],[-75.9738,37.0887],[-75.9697,37.0875],[-75.9693,37.0879],[-75.9748,37.0899],[-75.976,37.0899],[-75.9806,37.0969],[-75.978,37.1022],[-75.972,37.0992],[-75.972,37.1004],[-75.9662,37.0978],[-75.968,37.1003],[-75.9538,37.0955],[-75.9556,37.091],[-75.9571,37.0933],[-75.9602,37.0884],[-75.9593,37.0907],[-75.9637,37.0858]]],[[[-76.0131,35.6691],[-76.0042,35.6811],[-76.0029,35.6937],[-75.9987,35.7031],[-76.0009,35.709],[-75.9986,35.7163],[-76.002,35.7224],[-75.9874,35.7476],[-75.9886,35.7615],[-75.983,35.7792],[-75.9937,35.8133],[-75.9762,35.841],[-75.9887,35.8648],[-75.9811,35.8685],[-75.986,35.8894],[-75.9501,35.9114],[-75.9483,35.9195],[-75.9316,35.9269],[-75.9207,35.9238],[-75.9088,35.9305],[-75.8968,35.9375],[-75.8677,35.923],[-75.8601,35.9216],[-75.8535,35.9268],[-75.8458,35.9257],[-75.8363,35.9238],[-75.8348,35.9265],[-75.8308,35.9196],[-75.8249,35.9247],[-75.8116,35.9215],[-75.8185,35.9297],[-75.8467,35.9429],[-75.8703,35.9417],[-75.8724,35.9453],[-75.857,35.9447],[-75.8543,35.9588],[-75.8499,35.9661],[-75.8545,35.9701],[-75.8535,35.9722],[-75.8623,35.9743],[-75.8572,35.9772],[-75.8199,35.9614],[-75.8095,35.959],[-75.8049,35.9541],[-75.8108,35.9502],[-75.8065,35.9531],[-75.8094,35.9514],[-75.8116,35.9531],[-75.8165,35.9519],[-75.8182,35.9531],[-75.8184,35.9527],[-75.8164,35.9512],[-75.8142,35.9507],[-75.8188,35.948],[-75.8124,35.9488],[-75.8159,35.9422],[-75.8067,35.9386],[-75.8111,35.9453],[-75.8067,35.9436],[-75.8075,35.9458],[-75.7832,35.9338],[-75.7825,35.9177],[-75.7715,35.9132],[-75.7692,35.9104],[-75.7716,35.9094],[-75.7715,35.9084],[-75.7695,35.9098],[-75.7659,35.8918],[-75.7506,35.8825],[-75.7537,35.8685],[-75.7492,35.8612],[-75.7468,35.845],[-75.7353,35.837],[-75.7317,35.8256],[-75.7302,35.8228],[-75.7316,35.815],[-75.7266,35.8055],[-75.7355,35.7917],[-75.7339,35.7837],[-75.7407,35.772],[-75.7334,35.7603],[-75.7358,35.7502],[-75.7237,35.7363],[-75.7211,35.715],[-75.7138,35.6988],[-75.7248,35.683],[-75.7411,35.6825],[-75.7384,35.6959],[-75.7594,35.7063],[-75.7692,35.7037],[-75.78,35.684],[-75.7619,35.6768],[-75.7699,35.6702],[-75.7567,35.6512],[-75.7417,35.6485],[-75.7317,35.6252],[-75.7491,35.6158],[-75.7492,35.6069],[-75.7845,35.5958],[-75.7777,35.5797],[-75.7685,35.5802],[-75.7889,35.5758],[-75.7867,35.5758],[-75.7877,35.575],[-75.7917,35.5751],[-75.8374,35.5707],[-75.8244,35.5777],[-75.8254,35.5803],[-75.8124,35.5842],[-75.8192,35.6011],[-75.8185,35.6029],[-75.819,35.6031],[-75.8199,35.6008],[-75.8191,35.5912],[-75.8263,35.5933],[-75.8356,35.5865],[-75.8564,35.5853],[-75.8563,35.5958],[-75.868,35.6039],[-75.8624,35.6085],[-75.8701,35.607],[-75.8718,35.6275],[-75.8633,35.6228],[-75.8678,35.6262],[-75.8607,35.63],[-75.8579,35.6321],[-75.8589,35.6323],[-75.8618,35.6302],[-75.8705,35.6298],[-75.8785,35.6355],[-75.8848,35.6347],[-75.8918,35.6457],[-75.9002,35.669],[-76.0131,35.6691]]],[[[-75.6281,35.8196],[-75.6369,35.8227],[-75.6448,35.8247],[-75.6459,35.8269],[-75.6509,35.8259],[-75.6534,35.8291],[-75.6562,35.8408],[-75.6601,35.8411],[-75.6617,35.8431],[-75.661,35.8433],[-75.6593,35.8414],[-75.662,35.8531],[-75.6601,35.8544],[-75.6598,35.8566],[-75.6587,35.8618],[-75.6697,35.8804],[-75.6761,35.882],[-75.6832,35.8875],[-75.6798,35.8867],[-75.6781,35.8888],[-75.6867,35.8937],[-75.685,35.8985],[-75.6855,35.8986],[-75.6882,35.8941],[-75.6981,35.9054],[-75.6966,35.9106],[-75.7239,35.9262],[-75.726,35.9371],[-75.7042,35.9397],[-75.6869,35.9342],[-75.6966,35.9356],[-75.6587,35.9204],[-75.6612,35.919],[-75.6636,35.9206],[-75.664,35.9203],[-75.6621,35.9185],[-75.6664,35.9094],[-75.6701,35.914],[-75.6687,35.9],[-75.6665,35.9005],[-75.6682,35.8991],[-75.659,35.8982],[-75.661,35.9031],[-75.6491,35.9049],[-75.646,35.9091],[-75.6396,35.8972],[-75.6445,35.8949],[-75.6442,35.8945],[-75.6399,35.8964],[-75.6385,35.8965],[-75.644,35.8932],[-75.6365,35.8945],[-75.636,35.8876],[-75.6376,35.8864],[-75.6372,35.8857],[-75.6354,35.8867],[-75.6312,35.8883],[-75.6152,35.8511],[-75.6354,35.8693],[-75.6384,35.8683],[-75.6412,35.8766],[-75.6417,35.8765],[-75.6427,35.8798],[-75.6435,35.8792],[-75.6428,35.8776],[-75.6369,35.8591],[-75.6166,35.8421],[-75.6198,35.8423],[-75.6234,35.8444],[-75.6166,35.8361],[-75.6185,35.8269],[-75.6208,35.8285],[-75.6205,35.8241],[-75.6211,35.8258],[-75.6281,35.8196]]],[[[-75.7507,35.1895],[-75.7523,35.1943],[-75.7488,35.1942],[-75.7413,35.2042],[-75.7231,35.2023],[-75.7008,35.2096],[-75.7036,35.209],[-75.7003,35.2105],[-75.6964,35.2202],[-75.6966,35.2174],[-75.6807,35.2259],[-75.6782,35.2212],[-75.6824,35.2158],[-75.6704,35.2206],[-75.6679,35.2186],[-75.6303,35.2349],[-75.6176,35.2474],[-75.6032,35.2537],[-75.6022,35.2521],[-75.6015,35.2524],[-75.6031,35.2542],[-75.5958,35.2598],[-75.5962,35.2662],[-75.5937,35.2621],[-75.5899,35.2613],[-75.5898,35.2617],[-75.5936,35.2625],[-75.5934,35.2631],[-75.5895,35.2626],[-75.5939,35.2642],[-75.5898,35.2635],[-75.596,35.2693],[-75.5804,35.2614],[-75.5355,35.273],[-75.5248,35.2692],[-75.5211,35.2677],[-75.5178,35.2772],[-75.5158,35.306],[-75.5121,35.3242],[-75.516,35.3253],[-75.5143,35.3409],[-75.5142,35.3579],[-75.4992,35.3695],[-75.4821,35.4991],[-75.4871,35.5049],[-75.4798,35.5136],[-75.4858,35.5166],[-75.4833,35.5295],[-75.4769,35.5285],[-75.4713,35.5699],[-75.4665,35.5821],[-75.4707,35.5815],[-75.4709,35.62],[-75.4785,35.634],[-75.4759,35.6383],[-75.4808,35.637],[-75.4802,35.641],[-75.4834,35.6468],[-75.4813,35.6473],[-75.4814,35.6483],[-75.484,35.6475],[-75.4829,35.6555],[-75.4852,35.6527],[-75.4858,35.6615],[-75.4832,35.6623],[-75.4853,35.6626],[-75.4849,35.6629],[-75.4822,35.6629],[-75.4876,35.6677],[-75.4815,35.6702],[-75.487,35.6806],[-75.4866,35.6848],[-75.5003,35.69],[-75.4961,35.6904],[-75.4977,35.6981],[-75.502,35.7007],[-75.5024,35.7072],[-75.5068,35.7054],[-75.508,35.71],[-75.5048,35.7098],[-75.5047,35.7103],[-75.5095,35.711],[-75.5107,35.7139],[-75.509,35.7132],[-75.5063,35.7134],[-75.5066,35.7142],[-75.5091,35.7138],[-75.5072,35.7187],[-75.5134,35.7207],[-75.511,35.721],[-75.5135,35.7242],[-75.5089,35.7255],[-75.5095,35.724],[-75.5079,35.722],[-75.5072,35.7235],[-75.5087,35.7266],[-75.5138,35.7282],[-75.5123,35.7307],[-75.5113,35.7285],[-75.5099,35.7352],[-75.5154,35.7353],[-75.5194,35.7418],[-75.5106,35.7366],[-75.5037,35.7369],[-75.5124,35.7519],[-75.5185,35.7435],[-75.5157,35.7503],[-75.5204,35.7529],[-75.5238,35.7606],[-75.5192,35.7608],[-75.5191,35.7616],[-75.5228,35.7613],[-75.5228,35.7631],[-75.5318,35.7729],[-75.526,35.7752],[-75.4983,35.7369],[-75.4719,35.6388],[-75.4586,35.5723],[-75.4729,35.5211],[-75.4849,35.4144],[-75.5182,35.2637],[-75.5328,35.2172],[-75.5356,35.2186],[-75.5325,35.2245],[-75.5543,35.2343],[-75.6092,35.2326],[-75.7442,35.1907],[-75.7507,35.1895]]]]}},{"type":"Feature","properties":{"Dma":"Philadelphia, PA","dma":"Philadelphia, PA","name":"Philadelphia, PA","dma_code":"504","dma_name_nielsen":"PHILADELPHIA"},"geometry":{"type":"MultiPolygon","coordinates":[[[[-74.5704,39.3032],[-74.5716,39.3034],[-74.5721,39.3042],[-74.5798,39.3101],[-74.5788,39.311],[-74.5779,39.3112],[-74.5768,39.3108],[-74.5776,39.3115],[-74.5785,39.3115],[-74.5784,39.3136],[-74.5794,39.3109],[-74.5808,39.3104],[-74.5829,39.3113],[-74.5832,39.3118],[-74.5856,39.3124],[-74.5869,39.3139],[-74.5853,39.3163],[-74.5834,39.317],[-74.5782,39.3169],[-74.576,39.3183],[-74.5759,39.3172],[-74.572,39.3192],[-74.572,39.3194],[-74.5708,39.3192],[-74.5693,39.3212],[-74.571,39.3202],[-74.572,39.3203],[-74.5734,39.3216],[-74.5737,39.323],[-74.5751,39.3225],[-74.5756,39.3217],[-74.5774,39.322],[-74.5799,39.3211],[-74.5797,39.3202],[-74.5808,39.3202],[-74.5801,39.3199],[-74.5818,39.3181],[-74.5849,39.3175],[-74.5868,39.3155],[-74.5885,39.3166],[-74.5891,39.3155],[-74.5876,39.3152],[-74.5883,39.314],[-74.5867,39.3117],[-74.5917,39.3112],[-74.596,39.309],[-74.5978,39.3074],[-74.6003,39.3074],[-74.6104,39.3058],[-74.6103,39.3071],[-74.6141,39.3037],[-74.6181,39.3035],[-74.6206,39.304],[-74.6207,39.3051],[-74.6244,39.3067],[-74.6238,39.3094],[-74.6252,39.3096],[-74.625,39.3125],[-74.626,39.3134],[-74.6282,39.3136],[-74.6299,39.3116],[-74.6316,39.3118],[-74.6311,39.3113],[-74.6321,39.3101],[-74.6331,39.3092],[-74.6322,39.3095],[-74.6318,39.3097],[-74.6306,39.3088],[-74.6301,39.3095],[-74.6307,39.3082],[-74.6339,39.3069],[-74.6363,39.3073],[-74.6403,39.3081],[-74.6412,39.3081],[-74.6423,39.3091],[-74.6421,39.3093],[-74.6433,39.3091],[-74.6442,39.3099],[-74.6465,39.3106],[-74.6468,39.3109],[-74.6473,39.3099],[-74.6488,39.3105],[-74.6499,39.3096],[-74.6505,39.3097],[-74.6513,39.309],[-74.653,39.309],[-74.6528,39.3104],[-74.6527,39.3117],[-74.6519,39.3129],[-74.6509,39.3128],[-74.6508,39.3125],[-74.6507,39.3132],[-74.6517,39.3139],[-74.6506,39.3142],[-74.6518,39.3148],[-74.6515,39.318],[-74.6529,39.3195],[-74.654,39.3181],[-74.6554,39.3168],[-74.6576,39.3139],[-74.6595,39.3119],[-74.6604,39.3079],[-74.6606,39.3064],[-74.6583,39.3058],[-74.6579,39.3053],[-74.6561,39.3037],[-74.6555,39.3041],[-74.6538,39.303],[-74.6505,39.3024],[-74.6498,39.3028],[-74.6491,39.3025],[-74.649,39.3021],[-74.648,39.3019],[-74.6483,39.3],[-74.6492,39.2986],[-74.6498,39.2981],[-74.6509,39.2991],[-74.6519,39.2991],[-74.6531,39.2983],[-74.653,39.2962],[-74.6528,39.2959],[-74.6535,39.2953],[-74.652,39.2947],[-74.6523,39.2935],[-74.6527,39.2929],[-74.6518,39.2924],[-74.6513,39.2916],[-74.6494,39.2904],[-74.6489,39.2902],[-74.6458,39.2904],[-74.6451,39.2915],[-74.643,39.2913],[-74.6419,39.2923],[-74.6394,39.2921],[-74.639,39.2919],[-74.6387,39.2923],[-74.6373,39.2928],[-74.637,39.2923],[-74.6367,39.2926],[-74.6348,39.2922],[-74.6305,39.2887],[-74.6275,39.2875],[-74.6228,39.2882],[-74.6174,39.2852],[-74.6146,39.2831],[-74.6147,39.2817],[-74.6159,39.2806],[-74.6161,39.2795],[-74.617,39.2803],[-74.6172,39.28],[-74.62,39.2804],[-74.6219,39.2805],[-74.6228,39.2794],[-74.6226,39.2787],[-74.623,39.2777],[-74.6222,39.2773],[-74.623,39.2764],[-74.6238,39.2759],[-74.6225,39.2745],[-74.6245,39.2746],[-74.6257,39.2739],[-74.6264,39.2739],[-74.6268,39.2735],[-74.6264,39.2734],[-74.6266,39.2726],[-74.6267,39.2713],[-74.6266,39.2707],[-74.6271,39.2702],[-74.627,39.2692],[-74.6274,39.2683],[-74.6277,39.2678],[-74.6284,39.2652],[-74.6282,39.2625],[-74.6279,39.2614],[-74.6291,39.2602],[-74.629,39.2595],[-74.6304,39.2573],[-74.6282,39.255],[-74.6275,39.2545],[-74.629,39.2516],[-74.6282,39.2513],[-74.6274,39.2483],[-74.6298,39.2452],[-74.6333,39.2437],[-74.6371,39.2438],[-74.6389,39.2438],[-74.6421,39.2414],[-74.6439,39.2402],[-74.6463,39.2404],[-74.6478,39.2387],[-74.648,39.236],[-74.6466,39.2327],[-74.6485,39.2289],[-74.653,39.2281],[-74.6551,39.2273],[-74.6569,39.2282],[-74.6619,39.228],[-74.6655,39.2284],[-74.6654,39.2279],[-74.666,39.2282],[-74.6658,39.2279],[-74.6662,39.2278],[-74.665,39.2272],[-74.6656,39.2259],[-74.6654,39.2245],[-74.6645,39.2235],[-74.6637,39.2235],[-74.6634,39.2231],[-74.6645,39.2209],[-74.6666,39.2207],[-74.6676,39.2197],[-74.6694,39.2185],[-74.67,39.2167],[-74.6717,39.2148],[-74.6721,39.2119],[-74.6704,39.2099],[-74.6704,39.2089],[-74.6688,39.207],[-74.6712,39.2049],[-74.6727,39.2043],[-74.6781,39.2039],[-74.6796,39.2035],[-74.6805,39.2014],[-74.6847,39.1993],[-74.687,39.1991],[-74.6905,39.1993],[-74.6911,39.1987],[-74.6922,39.198],[-74.6962,39.1917],[-74.6993,39.1903],[-74.7014,39.1877],[-74.7023,39.1874],[-74.7076,39.1864],[-74.7087,39.1853],[-74.7104,39.1848],[-74.711,39.1821],[-74.7089,39.1777],[-74.7097,39.1774],[-74.7111,39.1785],[-74.7127,39.179],[-74.7097,39.177],[-74.7079,39.1751],[-74.708,39.1761],[-74.7074,39.1762],[-74.704,39.1735],[-74.7044,39.1708],[-74.7055,39.1699],[-74.7058,39.1685],[-74.7046,39.1672],[-74.7015,39.1668],[-74.6997,39.1662],[-74.6988,39.1631],[-74.6997,39.1617],[-74.6992,39.1606],[-74.6997,39.1598],[-74.7001,39.1576],[-74.701,39.1569],[-74.7037,39.1564],[-74.7073,39.1527],[-74.7095,39.152],[-74.7123,39.1503],[-74.7167,39.1527],[-74.7182,39.153],[-74.7234,39.1514],[-74.7248,39.1519],[-74.7283,39.1518],[-74.7296,39.1529],[-74.7295,39.1538],[-74.7279,39.154],[-74.7265,39.1547],[-74.7279,39.1554],[-74.7295,39.1572],[-74.7306,39.1574],[-74.7319,39.1584],[-74.7333,39.158],[-74.7347,39.158],[-74.7376,39.1562],[-74.7396,39.1562],[-74.7407,39.1549],[-74.7421,39.1548],[-74.744,39.1533],[-74.7435,39.1519],[-74.7439,39.1509],[-74.7461,39.1506],[-74.7501,39.1485],[-74.7505,39.1463],[-74.7507,39.1447],[-74.7504,39.1437],[-74.7468,39.143],[-74.7444,39.1442],[-74.7446,39.1455],[-74.7469,39.146],[-74.7482,39.1456],[-74.75,39.147],[-74.7479,39.1475],[-74.7475,39.1472],[-74.7457,39.1467],[-74.7421,39.1444],[-74.7386,39.1383],[-74.7361,39.1363],[-74.7334,39.1359],[-74.7249,39.1379],[-74.7208,39.1376],[-74.7188,39.1359],[-74.7167,39.1294],[-74.7175,39.128],[-74.72,39.1293],[-74.7347,39.128],[-74.7364,39.1273],[-74.7389,39.1245],[-74.7412,39.1261],[-74.7436,39.1277],[-74.7469,39.127],[-74.7487,39.1283],[-74.7514,39.1281],[-74.7533,39.1277],[-74.7539,39.1284],[-74.7488,39.1293],[-74.7488,39.1303],[-74.7482,39.131],[-74.7486,39.132],[-74.7506,39.1332],[-74.7516,39.1348],[-74.7519,39.1337],[-74.7551,39.1342],[-74.7584,39.1337],[-74.7596,39.1327],[-74.7601,39.1309],[-74.7587,39.1283],[-74.7588,39.1251],[-74.7549,39.1213],[-74.7523,39.1206],[-74.7532,39.1193],[-74.7518,39.1197],[-74.7513,39.119],[-74.7505,39.1187],[-74.75,39.1197],[-74.7496,39.1199],[-74.749,39.1189],[-74.7506,39.1183],[-74.7514,39.1176],[-74.7504,39.1123],[-74.7566,39.1113],[-74.7565,39.1102],[-74.7574,39.1067],[-74.7534,39.1033],[-74.7571,39.1038],[-74.7589,39.1028],[-74.7598,39.1028],[-74.7604,39.1037],[-74.7616,39.1043],[-74.762,39.1065],[-74.7645,39.109],[-74.7654,39.1092],[-74.7663,39.11],[-74.7686,39.1104],[-74.7689,39.1107],[-74.7715,39.1109],[-74.773,39.1106],[-74.775,39.1086],[-74.7765,39.1088],[-74.7797,39.1087],[-74.7816,39.1073],[-74.7899,39.1026],[-74.7895,39.1005],[-74.7917,39.0994],[-74.7911,39.0971],[-74.793,39.0952],[-74.7954,39.0942],[-74.7971,39.093],[-74.7959,39.0915],[-74.7952,39.0889],[-74.7926,39.089],[-74.7912,39.0902],[-74.7882,39.0911],[-74.7872,39.0905],[-74.7849,39.0881],[-74.7864,39.0841],[-74.7846,39.0817],[-74.7852,39.0762],[-74.7832,39.0724],[-74.7831,39.072],[-74.7776,39.0705],[-74.7769,39.0696],[-74.7738,39.0691],[-74.7723,39.0697],[-74.7713,39.0692],[-74.7694,39.0701],[-74.7678,39.07],[-74.7666,39.0682],[-74.7697,39.0654],[-74.7698,39.0632],[-74.771,39.0616],[-74.7703,39.0617],[-74.7693,39.0611],[-74.7658,39.0595],[-74.7655,39.0579],[-74.7671,39.0573],[-74.7696,39.0573],[-74.7716,39.0545],[-74.7759,39.0507],[-74.7791,39.0472],[-74.7816,39.043],[-74.785,39.0436],[-74.7883,39.045],[-74.7902,39.0466],[-74.785,39.049],[-74.7876,39.0486],[-74.7888,39.0502],[-74.7884,39.0482],[-74.79,39.0474],[-74.7912,39.0464],[-74.7934,39.048],[-74.7938,39.049],[-74.7927,39.0493],[-74.7937,39.0514],[-74.7917,39.055],[-74.7904,39.0558],[-74.7896,39.0585],[-74.7907,39.0599],[-74.7914,39.062],[-74.7936,39.063],[-74.7947,39.0643],[-74.7958,39.0646],[-74.7966,39.0658],[-74.7989,39.0657],[-74.8001,39.0661],[-74.8003,39.0682],[-74.8037,39.0702],[-74.8063,39.0703],[-74.8077,39.0698],[-74.8093,39.0704],[-74.8096,39.0714],[-74.8105,39.0712],[-74.8089,39.0697],[-74.8081,39.0673],[-74.8136,39.0677],[-74.817,39.0647],[-74.8194,39.062],[-74.82,39.0604],[-74.8229,39.0593],[-74.8232,39.0582],[-74.822,39.0579],[-74.8208,39.0568],[-74.8212,39.0556],[-74.8248,39.0547],[-74.8246,39.0526],[-74.8257,39.052],[-74.8255,39.0512],[-74.8261,39.05],[-74.8232,39.0511],[-74.8219,39.051],[-74.82,39.0519],[-74.8177,39.0518],[-74.8179,39.0504],[-74.817,39.0481],[-74.8154,39.0474],[-74.8131,39.0461],[-74.8119,39.0434],[-74.8104,39.0423],[-74.8084,39.0399],[-74.8015,39.0362],[-74.8036,39.0336],[-74.8051,39.0333],[-74.8067,39.0342],[-74.8102,39.0327],[-74.812,39.0307],[-74.8141,39.0266],[-74.8152,39.0266],[-74.8171,39.0294],[-74.819,39.0301],[-74.8228,39.0292],[-74.8287,39.0295],[-74.8301,39.0269],[-74.83,39.0234],[-74.833,39.0249],[-74.8352,39.0247],[-74.8368,39.0234],[-74.8359,39.0199],[-74.8366,39.0192],[-74.8393,39.019],[-74.841,39.0184],[-74.8415,39.0182],[-74.847,39.0183],[-74.8477,39.0195],[-74.8483,39.0208],[-74.8504,39.0217],[-74.8492,39.0205],[-74.8488,39.0192],[-74.8477,39.0183],[-74.8458,39.0175],[-74.8467,39.0171],[-74.848,39.0159],[-74.8473,39.0139],[-74.8481,39.0133],[-74.8478,39.0127],[-74.8493,39.0116],[-74.8505,39.0102],[-74.8525,39.0064],[-74.8518,39.0056],[-74.8511,39.0043],[-74.8523,39.0005],[-74.8528,39.0001],[-74.8527,38.9983],[-74.852,38.9967],[-74.8504,38.9956],[-74.8457,38.9952],[-74.8435,38.9941],[-74.841,38.9902],[-74.8418,38.9869],[-74.8451,38.9846],[-74.8455,38.9817],[-74.8479,38.9812],[-74.8507,38.9794],[-74.8506,38.9788],[-74.8569,38.9753],[-74.8587,38.9749],[-74.8593,38.9738],[-74.8627,38.9733],[-74.8639,38.9724],[-74.8652,38.9744],[-74.8649,38.9724],[-74.8657,38.9716],[-74.8686,38.9729],[-74.8712,38.9725],[-74.8722,38.9717],[-74.8739,38.9716],[-74.8766,38.9699],[-74.8818,38.9698],[-74.8865,38.9655],[-74.8868,38.963],[-74.8854,38.9615],[-74.8826,38.9607],[-74.8809,38.9596],[-74.8814,38.9584],[-74.8807,38.9567],[-74.8773,38.9546],[-74.8776,38.9535],[-74.8805,38.9535],[-74.883,38.9539],[-74.8838,38.9551],[-74.8843,38.9549],[-74.8839,38.9538],[-74.8852,38.9541],[-74.8876,38.954],[-74.8889,38.9538],[-74.8898,38.9525],[-74.8912,38.9533],[-74.8921,38.9528],[-74.8943,38.9525],[-74.8918,38.9543],[-74.8963,38.9529],[-74.8994,38.9531],[-74.9017,38.9527],[-74.9016,38.9536],[-74.9001,38.9534],[-74.8999,38.9549],[-74.9022,38.9553],[-74.9025,38.9529],[-74.904,38.9522],[-74.9038,38.951],[-74.9053,38.9521],[-74.9061,38.9511],[-74.9046,38.9504],[-74.9054,38.9487],[-74.9057,38.9482],[-74.905,38.9472],[-74.9023,38.9449],[-74.8955,38.9462],[-74.8907,38.948],[-74.8908,38.9487],[-74.8916,38.9485],[-74.8916,38.9487],[-74.8908,38.9489],[-74.8909,38.9492],[-74.8919,38.9491],[-74.892,38.9493],[-74.8907,38.9495],[-74.8902,38.9485],[-74.8895,38.9487],[-74.8897,38.9492],[-74.8891,38.9488],[-74.888,38.949],[-74.8889,38.9497],[-74.8877,38.949],[-74.8871,38.9491],[-74.8871,38.9496],[-74.8868,38.9491],[-74.8811,38.95],[-74.8776,38.95],[-74.8759,38.9494],[-74.8705,38.9435],[-74.8762,38.9421],[-74.877,38.9424],[-74.8782,38.9422],[-74.8823,38.9418],[-74.8936,38.937],[-74.8945,38.9361],[-74.898,38.9354],[-74.9062,38.932],[-74.907,38.932],[-74.9121,38.9304],[-74.9136,38.9306],[-74.9167,38.9296],[-74.9189,38.9298],[-74.9204,38.9291],[-74.9254,38.9287],[-74.9259,38.9293],[-74.9271,38.9296],[-74.9336,38.9285],[-74.9342,38.9304],[-74.9388,38.9316],[-74.9396,38.9317],[-74.9484,38.932],[-74.954,38.9311],[-74.9556,38.9313],[-74.9598,38.9311],[-74.9635,38.9312],[-74.9654,38.9323],[-74.9672,38.9331],[-74.9684,38.9346],[-74.9685,38.9354],[-74.97,38.9366],[-74.97,38.9376],[-74.972,38.9404],[-74.9702,38.9417],[-74.9705,38.9439],[-74.9629,38.9631],[-74.9639,38.9678],[-74.9606,38.979],[-74.9611,38.9797],[-74.959,38.9873],[-74.9589,38.9884],[-74.9568,38.9963],[-74.9557,39.0001],[-74.951,39.0121],[-74.9465,39.021],[-74.9359,39.0389],[-74.9193,39.0643],[-74.9058,39.0842],[-74.8992,39.0956],[-74.8925,39.1132],[-74.8914,39.1203],[-74.8914,39.1271],[-74.8899,39.1282],[-74.8896,39.1404],[-74.8879,39.1413],[-74.8859,39.1436],[-74.8866,39.1569],[-74.8877,39.1594],[-74.8912,39.1601],[-74.8923,39.1615],[-74.8922,39.1629],[-74.8923,39.1638],[-74.8947,39.1658],[-74.8994,39.171],[-74.9037,39.1743],[-74.9147,39.1778],[-74.9159,39.1761],[-74.9168,39.1757],[-74.9213,39.1767],[-74.9376,39.184],[-74.9423,39.185],[-74.9518,39.1881],[-74.9579,39.1891],[-74.9685,39.1913],[-74.9763,39.1923],[-74.9772,39.1928],[-74.978,39.1917],[-74.9824,39.1917],[-74.9945,39.1921],[-75.0002,39.191],[-75.0037,39.1908],[-75.0051,39.191],[-75.0152,39.1931],[-75.0262,39.1936],[-75.0289,39.1946],[-75.0278,39.1995],[-75.0236,39.2026],[-75.0234,39.205],[-75.0249,39.2055],[-75.0259,39.2094],[-75.0286,39.211],[-75.0301,39.2114],[-75.0306,39.213],[-75.0344,39.2143],[-75.0357,39.2154],[-75.0372,39.2146],[-75.0384,39.2153],[-75.0414,39.2153],[-75.0417,39.2155],[-75.0441,39.2129],[-75.0467,39.2109],[-75.0476,39.2108],[-75.0482,39.2125],[-75.0492,39.2131],[-75.0523,39.2136],[-75.0585,39.2133],[-75.0625,39.2136],[-75.0655,39.2126],[-75.0705,39.2116],[-75.0733,39.211],[-75.0779,39.2106],[-75.0812,39.2096],[-75.0872,39.2082],[-75.0917,39.2099],[-75.0937,39.2098],[-75.0991,39.2109],[-75.1007,39.2115],[-75.1028,39.2117],[-75.1055,39.2112],[-75.1073,39.2114],[-75.108,39.2106],[-75.1087,39.2096],[-75.1112,39.2095],[-75.1147,39.2076],[-75.1146,39.2074],[-75.1153,39.2057],[-75.1163,39.2055],[-75.1189,39.2023],[-75.1188,39.201],[-75.1235,39.1951],[-75.1234,39.1939],[-75.1246,39.1916],[-75.1257,39.19],[-75.1271,39.1898],[-75.1289,39.1885],[-75.1294,39.1876],[-75.1304,39.1873],[-75.1315,39.1863],[-75.1327,39.1844],[-75.1348,39.1831],[-75.135,39.1816],[-75.1365,39.1794],[-75.1391,39.18],[-75.1401,39.1822],[-75.1421,39.1839],[-75.144,39.1865],[-75.1458,39.186],[-75.1471,39.1863],[-75.1478,39.1876],[-75.1516,39.1884],[-75.1537,39.1897],[-75.154,39.1904],[-75.1557,39.1917],[-75.1578,39.1955],[-75.1597,39.1966],[-75.1605,39.1965],[-75.1631,39.1982],[-75.1629,39.1989],[-75.1664,39.2026],[-75.1676,39.2016],[-75.1684,39.2028],[-75.1671,39.2074],[-75.1663,39.2077],[-75.1649,39.2102],[-75.1631,39.2106],[-75.1608,39.2117],[-75.1629,39.2137],[-75.1631,39.2149],[-75.1642,39.2153],[-75.1642,39.216],[-75.1669,39.2174],[-75.1675,39.2187],[-75.1664,39.2224],[-75.1678,39.2251],[-75.1683,39.2279],[-75.1704,39.2346],[-75.1719,39.2368],[-75.1775,39.2427],[-75.179,39.2426],[-75.1799,39.2442],[-75.1826,39.2447],[-75.1855,39.2465],[-75.1874,39.2459],[-75.1899,39.2439],[-75.1927,39.2453],[-75.1964,39.2501],[-75.1969,39.2522],[-75.1978,39.254],[-75.1975,39.2552],[-75.1989,39.2556],[-75.1996,39.2568],[-75.2007,39.2574],[-75.2024,39.2594],[-75.2051,39.2609],[-75.2047,39.2612],[-75.2045,39.2618],[-75.208,39.2633],[-75.2106,39.2632],[-75.2113,39.2625],[-75.2193,39.2656],[-75.2225,39.267],[-75.2247,39.2673],[-75.2269,39.2688],[-75.2275,39.2688],[-75.2304,39.2707],[-75.2385,39.2725],[-75.2409,39.2736],[-75.2425,39.2756],[-75.2447,39.2768],[-75.2451,39.2777],[-75.2445,39.2776],[-75.2437,39.2782],[-75.243,39.2804],[-75.2423,39.2813],[-75.239,39.2825],[-75.2394,39.2842],[-75.2399,39.2847],[-75.2444,39.2857],[-75.2476,39.2915],[-75.2502,39.2935],[-75.2516,39.2951],[-75.2531,39.2963],[-75.2523,39.298],[-75.2496,39.2976],[-75.2496,39.2985],[-75.2518,39.2999],[-75.2595,39.3016],[-75.2618,39.3017],[-75.2644,39.3026],[-75.2678,39.3031],[-75.2682,39.3041],[-75.2716,39.304],[-75.2746,39.3018],[-75.2755,39.302],[-75.2771,39.2993],[-75.2771,39.2994],[-75.281,39.2992],[-75.2826,39.2991],[-75.2835,39.2974],[-75.2835,39.2964],[-75.2847,39.294],[-75.2852,39.2912],[-75.2886,39.2892],[-75.2887,39.2905],[-75.2897,39.291],[-75.2907,39.2907],[-75.2919,39.2922],[-75.297,39.2951],[-75.3001,39.298],[-75.3001,39.2988],[-75.3008,39.2995],[-75.3015,39.2992],[-75.3039,39.3008],[-75.3055,39.3015],[-75.3074,39.3036],[-75.3083,39.3038],[-75.3136,39.3085],[-75.3163,39.3126],[-75.3171,39.3155],[-75.3197,39.319],[-75.3212,39.3216],[-75.3236,39.3282],[-75.3247,39.3293],[-75.3248,39.3307],[-75.3259,39.3315],[-75.3271,39.3334],[-75.3276,39.3392],[-75.3261,39.3391],[-75.326,39.3405],[-75.3295,39.341],[-75.3312,39.3421],[-75.3322,39.3419],[-75.3333,39.3424],[-75.333,39.3445],[-75.3337,39.3453],[-75.3359,39.3456],[-75.3362,39.3466],[-75.3397,39.3476],[-75.3417,39.3486],[-75.3426,39.3486],[-75.3471,39.349],[-75.3477,39.3487],[-75.3498,39.3486],[-75.3556,39.3478],[-75.3564,39.347],[-75.358,39.3463],[-75.3572,39.3441],[-75.3566,39.3422],[-75.3581,39.3411],[-75.3581,39.3404],[-75.3598,39.3391],[-75.3604,39.3396],[-75.3647,39.3411],[-75.3658,39.344],[-75.3682,39.3474],[-75.3682,39.3486],[-75.3702,39.3514],[-75.3715,39.3521],[-75.3731,39.353],[-75.3769,39.3542],[-75.3782,39.3538],[-75.3785,39.3543],[-75.3812,39.3541],[-75.3887,39.3574],[-75.3926,39.3606],[-75.3939,39.3631],[-75.395,39.3667],[-75.3946,39.3693],[-75.3952,39.3708],[-75.3947,39.3716],[-75.3954,39.3729],[-75.397,39.3732],[-75.3975,39.3746],[-75.3985,39.3748],[-75.3988,39.3755],[-75.398,39.3763],[-75.398,39.3769],[-75.3974,39.3774],[-75.3983,39.378],[-75.3993,39.3795],[-75.4007,39.3796],[-75.4011,39.3805],[-75.4026,39.3809],[-75.4051,39.3802],[-75.4064,39.3813],[-75.4074,39.3864],[-75.4087,39.3878],[-75.411,39.3878],[-75.4121,39.387],[-75.4125,39.3849],[-75.4131,39.3846],[-75.4164,39.3874],[-75.4169,39.3873],[-75.4186,39.3869],[-75.4212,39.3869],[-75.4239,39.3863],[-75.4279,39.3877],[-75.4314,39.3903],[-75.4324,39.3925],[-75.4347,39.3936],[-75.4341,39.3948],[-75.4348,39.3958],[-75.4357,39.396],[-75.4368,39.3973],[-75.4372,39.3986],[-75.4392,39.399],[-75.4398,39.4001],[-75.439,39.4006],[-75.4409,39.402],[-75.4424,39.4023],[-75.4433,39.4041],[-75.442,39.4043],[-75.443,39.4065],[-75.4442,39.4059],[-75.4458,39.4086],[-75.447,39.4093],[-75.4472,39.4112],[-75.4489,39.4122],[-75.4513,39.4157],[-75.4514,39.4163],[-75.4529,39.4166],[-75.4552,39.4212],[-75.4577,39.4235],[-75.4573,39.4248],[-75.4582,39.4264],[-75.459,39.4266],[-75.4587,39.4282],[-75.4594,39.4301],[-75.4621,39.4299],[-75.4617,39.4307],[-75.4621,39.4349],[-75.463,39.4359],[-75.4647,39.4367],[-75.4643,39.438],[-75.4657,39.4391],[-75.4694,39.439],[-75.4716,39.4384],[-75.4727,39.4372],[-75.4746,39.4384],[-75.4763,39.4381],[-75.4764,39.4373],[-75.4775,39.4375],[-75.4776,39.4389],[-75.4801,39.4399],[-75.4811,39.4397],[-75.481,39.4406],[-75.4836,39.4408],[-75.4852,39.4421],[-75.4861,39.4427],[-75.4859,39.4433],[-75.4868,39.4438],[-75.4875,39.4435],[-75.4886,39.4467],[-75.4897,39.4483],[-75.4906,39.4482],[-75.4926,39.4489],[-75.4952,39.4493],[-75.4985,39.4489],[-75.4992,39.4483],[-75.5025,39.4511],[-75.5039,39.4515],[-75.5039,39.4524],[-75.5057,39.4529],[-75.5069,39.4552],[-75.5067,39.4567],[-75.5084,39.4591],[-75.5098,39.4594],[-75.5155,39.4591],[-75.5183,39.4604],[-75.534,39.4609],[-75.5351,39.4603],[-75.5368,39.4609],[-75.5414,39.4668],[-75.543,39.471],[-75.5443,39.4809],[-75.5427,39.4966],[-75.5281,39.4983],[-75.528,39.4993],[-75.5271,39.5001],[-75.528,39.5004],[-75.5294,39.5012],[-75.5301,39.5048],[-75.5297,39.512],[-75.5275,39.5156],[-75.5274,39.5174],[-75.5283,39.5181],[-75.5269,39.5256],[-75.5267,39.5302],[-75.5274,39.5323],[-75.5276,39.5351],[-75.5316,39.5368],[-75.534,39.5402],[-75.5334,39.542],[-75.527,39.5477],[-75.519,39.5554],[-75.5136,39.5647],[-75.5324,39.565],[-75.5558,39.5633],[-75.563,39.5622],[-75.564,39.5609],[-75.5656,39.5583],[-75.5676,39.5513],[-75.5694,39.5391],[-75.5695,39.5359],[-75.5689,39.5344],[-75.57,39.5275],[-75.5719,39.5222],[-75.5725,39.5186],[-75.5754,39.5159],[-75.5749,39.5125],[-75.5771,39.5073],[-75.5839,39.5009],[-75.5848,39.4997],[-75.586,39.4993],[-75.5869,39.4983],[-75.5871,39.4964],[-75.5877,39.4962],[-75.5881,39.4901],[-75.5919,39.4866],[-75.592,39.4841],[-75.5917,39.4813],[-75.5931,39.4792],[-75.5917,39.4666],[-75.5892,39.4607],[-75.5845,39.4546],[-75.5802,39.451],[-75.5789,39.4479],[-75.578,39.4461],[-75.5751,39.4455],[-75.5737,39.4457],[-75.5706,39.4428],[-75.5718,39.4389],[-75.5685,39.4367],[-75.5665,39.4366],[-75.5629,39.4344],[-75.5621,39.4333],[-75.5584,39.4316],[-75.5574,39.4306],[-75.5559,39.4304],[-75.5524,39.4269],[-75.5509,39.426],[-75.5497,39.4235],[-75.5469,39.4216],[-75.5426,39.4199],[-75.5382,39.416],[-75.5374,39.4119],[-75.5344,39.407],[-75.5323,39.4039],[-75.5304,39.4017],[-75.5275,39.3965],[-75.5255,39.3947],[-75.5242,39.3931],[-75.5232,39.392],[-75.5236,39.3916],[-75.5214,39.3878],[-75.5206,39.3872],[-75.5213,39.3856],[-75.5212,39.3818],[-75.5191,39.3798],[-75.5156,39.378],[-75.5153,39.3771],[-75.5162,39.3764],[-75.5158,39.3715],[-75.5153,39.371],[-75.5152,39.3689],[-75.5144,39.3683],[-75.5147,39.3674],[-75.513,39.3662],[-75.5124,39.3657],[-75.5104,39.364],[-75.5098,39.3631],[-75.508,39.3622],[-75.5053,39.3592],[-75.5021,39.3579],[-75.5011,39.3571],[-75.4942,39.3546],[-75.4918,39.3518],[-75.4927,39.3504],[-75.4937,39.3499],[-75.4941,39.3466],[-75.4904,39.3428],[-75.4862,39.3422],[-75.4847,39.3407],[-75.4796,39.3393],[-75.48,39.3366],[-75.4745,39.3333],[-75.4728,39.333],[-75.4693,39.3308],[-75.4645,39.3296],[-75.4604,39.3282],[-75.4561,39.3254],[-75.4545,39.3231],[-75.4539,39.3201],[-75.4508,39.317],[-75.4471,39.3157],[-75.4417,39.3146],[-75.4383,39.3127],[-75.4369,39.3094],[-75.4366,39.3044],[-75.437,39.2992],[-75.4356,39.2975],[-75.4353,39.2947],[-75.4341,39.2936],[-75.4339,39.2904],[-75.4253,39.2823],[-75.4185,39.2747],[-75.4154,39.2717],[-75.4134,39.2689],[-75.4122,39.2683],[-75.4113,39.267],[-75.4084,39.2647],[-75.4071,39.2619],[-75.403,39.2546],[-75.4035,39.2501],[-75.4051,39.2475],[-75.4044,39.246],[-75.4056,39.2453],[-75.4062,39.2442],[-75.4024,39.2402],[-75.4016,39.2312],[-75.4037,39.2259],[-75.4057,39.2238],[-75.4042,39.2221],[-75.4029,39.2217],[-75.4005,39.2185],[-75.3969,39.2161],[-75.3959,39.213],[-75.3964,39.2109],[-75.3951,39.207],[-75.393,39.2045],[-75.3934,39.2006],[-75.393,39.1996],[-75.3943,39.1944],[-75.395,39.1877],[-75.3998,39.1867],[-75.4007,39.1845],[-75.4031,39.1814],[-75.408,39.1748],[-75.4082,39.1721],[-75.4087,39.1717],[-75.4095,39.1654],[-75.4086,39.165],[-75.4085,39.164],[-75.4079,39.1612],[-75.4086,39.1607],[-75.4093,39.1585],[-75.4093,39.1572],[-75.4106,39.1562],[-75.4122,39.1531],[-75.4109,39.1479],[-75.4111,39.1473],[-75.41,39.1471],[-75.4093,39.1431],[-75.4097,39.1414],[-75.4087,39.1376],[-75.4081,39.1329],[-75.4073,39.1298],[-75.4077,39.1251],[-75.407,39.1193],[-75.4061,39.1179],[-75.4051,39.1127],[-75.4034,39.1083],[-75.4004,39.0981],[-75.4023,39.076],[-75.4015,39.0677],[-75.402,39.0668],[-75.4003,39.0657],[-75.3996,39.0657],[-75.3964,39.0607],[-75.3954,39.0596],[-75.396,39.0586],[-75.396,39.0578],[-75.3931,39.0551],[-75.3898,39.0522],[-75.3879,39.0511],[-75.3799,39.0488],[-75.3746,39.0444],[-75.3703,39.0422],[-75.3698,39.0425],[-75.3614,39.0354],[-75.3458,39.0249],[-75.3409,39.02],[-75.3179,38.9874],[-75.3148,38.9803],[-75.3136,38.9745],[-75.3116,38.9676],[-75.312,38.953],[-75.3125,38.9493],[-75.3117,38.946],[-75.3141,38.9471],[-75.3134,38.9502],[-75.3196,38.9535],[-75.3271,38.9485],[-75.3321,38.9506],[-75.3339,38.9478],[-75.3389,38.9462],[-75.3437,38.9473],[-75.3422,38.9516],[-75.3446,38.9554],[-75.3498,38.9477],[-75.3522,38.9476],[-75.3564,38.9514],[-75.357,38.9544],[-75.3605,38.9578],[-75.3663,38.9538],[-75.3682,38.9573],[-75.3677,38.9599],[-75.3697,38.9636],[-75.3766,38.9603],[-75.3808,38.9617],[-75.3825,38.9558],[-75.389,38.9544],[-75.3917,38.9565],[-75.3932,38.9555],[-75.3932,38.9531],[-75.4005,38.9476],[-75.4011,38.9458],[-75.3982,38.941],[-75.4024,38.9375],[-75.4001,38.9354],[-75.3971,38.936],[-75.3951,38.9333],[-75.3961,38.9321],[-75.3989,38.9322],[-75.4006,38.931],[-75.3997,38.9261],[-75.4021,38.9248],[-75.4032,38.9222],[-75.4014,38.9194],[-75.402,38.9177],[-75.4045,38.9171],[-75.4056,38.9191],[-75.4091,38.9197],[-75.4084,38.9166],[-75.4109,38.9165],[-75.4109,38.9174],[-75.4162,38.918],[-75.4184,38.9166],[-75.4174,38.9143],[-75.4189,38.9133],[-75.4204,38.9151],[-75.4271,38.9133],[-75.43,38.9136],[-75.4316,38.912],[-75.4343,38.9107],[-75.4403,38.913],[-75.4472,38.9127],[-75.4597,38.9094],[-75.4648,38.9113],[-75.477,38.9059],[-75.4847,38.9038],[-75.485,38.9037],[-75.4889,38.898],[-75.4872,38.8949],[-75.4897,38.8894],[-75.4909,38.8881],[-75.4942,38.8875],[-75.4968,38.8827],[-75.5006,38.881],[-75.5042,38.8813],[-75.5079,38.8791],[-75.5163,38.8639],[-75.5178,38.861],[-75.5203,38.8559],[-75.5355,38.8499],[-75.5352,38.8482],[-75.5404,38.8427],[-75.544,38.8431],[-75.548,38.8415],[-75.5549,38.8357],[-75.5555,38.8357],[-75.7166,38.8302],[-75.7227,38.8309],[-75.7256,38.8682],[-75.7298,38.9187],[-75.7309,38.9329],[-75.7329,38.9575],[-75.7345,38.9762],[-75.7361,38.9953],[-75.7388,39.0297],[-75.7398,39.0437],[-75.7407,39.0556],[-75.7422,39.074],[-75.7427,39.0803],[-75.7429,39.0827],[-75.7477,39.1433],[-75.7511,39.1783],[-75.7524,39.1993],[-75.756,39.246],[-75.7585,39.2766],[-75.76,39.2966],[-75.7603,39.3012],[-75.7667,39.3772],[-75.7679,39.3932],[-75.7721,39.4454],[-75.7762,39.4944],[-75.7795,39.5354],[-75.7795,39.5362],[-75.7799,39.5408],[-75.7828,39.5776],[-75.7876,39.6385],[-75.7886,39.6545],[-75.7884,39.7218],[-75.8116,39.7219],[-75.8412,39.7219],[-75.8418,39.7219],[-75.8747,39.7221],[-75.937,39.7218],[-75.9371,39.7218],[-75.9621,39.7217],[-75.9986,39.7216],[-76.0276,39.7218],[-76.1241,39.7214],[-76.1355,39.7216],[-76.1364,39.7254],[-76.1343,39.7271],[-76.1288,39.7278],[-76.1244,39.7271],[-76.1244,39.7263],[-76.1222,39.7235],[-76.1193,39.7235],[-76.1185,39.7237],[-76.1175,39.7251],[-76.1181,39.7288],[-76.119,39.7303],[-76.1189,39.7317],[-76.1195,39.7351],[-76.1189,39.7359],[-76.1169,39.7361],[-76.1156,39.7368],[-76.1136,39.7371],[-76.1086,39.7347],[-76.1095,39.7328],[-76.1112,39.7281],[-76.1064,39.7243],[-76.1045,39.7238],[-76.1022,39.724],[-76.1007,39.7266],[-76.0957,39.7298],[-76.0925,39.7339],[-76.0949,39.7364],[-76.0989,39.7388],[-76.1008,39.7403],[-76.1009,39.7418],[-76.0996,39.7431],[-76.0987,39.7459],[-76.0974,39.7466],[-76.0957,39.7434],[-76.0918,39.7417],[-76.0879,39.7423],[-76.0844,39.7475],[-76.0844,39.7501],[-76.0826,39.7529],[-76.0832,39.7545],[-76.0847,39.7549],[-76.0857,39.7561],[-76.0842,39.7585],[-76.0822,39.7612],[-76.0807,39.7615],[-76.077,39.7619],[-76.0676,39.7596],[-76.0667,39.76],[-76.065,39.7618],[-76.0625,39.7647],[-76.0644,39.7693],[-76.0646,39.771],[-76.0614,39.7744],[-76.0604,39.7753],[-76.0584,39.7798],[-76.0553,39.7805],[-76.0507,39.7827],[-76.0496,39.784],[-76.0496,39.785],[-76.0482,39.7895],[-76.044,39.7913],[-76.0436,39.7919],[-76.0452,39.7933],[-76.0449,39.7939],[-76.0432,39.7946],[-76.0423,39.7957],[-76.0453,39.8006],[-76.0496,39.8025],[-76.0498,39.803],[-76.0483,39.804],[-76.0463,39.8038],[-76.0397,39.8009],[-76.0388,39.8013],[-76.0351,39.8068],[-76.0349,39.8095],[-76.0353,39.8106],[-76.0336,39.8118],[-76.0305,39.8135],[-76.0304,39.8157],[-76.0316,39.8179],[-76.0379,39.8215],[-76.0387,39.8244],[-76.038,39.8256],[-76.0353,39.8254],[-76.0327,39.8243],[-76.0266,39.8246],[-76.0253,39.8253],[-76.0235,39.8282],[-76.023,39.8303],[-76.0225,39.8308],[-76.0182,39.8305],[-76.0175,39.8305],[-76.0166,39.8312],[-76.0169,39.8324],[-76.0171,39.8353],[-76.0172,39.8362],[-76.0171,39.8381],[-76.0188,39.8402],[-76.0178,39.8407],[-76.0179,39.8413],[-76.0179,39.8441],[-76.0185,39.8446],[-76.0187,39.8455],[-76.0178,39.8469],[-76.0185,39.849],[-76.0199,39.8488],[-76.019,39.8509],[-76.0171,39.853],[-76.0137,39.8524],[-76.0124,39.8528],[-76.008,39.8523],[-76.0072,39.8539],[-76.0075,39.8556],[-76.0068,39.8584],[-76.007,39.8593],[-76.0058,39.8629],[-76.0061,39.8642],[-76.0041,39.8705],[-76.0044,39.8727],[-76.0016,39.8746],[-76.0011,39.8747],[-76.0006,39.8746],[-75.9981,39.8737],[-75.9973,39.8727],[-75.998,39.8724],[-75.9975,39.8715],[-75.9917,39.8687],[-75.9904,39.871],[-75.9878,39.8723],[-75.9871,39.874],[-75.987,39.8753],[-75.9895,39.8794],[-75.9903,39.8808],[-75.9909,39.8822],[-75.9901,39.8829],[-75.9898,39.8851],[-75.991,39.8856],[-75.9912,39.8876],[-75.9891,39.8888],[-75.9899,39.8891],[-75.9896,39.89],[-75.9865,39.8926],[-75.9869,39.8939],[-75.9872,39.8937],[-75.9878,39.8945],[-75.993,39.8988],[-75.9948,39.8984],[-75.9945,39.9025],[-75.9953,39.9037],[-75.9954,39.9046],[-75.9971,39.9087],[-75.9973,39.9102],[-75.9954,39.9115],[-75.9959,39.9142],[-75.9949,39.9165],[-75.997,39.9226],[-75.9959,39.9246],[-75.9963,39.9251],[-75.9974,39.9277],[-75.9967,39.9288],[-75.9949,39.9278],[-75.9923,39.9267],[-75.9914,39.9269],[-75.9915,39.9281],[-75.9912,39.9291],[-75.9851,39.9298],[-75.9816,39.9313],[-75.982,39.9303],[-75.9816,39.9295],[-75.9801,39.9292],[-75.98,39.9312],[-75.9799,39.9331],[-75.9837,39.9371],[-75.9843,39.9375],[-75.9855,39.9384],[-75.9881,39.9399],[-75.9891,39.9428],[-75.9897,39.9448],[-75.9913,39.9451],[-75.9921,39.946],[-75.9922,39.9462],[-75.9911,39.9477],[-75.9943,39.9519],[-75.9942,39.9534],[-75.9921,39.9553],[-75.9899,39.9593],[-75.988,39.9621],[-75.9862,39.964],[-75.9866,39.968],[-75.9835,39.9717],[-75.9795,39.9779],[-75.9723,39.9875],[-75.966,39.9937],[-75.9647,39.9972],[-75.9516,40.0161],[-75.9452,40.0241],[-75.9448,40.0249],[-75.9435,40.0276],[-75.9399,40.0319],[-75.9365,40.0375],[-75.9362,40.0391],[-75.9352,40.0401],[-75.9349,40.0418],[-75.9348,40.0472],[-75.9353,40.0495],[-75.936,40.0654],[-75.9362,40.0806],[-75.9372,40.0825],[-75.9391,40.0907],[-75.9432,40.1065],[-75.9436,40.1084],[-75.9326,40.1128],[-75.9311,40.1145],[-75.9259,40.1159],[-75.9191,40.1191],[-75.9151,40.1207],[-75.8809,40.1339],[-75.8732,40.1377],[-75.874,40.1387],[-75.8819,40.1426],[-75.924,40.17],[-75.9273,40.173],[-75.9295,40.1738],[-75.9413,40.1812],[-75.943,40.1823],[-75.9449,40.1836],[-75.9808,40.2069],[-75.9839,40.2079],[-75.9906,40.2138],[-75.9969,40.216],[-75.9983,40.2178],[-76.0133,40.2286],[-76.0216,40.2338],[-76.0283,40.2372],[-76.0313,40.2404],[-76.0385,40.2437],[-76.0436,40.247],[-76.045,40.2479],[-76.0487,40.2509],[-76.0609,40.258],[-76.0634,40.2602],[-76.0892,40.276],[-76.0919,40.2777],[-76.1031,40.2849],[-76.1109,40.2912],[-76.1126,40.2921],[-76.1171,40.2944],[-76.1316,40.3031],[-76.1389,40.3078],[-76.1514,40.3158],[-76.1619,40.3243],[-76.1667,40.3272],[-76.1733,40.3337],[-76.1773,40.3364],[-76.19,40.3474],[-76.1984,40.3548],[-76.2055,40.3607],[-76.2241,40.3644],[-76.2323,40.3662],[-76.2434,40.3734],[-76.2611,40.3843],[-76.2673,40.3881],[-76.3086,40.4142],[-76.3121,40.4165],[-76.3175,40.4189],[-76.3201,40.4209],[-76.3249,40.4245],[-76.341,40.4342],[-76.3532,40.4421],[-76.359,40.4456],[-76.3644,40.4487],[-76.3749,40.4566],[-76.3755,40.4569],[-76.3756,40.457],[-76.3809,40.4593],[-76.4038,40.4733],[-76.4402,40.496],[-76.4374,40.4962],[-76.4344,40.4956],[-76.4287,40.4955],[-76.4183,40.4958],[-76.4059,40.4987],[-76.4052,40.4993],[-76.3851,40.5055],[-76.3783,40.506],[-76.3691,40.5096],[-76.3575,40.5105],[-76.3514,40.5115],[-76.3458,40.513],[-76.3389,40.5152],[-76.3303,40.5159],[-76.3261,40.5145],[-76.3224,40.5142],[-76.3131,40.516],[-76.3023,40.5147],[-76.2873,40.5157],[-76.2722,40.5176],[-76.2645,40.5168],[-76.2572,40.5169],[-76.2445,40.5198],[-76.2401,40.5205],[-76.2354,40.5209],[-76.2321,40.5226],[-76.2275,40.5243],[-76.2239,40.5269],[-76.2193,40.5287],[-76.2141,40.5294],[-76.2102,40.5293],[-76.2046,40.5303],[-76.1967,40.5312],[-76.1912,40.5341],[-76.1848,40.536],[-76.1716,40.5349],[-76.1654,40.5398],[-76.1601,40.5404],[-76.1551,40.5452],[-76.1504,40.5446],[-76.1454,40.5513],[-76.136,40.5474],[-76.1356,40.5501],[-76.1366,40.5516],[-76.1348,40.5534],[-76.1273,40.5554],[-76.1258,40.5555],[-76.1228,40.5568],[-76.1159,40.5589],[-76.1125,40.5603],[-76.1067,40.562],[-76.1028,40.5623],[-76.0794,40.5661],[-76.065,40.5798],[-76.0613,40.5799],[-76.0579,40.58],[-76.0573,40.5762],[-76.0555,40.5749],[-76.0535,40.5743],[-76.0509,40.5754],[-76.0474,40.5797],[-76.0459,40.5832],[-76.0438,40.5841],[-76.04,40.5838],[-76.0373,40.5819],[-76.0361,40.5796],[-76.0334,40.5777],[-76.032,40.5773],[-76.0289,40.5782],[-76.0261,40.5786],[-76.0248,40.5779],[-76.0227,40.5749],[-76.0204,40.5728],[-76.0169,40.5724],[-76.0154,40.5733],[-76.015,40.5757],[-76.0132,40.5772],[-76.0121,40.5776],[-76.0111,40.5848],[-76.0058,40.5986],[-76.0032,40.6097],[-75.9977,40.626],[-75.9957,40.6323],[-75.9932,40.6397],[-75.8937,40.6764],[-75.8915,40.6773],[-75.8559,40.6925],[-75.8417,40.6931],[-75.8232,40.7017],[-75.8206,40.7033],[-75.8088,40.7072],[-75.8066,40.7091],[-75.8032,40.7107],[-75.7978,40.7165],[-75.7806,40.7246],[-75.7787,40.7291],[-75.7712,40.7297],[-75.7667,40.7305],[-75.7578,40.7354],[-75.7575,40.7355],[-75.7449,40.7403],[-75.7381,40.745],[-75.7337,40.749],[-75.7319,40.7522],[-75.7282,40.7543],[-75.7032,40.7622],[-75.7016,40.7647],[-75.6993,40.7663],[-75.6936,40.7709],[-75.6884,40.7723],[-75.6872,40.7736],[-75.6842,40.7745],[-75.6803,40.7752],[-75.6761,40.7765],[-75.6693,40.7776],[-75.6657,40.7777],[-75.6564,40.7794],[-75.6522,40.7795],[-75.6412,40.7812],[-75.6099,40.7872],[-75.609,40.7873],[-75.6026,40.7881],[-75.5984,40.7901],[-75.5955,40.7933],[-75.5782,40.7992],[-75.5748,40.7991],[-75.5651,40.8011],[-75.5575,40.8012],[-75.5513,40.8046],[-75.5414,40.8064],[-75.5346,40.806],[-75.5283,40.8063],[-75.5191,40.8088],[-75.508,40.8091],[-75.4958,40.811],[-75.4785,40.8131],[-75.4742,40.8147],[-75.4715,40.8153],[-75.4551,40.818],[-75.4408,40.8187],[-75.4204,40.8233],[-75.4169,40.826],[-75.4144,40.8263],[-75.385,40.8297],[-75.3833,40.8311],[-75.3791,40.8325],[-75.3737,40.8344],[-75.3398,40.8459],[-75.3209,40.8557],[-75.3152,40.8568],[-75.3008,40.8594],[-75.2948,40.8622],[-75.2921,40.8636],[-75.2913,40.8639],[-75.2878,40.864],[-75.2833,40.8663],[-75.2795,40.8699],[-75.2733,40.8733],[-75.2672,40.8825],[-75.2496,40.891],[-75.2471,40.8918],[-75.2436,40.8951],[-75.2387,40.8977],[-75.2343,40.8992],[-75.2324,40.8998],[-75.241,40.9095],[-75.2395,40.9099],[-75.2315,40.9138],[-75.2257,40.9176],[-75.2218,40.9196],[-75.2212,40.9221],[-75.2198,40.9246],[-75.219,40.9276],[-75.217,40.9286],[-75.2159,40.9299],[-75.2113,40.9323],[-75.1971,40.9363],[-75.1933,40.936],[-75.192,40.9369],[-75.1883,40.9371],[-75.1806,40.9389],[-75.1781,40.9403],[-75.178,40.9411],[-75.1773,40.9426],[-75.1767,40.9457],[-75.1709,40.9478],[-75.1618,40.9483],[-75.1602,40.9485],[-75.1566,40.9488],[-75.1484,40.9502],[-75.139,40.9544],[-75.1289,40.9588],[-75.1207,40.9681],[-75.1204,40.9683],[-75.1191,40.9582],[-75.1001,40.9298],[-75.0874,40.9187],[-75.077,40.9099],[-75.0739,40.8922],[-75.0507,40.8682],[-75.054,40.8592],[-75.066,40.8476],[-75.069,40.8473],[-75.0708,40.848],[-75.0921,40.8496],[-75.0976,40.841],[-75.0874,40.8315],[-75.0838,40.8276],[-75.084,40.8243],[-75.1016,40.8037],[-75.1038,40.796],[-75.1107,40.7902],[-75.1259,40.7841],[-75.1344,40.7738],[-75.1662,40.7785],[-75.1722,40.7779],[-75.179,40.7619],[-75.1918,40.7558],[-75.1958,40.7524],[-75.1979,40.751],[-75.1828,40.7336],[-75.1861,40.7257],[-75.1861,40.7221],[-75.1958,40.7098],[-75.198,40.7065],[-75.2039,40.6915],[-75.1969,40.6813],[-75.1902,40.6794],[-75.1776,40.6786],[-75.1806,40.6686],[-75.2015,40.6499],[-75.1911,40.638],[-75.1903,40.6199],[-75.2018,40.6172],[-75.1968,40.6086],[-75.1941,40.6046],[-75.1903,40.5922],[-75.1913,40.5861],[-75.1948,40.5757],[-75.1738,40.564],[-75.1665,40.5641],[-75.1603,40.5645],[-75.1496,40.5718],[-75.1378,40.5763],[-75.1013,40.5681],[-75.0871,40.5563],[-75.084,40.5538],[-75.0686,40.5422],[-75.0664,40.5365],[-75.0659,40.5176],[-75.0644,40.5009],[-75.0615,40.4916],[-75.0706,40.4563],[-75.0604,40.4206],[-75.0575,40.4171],[-75.0417,40.4099],[-75.0263,40.4035],[-74.9953,40.4104],[-74.9863,40.4066],[-74.9672,40.3986],[-74.9539,40.3765],[-74.9526,40.3735],[-74.9458,40.355],[-74.9453,40.35],[-74.9431,40.3418],[-74.9292,40.3396],[-74.8977,40.3426],[-74.8876,40.3435],[-74.8858,40.3437],[-74.876,40.3448],[-74.8564,40.3477],[-74.8699,40.3769],[-74.8302,40.3819],[-74.802,40.385],[-74.808,40.4155],[-74.7484,40.4244],[-74.735,40.399],[-74.7222,40.3751],[-74.6796,40.3836],[-74.6509,40.3918],[-74.6229,40.3845],[-74.6174,40.3777],[-74.6198,40.3744],[-74.6249,40.3654],[-74.63,40.3434],[-74.6292,40.3388],[-74.6273,40.3372],[-74.6236,40.3294],[-74.6227,40.3255],[-74.6051,40.3216],[-74.6037,40.3179],[-74.5887,40.3138],[-74.5743,40.3007],[-74.5725,40.3011],[-74.5679,40.3],[-74.5509,40.2901],[-74.5419,40.2913],[-74.5374,40.2886],[-74.5288,40.2945],[-74.5221,40.2902],[-74.522,40.2901],[-74.5228,40.2856],[-74.5208,40.2864],[-74.5155,40.2869],[-74.5126,40.2837],[-74.4886,40.2766],[-74.4819,40.2725],[-74.4845,40.2533],[-74.4867,40.2534],[-74.481,40.2445],[-74.5034,40.2331],[-74.5077,40.2313],[-74.5167,40.2273],[-74.5433,40.2166],[-74.5467,40.2126],[-74.5553,40.2017],[-74.5626,40.1899],[-74.5696,40.1861],[-74.5745,40.1868],[-74.5806,40.1853],[-74.5938,40.1796],[-74.5997,40.1867],[-74.6136,40.1826],[-74.6088,40.1743],[-74.5913,40.148],[-74.5879,40.1381],[-74.5664,40.1012],[-74.5561,40.0842],[-74.5531,40.0791],[-74.5405,40.0568],[-74.5404,40.0563],[-74.5286,40.0367],[-74.5066,39.9912],[-74.495,39.9694],[-74.4707,39.9223],[-74.4346,39.8548],[-74.4172,39.8231],[-74.4112,39.8122],[-74.3898,39.7734],[-74.3898,39.7175],[-74.3901,39.664],[-74.3925,39.5936],[-74.4032,39.5691],[-74.4159,39.5701],[-74.4189,39.568],[-74.4145,39.561],[-74.4164,39.5595],[-74.4162,39.5604],[-74.418,39.5617],[-74.4195,39.5616],[-74.4202,39.5598],[-74.4207,39.5597],[-74.421,39.5593],[-74.4225,39.5598],[-74.4246,39.5596],[-74.4245,39.5583],[-74.4245,39.5576],[-74.427,39.556],[-74.4284,39.5559],[-74.4313,39.5572],[-74.4325,39.5576],[-74.4324,39.5579],[-74.434,39.5578],[-74.4362,39.557],[-74.4391,39.5557],[-74.4401,39.5544],[-74.4421,39.5556],[-74.4432,39.558],[-74.4465,39.56],[-74.4497,39.5606],[-74.4509,39.5592],[-74.4541,39.5572],[-74.4549,39.5551],[-74.4548,39.5503],[-74.4562,39.548],[-74.4576,39.5487],[-74.4584,39.5526],[-74.4591,39.5559],[-74.4604,39.5576],[-74.4619,39.5567],[-74.4623,39.5563],[-74.4619,39.5535],[-74.4613,39.5481],[-74.4605,39.547],[-74.4588,39.5462],[-74.4557,39.5454],[-74.4544,39.5458],[-74.4522,39.5473],[-74.4508,39.5474],[-74.4512,39.548],[-74.4513,39.5521],[-74.4508,39.5564],[-74.4492,39.5576],[-74.4477,39.5578],[-74.4448,39.5554],[-74.446,39.5532],[-74.448,39.5491],[-74.447,39.5445],[-74.4454,39.5425],[-74.4451,39.5415],[-74.4448,39.5405],[-74.4381,39.5381],[-74.4346,39.5387],[-74.4313,39.54],[-74.4307,39.5413],[-74.4313,39.5416],[-74.4312,39.5426],[-74.4303,39.5423],[-74.432,39.547],[-74.4312,39.5471],[-74.4307,39.5478],[-74.4311,39.5479],[-74.4325,39.5487],[-74.4328,39.5493],[-74.4336,39.5494],[-74.4366,39.5524],[-74.4341,39.5539],[-74.4332,39.5529],[-74.4296,39.5502],[-74.4245,39.5507],[-74.4237,39.5505],[-74.4228,39.5526],[-74.4207,39.5526],[-74.4211,39.5528],[-74.4214,39.5533],[-74.4207,39.5538],[-74.4205,39.5544],[-74.4187,39.5555],[-74.4187,39.5545],[-74.4197,39.5539],[-74.4194,39.5533],[-74.4198,39.5526],[-74.4188,39.5515],[-74.4195,39.5506],[-74.4186,39.5487],[-74.4186,39.5479],[-74.419,39.5472],[-74.4179,39.5476],[-74.4133,39.5451],[-74.4135,39.5444],[-74.4142,39.5453],[-74.4154,39.5454],[-74.417,39.5442],[-74.4159,39.5415],[-74.415,39.5405],[-74.4123,39.5397],[-74.4111,39.5388],[-74.4115,39.5387],[-74.4107,39.5383],[-74.4102,39.5375],[-74.4098,39.5355],[-74.4113,39.5348],[-74.4111,39.5344],[-74.4119,39.5336],[-74.4117,39.5322],[-74.4129,39.5287],[-74.4124,39.5283],[-74.4126,39.5264],[-74.4121,39.5261],[-74.4123,39.5251],[-74.412,39.5252],[-74.412,39.5231],[-74.4115,39.5216],[-74.4136,39.5185],[-74.4145,39.5181],[-74.4147,39.5162],[-74.4134,39.5142],[-74.4104,39.5137],[-74.4102,39.511],[-74.4105,39.5106],[-74.4098,39.508],[-74.41,39.5059],[-74.4082,39.5042],[-74.4078,39.5034],[-74.4077,39.5026],[-74.4087,39.502],[-74.4079,39.5012],[-74.4075,39.5008],[-74.4066,39.5012],[-74.4063,39.5008],[-74.4058,39.501],[-74.4041,39.4993],[-74.4041,39.498],[-74.4028,39.4969],[-74.4016,39.4969],[-74.4004,39.4961],[-74.398,39.496],[-74.3978,39.4953],[-74.397,39.495],[-74.3968,39.4942],[-74.3954,39.4936],[-74.3946,39.4923],[-74.3958,39.492],[-74.3947,39.4912],[-74.3935,39.4909],[-74.3924,39.4899],[-74.3911,39.49],[-74.3896,39.4894],[-74.3889,39.4894],[-74.3865,39.4885],[-74.3863,39.488],[-74.3854,39.4875],[-74.3855,39.4872],[-74.3866,39.4873],[-74.3853,39.4867],[-74.3846,39.4869],[-74.3812,39.4851],[-74.3807,39.4843],[-74.3793,39.4843],[-74.377,39.4829],[-74.3804,39.482],[-74.3826,39.4785],[-74.3825,39.4781],[-74.385,39.4757],[-74.3897,39.4759],[-74.3902,39.4771],[-74.3905,39.476],[-74.3897,39.4751],[-74.3929,39.4763],[-74.3938,39.4763],[-74.3944,39.4769],[-74.3952,39.4769],[-74.3948,39.4766],[-74.3993,39.4764],[-74.4009,39.4764],[-74.4008,39.4768],[-74.404,39.4777],[-74.405,39.4785],[-74.4061,39.4805],[-74.4053,39.4803],[-74.4056,39.482],[-74.4049,39.4839],[-74.4044,39.4833],[-74.4018,39.4837],[-74.4014,39.4851],[-74.402,39.4859],[-74.4038,39.4867],[-74.4042,39.4864],[-74.4047,39.4867],[-74.407,39.4867],[-74.409,39.4855],[-74.4109,39.4859],[-74.4109,39.4864],[-74.4113,39.4858],[-74.4091,39.4844],[-74.4094,39.48],[-74.4092,39.479],[-74.4102,39.4779],[-74.4134,39.4779],[-74.4172,39.4759],[-74.4182,39.4758],[-74.4188,39.4754],[-74.4187,39.4753],[-74.4182,39.4754],[-74.4166,39.4754],[-74.4153,39.476],[-74.4135,39.4745],[-74.4072,39.474],[-74.4074,39.4735],[-74.4061,39.4733],[-74.4067,39.4718],[-74.4057,39.4727],[-74.404,39.4725],[-74.4044,39.4713],[-74.4034,39.472],[-74.4017,39.4721],[-74.4012,39.4716],[-74.4022,39.4709],[-74.4037,39.4703],[-74.404,39.47],[-74.4006,39.4713],[-74.3988,39.4704],[-74.3987,39.4693],[-74.3977,39.4669],[-74.3973,39.4655],[-74.3975,39.4647],[-74.3961,39.4622],[-74.395,39.462],[-74.3937,39.4587],[-74.3945,39.4579],[-74.3961,39.458],[-74.3993,39.4592],[-74.4035,39.4608],[-74.4041,39.4612],[-74.404,39.4609],[-74.4089,39.4614],[-74.4091,39.4617],[-74.4094,39.4613],[-74.4109,39.4613],[-74.4102,39.4607],[-74.4107,39.4604],[-74.4097,39.4606],[-74.4099,39.4596],[-74.4113,39.4598],[-74.4114,39.4595],[-74.4105,39.4597],[-74.4072,39.4572],[-74.4019,39.4537],[-74.4008,39.4531],[-74.3982,39.4533],[-74.3986,39.4518],[-74.3981,39.4503],[-74.3977,39.4498],[-74.3988,39.4483],[-74.3984,39.4476],[-74.3969,39.4473],[-74.3946,39.4461],[-74.3935,39.4459],[-74.3919,39.4441],[-74.3926,39.4423],[-74.3956,39.4404],[-74.3965,39.4404],[-74.3966,39.4401],[-74.3979,39.4397],[-74.3984,39.4401],[-74.4009,39.439],[-74.4024,39.438],[-74.4047,39.4351],[-74.4135,39.4357],[-74.4163,39.4361],[-74.417,39.4373],[-74.4179,39.4395],[-74.4213,39.4435],[-74.4222,39.4447],[-74.4225,39.4457],[-74.4258,39.4489],[-74.4259,39.4504],[-74.4289,39.454],[-74.4282,39.455],[-74.4311,39.4568],[-74.4342,39.4572],[-74.435,39.4553],[-74.4369,39.4544],[-74.4377,39.4531],[-74.4384,39.4528],[-74.4388,39.4521],[-74.4388,39.4538],[-74.4419,39.4563],[-74.4414,39.4577],[-74.4435,39.4583],[-74.4463,39.4572],[-74.446,39.4565],[-74.4467,39.4565],[-74.4478,39.454],[-74.4483,39.4533],[-74.4471,39.4512],[-74.448,39.4503],[-74.4479,39.4495],[-74.448,39.4477],[-74.4493,39.4476],[-74.4508,39.4481],[-74.4525,39.4475],[-74.4539,39.4481],[-74.4557,39.4478],[-74.4571,39.448],[-74.4586,39.4472],[-74.4589,39.445],[-74.4595,39.4447],[-74.4599,39.4438],[-74.4613,39.443],[-74.4589,39.4419],[-74.4603,39.4367],[-74.4623,39.4363],[-74.4636,39.4351],[-74.4645,39.4246],[-74.4637,39.4231],[-74.4667,39.4206],[-74.4721,39.4196],[-74.4809,39.4208],[-74.4816,39.4187],[-74.4849,39.4151],[-74.4869,39.4038],[-74.4914,39.399],[-74.4907,39.3975],[-74.4874,39.3952],[-74.4826,39.3955],[-74.4774,39.3942],[-74.4712,39.3965],[-74.4719,39.3977],[-74.4705,39.4004],[-74.4691,39.3999],[-74.4686,39.4011],[-74.4669,39.4011],[-74.4671,39.3997],[-74.4658,39.3998],[-74.4616,39.3979],[-74.463,39.3934],[-74.4692,39.3924],[-74.4701,39.3903],[-74.4688,39.3881],[-74.4713,39.3882],[-74.4745,39.39],[-74.4714,39.3877],[-74.4692,39.3876],[-74.4676,39.3882],[-74.4653,39.3862],[-74.4666,39.3855],[-74.4719,39.386],[-74.4719,39.3851],[-74.4713,39.3852],[-74.4746,39.3838],[-74.4789,39.384],[-74.4746,39.3835],[-74.4721,39.3839],[-74.4746,39.383],[-74.471,39.3838],[-74.4693,39.3847],[-74.465,39.3852],[-74.4677,39.3832],[-74.468,39.3825],[-74.4694,39.3822],[-74.4702,39.3796],[-74.4696,39.3796],[-74.4693,39.3757],[-74.4684,39.3752],[-74.4658,39.3751],[-74.461,39.377],[-74.4602,39.3765],[-74.4602,39.3729],[-74.4531,39.3685],[-74.4483,39.3684],[-74.4465,39.3672],[-74.4465,39.3644],[-74.4471,39.3618],[-74.449,39.3612],[-74.4521,39.3635],[-74.4572,39.3662],[-74.4639,39.3666],[-74.4701,39.3695],[-74.4768,39.3703],[-74.4803,39.3697],[-74.484,39.3714],[-74.4843,39.3756],[-74.4879,39.3771],[-74.4945,39.3727],[-74.4962,39.3737],[-74.4954,39.3751],[-74.496,39.3773],[-74.5076,39.3838],[-74.5152,39.3845],[-74.5154,39.3851],[-74.5194,39.3864],[-74.5196,39.3861],[-74.516,39.3845],[-74.5189,39.3827],[-74.5194,39.3819],[-74.5208,39.3816],[-74.5229,39.3792],[-74.5258,39.3736],[-74.5225,39.3709],[-74.5204,39.3675],[-74.5184,39.3635],[-74.5193,39.36],[-74.5212,39.3562],[-74.5251,39.354],[-74.5347,39.3551],[-74.5383,39.3535],[-74.54,39.3495],[-74.537,39.3451],[-74.5365,39.3433],[-74.5406,39.3344],[-74.5431,39.3347],[-74.5427,39.3369],[-74.5456,39.3416],[-74.5444,39.3411],[-74.5449,39.3449],[-74.5468,39.3465],[-74.5498,39.3455],[-74.55,39.3463],[-74.5521,39.3477],[-74.5554,39.3484],[-74.5541,39.3469],[-74.5545,39.345],[-74.5571,39.3441],[-74.5575,39.3422],[-74.5608,39.3411],[-74.5627,39.3415],[-74.5614,39.3394],[-74.5619,39.3384],[-74.5635,39.3379],[-74.5634,39.336],[-74.5613,39.3345],[-74.5644,39.3313],[-74.5657,39.331],[-74.5683,39.3315],[-74.5698,39.3307],[-74.5685,39.3265],[-74.5659,39.3254],[-74.5645,39.3257],[-74.5628,39.325],[-74.563,39.3235],[-74.5651,39.3207],[-74.5655,39.3208],[-74.5675,39.3195],[-74.5683,39.3183],[-74.5679,39.3168],[-74.563,39.3153],[-74.5612,39.3142],[-74.56,39.3129],[-74.5609,39.3107],[-74.5672,39.304],[-74.5674,39.3033],[-74.5685,39.3035],[-74.5685,39.3039],[-74.5704,39.3032]]],[[[-74.3882,39.4565],[-74.3887,39.4567],[-74.3919,39.4586],[-74.3913,39.4589],[-74.3911,39.4594],[-74.3914,39.4613],[-74.3918,39.4615],[-74.3925,39.4618],[-74.3937,39.4657],[-74.3926,39.4667],[-74.3921,39.4665],[-74.3903,39.4655],[-74.389,39.4654],[-74.3871,39.4639],[-74.389,39.4623],[-74.3879,39.4606],[-74.3874,39.459],[-74.3882,39.4565]]],[[[-74.386,39.4573],[-74.3866,39.4573],[-74.3867,39.4598],[-74.388,39.4617],[-74.3875,39.4623],[-74.3865,39.4614],[-74.3858,39.4594],[-74.386,39.4573]]],[[[-74.4068,39.3739],[-74.4076,39.374],[-74.4104,39.378],[-74.4141,39.3798],[-74.414,39.3805],[-74.4119,39.3802],[-74.4122,39.381],[-74.4134,39.3812],[-74.4159,39.383],[-74.4172,39.382],[-74.4184,39.3824],[-74.4179,39.3863],[-74.4196,39.3869],[-74.4207,39.3879],[-74.4206,39.3884],[-74.4191,39.3893],[-74.4195,39.391],[-74.4179,39.3926],[-74.4162,39.3931],[-74.4151,39.3901],[-74.414,39.3903],[-74.4066,39.3935],[-74.4094,39.4011],[-74.4091,39.4021],[-74.4058,39.3994],[-74.402,39.3954],[-74.4016,39.3957],[-74.4004,39.395],[-74.389,39.3957],[-74.3814,39.4017],[-74.3776,39.4036],[-74.3761,39.4034],[-74.3747,39.4043],[-74.3732,39.4076],[-74.3698,39.4088],[-74.3694,39.41],[-74.3715,39.4098],[-74.3717,39.4094],[-74.374,39.409],[-74.3769,39.4127],[-74.3789,39.4131],[-74.3825,39.4152],[-74.3833,39.4178],[-74.3799,39.4192],[-74.3772,39.4193],[-74.3661,39.4238],[-74.3648,39.4233],[-74.364,39.4208],[-74.3621,39.4198],[-74.3614,39.4183],[-74.3576,39.4154],[-74.3566,39.4161],[-74.3568,39.4174],[-74.3562,39.4179],[-74.3551,39.4179],[-74.353,39.4192],[-74.3528,39.4205],[-74.3539,39.4212],[-74.3523,39.4206],[-74.3513,39.4208],[-74.3509,39.4214],[-74.3518,39.4217],[-74.3514,39.422],[-74.354,39.4235],[-74.3533,39.424],[-74.3538,39.4245],[-74.3528,39.4281],[-74.3509,39.4286],[-74.3496,39.428],[-74.3461,39.4279],[-74.3454,39.4288],[-74.3462,39.43],[-74.3457,39.4303],[-74.3456,39.4312],[-74.3448,39.4318],[-74.3442,39.4303],[-74.3431,39.4294],[-74.3427,39.432],[-74.3386,39.4346],[-74.3385,39.4359],[-74.3387,39.4363],[-74.3403,39.4355],[-74.3414,39.4357],[-74.3409,39.4353],[-74.3431,39.4339],[-74.3448,39.4322],[-74.3464,39.4338],[-74.3451,39.4348],[-74.3467,39.4375],[-74.3496,39.4377],[-74.3501,39.4368],[-74.3506,39.4371],[-74.3496,39.4362],[-74.3507,39.435],[-74.35,39.435],[-74.3511,39.432],[-74.3532,39.4313],[-74.3548,39.4345],[-74.3569,39.4365],[-74.356,39.4374],[-74.3553,39.4374],[-74.3553,39.4378],[-74.3507,39.4392],[-74.3358,39.4419],[-74.3336,39.4365],[-74.3348,39.432],[-74.3445,39.4238],[-74.3645,39.4041],[-74.3685,39.4012],[-74.3813,39.3926],[-74.3857,39.3899],[-74.3918,39.3867],[-74.3932,39.3864],[-74.4067,39.3775],[-74.4068,39.3739]]],[[[-74.5343,39.3025],[-74.5359,39.3037],[-74.5383,39.3036],[-74.5372,39.3058],[-74.5326,39.3082],[-74.529,39.3111],[-74.5264,39.3155],[-74.5265,39.3162],[-74.5236,39.3228],[-74.522,39.3233],[-74.5175,39.3258],[-74.5177,39.3261],[-74.5168,39.3264],[-74.5162,39.3282],[-74.5171,39.331],[-74.5164,39.3314],[-74.5132,39.3284],[-74.5125,39.3288],[-74.5146,39.331],[-74.5132,39.3319],[-74.5108,39.3298],[-74.5102,39.3302],[-74.5122,39.3324],[-74.5112,39.3331],[-74.511,39.3345],[-74.5135,39.3381],[-74.5115,39.3397],[-74.5082,39.3415],[-74.5057,39.3414],[-74.5025,39.3437],[-74.4943,39.3462],[-74.4927,39.3518],[-74.4933,39.3529],[-74.4914,39.3521],[-74.4876,39.3536],[-74.4815,39.3572],[-74.4753,39.357],[-74.468,39.3602],[-74.4654,39.3593],[-74.4618,39.3631],[-74.4539,39.3627],[-74.4522,39.3607],[-74.4523,39.3585],[-74.4518,39.3579],[-74.4491,39.3579],[-74.447,39.3594],[-74.4448,39.3618],[-74.4449,39.368],[-74.4461,39.3705],[-74.4476,39.371],[-74.4529,39.3702],[-74.4534,39.371],[-74.4542,39.3701],[-74.4574,39.3726],[-74.4584,39.3744],[-74.4554,39.3751],[-74.4522,39.3768],[-74.452,39.3774],[-74.4512,39.3777],[-74.4478,39.3769],[-74.4446,39.3778],[-74.4433,39.3778],[-74.4417,39.3784],[-74.4405,39.3807],[-74.4391,39.3787],[-74.4371,39.377],[-74.4368,39.3774],[-74.4375,39.3785],[-74.4368,39.3798],[-74.4372,39.3814],[-74.436,39.3836],[-74.4334,39.3856],[-74.4301,39.3871],[-74.425,39.3854],[-74.424,39.3856],[-74.424,39.3847],[-74.4251,39.3838],[-74.4253,39.3825],[-74.4236,39.3805],[-74.4237,39.3801],[-74.4227,39.3797],[-74.4222,39.3784],[-74.4227,39.378],[-74.4241,39.3804],[-74.4305,39.3778],[-74.4273,39.3736],[-74.4272,39.3727],[-74.4268,39.3728],[-74.4255,39.3711],[-74.4251,39.3715],[-74.4268,39.3736],[-74.4243,39.3761],[-74.4238,39.3756],[-74.4249,39.3748],[-74.424,39.3736],[-74.4234,39.3739],[-74.424,39.3748],[-74.4232,39.3755],[-74.4236,39.3764],[-74.4226,39.3772],[-74.4217,39.3772],[-74.4217,39.3764],[-74.423,39.3759],[-74.4202,39.3726],[-74.4204,39.3723],[-74.4191,39.3716],[-74.4212,39.3755],[-74.4207,39.3776],[-74.4189,39.3776],[-74.4155,39.3768],[-74.4106,39.3677],[-74.4082,39.3651],[-74.4091,39.3648],[-74.4127,39.3608],[-74.4201,39.3574],[-74.4297,39.3549],[-74.4332,39.3534],[-74.4319,39.3511],[-74.4321,39.3507],[-74.4327,39.3508],[-74.4325,39.3512],[-74.4334,39.3518],[-74.4341,39.3531],[-74.4406,39.3521],[-74.4554,39.3467],[-74.4564,39.3459],[-74.458,39.3458],[-74.4643,39.343],[-74.4812,39.3349],[-74.4828,39.3344],[-74.4906,39.3304],[-74.4907,39.3304],[-74.4928,39.3295],[-74.4991,39.3264],[-74.5159,39.3172],[-74.5225,39.3132],[-74.5341,39.3037],[-74.5346,39.303],[-74.5342,39.3025],[-74.5343,39.3025]]],[[[-74.4901,39.3538],[-74.4938,39.3558],[-74.4956,39.3555],[-74.4993,39.3572],[-74.4964,39.3577],[-74.4952,39.3608],[-74.4925,39.362],[-74.4911,39.3632],[-74.4896,39.3627],[-74.489,39.362],[-74.4892,39.3628],[-74.4908,39.3637],[-74.4888,39.3661],[-74.4922,39.3708],[-74.4882,39.3752],[-74.4863,39.375],[-74.4858,39.372],[-74.4833,39.3688],[-74.4757,39.3695],[-74.4719,39.3684],[-74.4646,39.3615],[-74.4653,39.3607],[-74.4673,39.3625],[-74.4722,39.3598],[-74.4739,39.3603],[-74.4813,39.3592],[-74.4845,39.3568],[-74.4858,39.3577],[-74.4854,39.3584],[-74.482,39.3597],[-74.4861,39.3585],[-74.4864,39.3575],[-74.4901,39.3538]]],[[[-74.5368,39.3109],[-74.5391,39.3112],[-74.5378,39.3153],[-74.5316,39.32],[-74.5309,39.3199],[-74.5307,39.3154],[-74.5352,39.3115],[-74.5368,39.3109]]],[[[-74.6466,39.212],[-74.6473,39.2133],[-74.6461,39.2148],[-74.6477,39.2171],[-74.6539,39.2174],[-74.6542,39.2252],[-74.6546,39.2269],[-74.6533,39.2275],[-74.6484,39.2283],[-74.6458,39.2334],[-74.6474,39.2369],[-74.6468,39.2392],[-74.6462,39.2399],[-74.6429,39.2399],[-74.6413,39.2414],[-74.6384,39.2433],[-74.6326,39.2431],[-74.6292,39.2444],[-74.6259,39.2488],[-74.6238,39.2499],[-74.6236,39.2509],[-74.6253,39.2512],[-74.6278,39.2516],[-74.6273,39.2527],[-74.6241,39.2548],[-74.6238,39.2557],[-74.6245,39.2573],[-74.6226,39.2585],[-74.6217,39.2591],[-74.621,39.2594],[-74.6209,39.2599],[-74.6197,39.2602],[-74.6196,39.2609],[-74.6173,39.2606],[-74.6161,39.261],[-74.6154,39.2588],[-74.6147,39.259],[-74.615,39.2605],[-74.6141,39.2603],[-74.6132,39.2613],[-74.6128,39.2626],[-74.608,39.2638],[-74.6075,39.2651],[-74.6077,39.2661],[-74.6089,39.2678],[-74.6085,39.2681],[-74.6073,39.2689],[-74.603,39.2712],[-74.6026,39.2716],[-74.6017,39.2714],[-74.6025,39.2706],[-74.6022,39.2703],[-74.6009,39.2709],[-74.6006,39.2707],[-74.6018,39.2698],[-74.6015,39.2695],[-74.6002,39.2704],[-74.5997,39.27],[-74.601,39.269],[-74.6007,39.2687],[-74.5994,39.2697],[-74.5989,39.2692],[-74.6,39.2683],[-74.5997,39.268],[-74.5985,39.2689],[-74.598,39.2684],[-74.5992,39.2675],[-74.5989,39.2672],[-74.5974,39.2681],[-74.5963,39.2692],[-74.5966,39.2694],[-74.5977,39.2689],[-74.5981,39.2692],[-74.5971,39.27],[-74.5975,39.2702],[-74.5984,39.2696],[-74.5991,39.27],[-74.5974,39.2712],[-74.5977,39.2715],[-74.5994,39.2703],[-74.5998,39.2707],[-74.5983,39.2719],[-74.5987,39.2722],[-74.6005,39.2712],[-74.5992,39.2726],[-74.5995,39.2729],[-74.6012,39.2718],[-74.6005,39.2736],[-74.6008,39.2738],[-74.6021,39.2721],[-74.6007,39.276],[-74.5993,39.2765],[-74.599,39.2763],[-74.5991,39.2743],[-74.5943,39.2703],[-74.5939,39.2706],[-74.5984,39.2747],[-74.5979,39.2755],[-74.5974,39.2746],[-74.5971,39.2758],[-74.5978,39.2765],[-74.5964,39.2762],[-74.5958,39.2738],[-74.5932,39.2731],[-74.5917,39.2724],[-74.5909,39.2736],[-74.59,39.2737],[-74.5915,39.275],[-74.5922,39.2755],[-74.5897,39.2771],[-74.586,39.2781],[-74.5831,39.2799],[-74.5827,39.2809],[-74.5824,39.2813],[-74.581,39.2826],[-74.579,39.2833],[-74.5751,39.286],[-74.5745,39.2858],[-74.5733,39.2871],[-74.5683,39.2908],[-74.5613,39.296],[-74.5579,39.2977],[-74.5562,39.2983],[-74.5545,39.2976],[-74.5523,39.2943],[-74.5522,39.2936],[-74.5511,39.293],[-74.5528,39.2864],[-74.5543,39.2838],[-74.5558,39.2829],[-74.5575,39.2819],[-74.5571,39.2814],[-74.5596,39.2798],[-74.5624,39.2775],[-74.5627,39.277],[-74.5653,39.2772],[-74.5806,39.2712],[-74.5956,39.2604],[-74.6113,39.2477],[-74.6213,39.2377],[-74.6223,39.2367],[-74.637,39.2199],[-74.6377,39.219],[-74.6446,39.2138],[-74.6466,39.212]]],[[[-74.5917,39.2733],[-74.5927,39.274],[-74.5951,39.2741],[-74.5952,39.2743],[-74.595,39.2753],[-74.5936,39.2753],[-74.5913,39.2738],[-74.5917,39.2733]]],[[[-74.7143,39.1198],[-74.7167,39.1203],[-74.7157,39.1225],[-74.7138,39.1259],[-74.7139,39.1287],[-74.7129,39.1338],[-74.7134,39.1358],[-74.7138,39.138],[-74.7099,39.1407],[-74.7082,39.1429],[-74.7063,39.1436],[-74.7051,39.1445],[-74.7052,39.1476],[-74.7065,39.1496],[-74.707,39.1512],[-74.7047,39.1543],[-74.7023,39.1541],[-74.7019,39.1545],[-74.6988,39.1536],[-74.701,39.1549],[-74.7005,39.1553],[-74.6979,39.1543],[-74.6998,39.1557],[-74.7022,39.155],[-74.7031,39.1552],[-74.7003,39.1564],[-74.6972,39.1547],[-74.6969,39.155],[-74.6992,39.1564],[-74.6987,39.1567],[-74.697,39.1557],[-74.6966,39.1559],[-74.6989,39.1575],[-74.699,39.1584],[-74.6968,39.1615],[-74.6994,39.1686],[-74.6981,39.1691],[-74.6933,39.1674],[-74.6884,39.168],[-74.6871,39.1677],[-74.6848,39.1683],[-74.6848,39.1705],[-74.6813,39.1723],[-74.6806,39.1742],[-74.6774,39.1783],[-74.6783,39.1796],[-74.6788,39.1816],[-74.6778,39.183],[-74.6744,39.1828],[-74.6734,39.1835],[-74.672,39.1844],[-74.6704,39.1865],[-74.6705,39.1876],[-74.6735,39.1901],[-74.6733,39.1911],[-74.6686,39.1916],[-74.6682,39.1923],[-74.6694,39.194],[-74.669,39.1944],[-74.6631,39.1946],[-74.6593,39.1964],[-74.6547,39.2019],[-74.6522,39.2034],[-74.6518,39.2063],[-74.6501,39.2089],[-74.6492,39.2097],[-74.648,39.2084],[-74.6477,39.201],[-74.6549,39.1961],[-74.66,39.1914],[-74.6697,39.1816],[-74.6806,39.1683],[-74.6843,39.1619],[-74.6968,39.1454],[-74.708,39.1254],[-74.7109,39.122],[-74.7143,39.1198]]],[[[-74.7865,39.019],[-74.7881,39.0197],[-74.7862,39.0204],[-74.7851,39.0201],[-74.7839,39.0217],[-74.7848,39.022],[-74.7849,39.0229],[-74.7845,39.0241],[-74.7851,39.026],[-74.7859,39.0264],[-74.7844,39.0291],[-74.7814,39.0306],[-74.7778,39.0331],[-74.777,39.0356],[-74.7762,39.0367],[-74.7767,39.0377],[-74.7746,39.037],[-74.7751,39.0385],[-74.7759,39.0387],[-74.7758,39.0403],[-74.7717,39.0407],[-74.771,39.0427],[-74.7701,39.0433],[-74.7695,39.0443],[-74.77,39.0452],[-74.7682,39.0469],[-74.7662,39.0493],[-74.7672,39.0497],[-74.7692,39.0473],[-74.7703,39.0479],[-74.7689,39.0506],[-74.7696,39.0511],[-74.7717,39.0486],[-74.7727,39.0488],[-74.7703,39.0518],[-74.7697,39.052],[-74.7655,39.0503],[-74.7643,39.053],[-74.7647,39.0532],[-74.7666,39.0513],[-74.7687,39.0526],[-74.7675,39.0531],[-74.7652,39.0558],[-74.7634,39.055],[-74.7638,39.0544],[-74.7622,39.0536],[-74.7614,39.0547],[-74.7644,39.0563],[-74.7613,39.0587],[-74.759,39.0579],[-74.7581,39.0591],[-74.7591,39.0588],[-74.76,39.059],[-74.7569,39.062],[-74.7556,39.0615],[-74.7548,39.0622],[-74.756,39.0628],[-74.7552,39.064],[-74.7536,39.0635],[-74.753,39.0643],[-74.7544,39.0651],[-74.7539,39.0659],[-74.7528,39.0669],[-74.752,39.0688],[-74.749,39.0698],[-74.7411,39.0794],[-74.7378,39.0827],[-74.7325,39.0893],[-74.7332,39.0895],[-74.7371,39.0853],[-74.7381,39.0859],[-74.7344,39.0904],[-74.7352,39.0907],[-74.7392,39.0864],[-74.7398,39.0869],[-74.7363,39.0914],[-74.7383,39.0921],[-74.7389,39.0912],[-74.7383,39.0905],[-74.7386,39.0901],[-74.7404,39.0903],[-74.7392,39.0889],[-74.7407,39.089],[-74.7419,39.0902],[-74.7439,39.088],[-74.7446,39.0886],[-74.7437,39.0899],[-74.7464,39.0903],[-74.7461,39.0909],[-74.7405,39.0913],[-74.7394,39.0931],[-74.7406,39.0934],[-74.7405,39.0921],[-74.7458,39.0915],[-74.7458,39.0954],[-74.743,39.0954],[-74.742,39.0947],[-74.7406,39.0949],[-74.739,39.0957],[-74.7385,39.0967],[-74.7351,39.0962],[-74.7348,39.0973],[-74.7338,39.0979],[-74.7337,39.0963],[-74.7309,39.0949],[-74.7312,39.0944],[-74.7341,39.0939],[-74.7353,39.0926],[-74.7373,39.0935],[-74.7335,39.0912],[-74.7341,39.0922],[-74.7316,39.093],[-74.7296,39.0922],[-74.7155,39.1088],[-74.7141,39.1091],[-74.7146,39.1121],[-74.7163,39.1135],[-74.7211,39.1156],[-74.7187,39.118],[-74.7162,39.1174],[-74.7153,39.1169],[-74.7139,39.1145],[-74.7087,39.1106],[-74.7067,39.1083],[-74.7047,39.1081],[-74.7044,39.1076],[-74.7059,39.1029],[-74.7087,39.1],[-74.7177,39.0933],[-74.7383,39.0747],[-74.7471,39.0623],[-74.7593,39.0476],[-74.7607,39.0455],[-74.765,39.0405],[-74.7689,39.0356],[-74.7788,39.0231],[-74.7827,39.0196],[-74.7865,39.019]]],[[[-74.7502,39.101],[-74.7511,39.1011],[-74.7526,39.1025],[-74.7531,39.1041],[-74.7564,39.1062],[-74.7564,39.1081],[-74.7558,39.1104],[-74.7555,39.1109],[-74.7504,39.1117],[-74.7492,39.1131],[-74.7496,39.114],[-74.7501,39.1159],[-74.7496,39.1171],[-74.7484,39.1171],[-74.7441,39.1147],[-74.7425,39.1143],[-74.7349,39.1143],[-74.7315,39.1162],[-74.7274,39.1158],[-74.7276,39.1152],[-74.7317,39.1145],[-74.7334,39.1127],[-74.7344,39.1102],[-74.7376,39.1101],[-74.738,39.111],[-74.7395,39.1115],[-74.7385,39.112],[-74.74,39.1124],[-74.74,39.1111],[-74.7385,39.1108],[-74.7387,39.1102],[-74.7426,39.1095],[-74.747,39.1074],[-74.7484,39.1051],[-74.7502,39.101]]],[[[-74.722,39.1024],[-74.7283,39.1059],[-74.7291,39.1071],[-74.7317,39.1089],[-74.7315,39.1093],[-74.7304,39.1095],[-74.7295,39.1086],[-74.7251,39.1067],[-74.7252,39.106],[-74.7233,39.106],[-74.7202,39.1043],[-74.722,39.1024]]],[[[-74.7236,39.1003],[-74.7315,39.1045],[-74.7281,39.1048],[-74.7226,39.1017],[-74.7226,39.1013],[-74.7236,39.1003]]],[[[-74.7923,39.0289],[-74.7977,39.031],[-74.8001,39.031],[-74.8003,39.0321],[-74.7986,39.0339],[-74.7974,39.0367],[-74.7976,39.0375],[-74.7934,39.0394],[-74.7913,39.0412],[-74.7875,39.0424],[-74.7822,39.0419],[-74.7831,39.0409],[-74.783,39.0403],[-74.7825,39.0403],[-74.7823,39.0412],[-74.7816,39.0411],[-74.7811,39.0395],[-74.7815,39.0391],[-74.7844,39.0385],[-74.7866,39.0356],[-74.7858,39.034],[-74.7883,39.0313],[-74.7923,39.0289]]],[[[-74.8063,39.0039],[-74.8082,39.005],[-74.8097,39.0053],[-74.8109,39.0047],[-74.8123,39.0047],[-74.8123,39.0061],[-74.8103,39.0076],[-74.8109,39.0082],[-74.8111,39.0092],[-74.8123,39.0098],[-74.8118,39.0109],[-74.8122,39.0117],[-74.8115,39.0112],[-74.8102,39.0112],[-74.8103,39.0119],[-74.8089,39.012],[-74.8084,39.0129],[-74.8091,39.0136],[-74.8082,39.0151],[-74.8069,39.0148],[-74.8066,39.0163],[-74.8071,39.017],[-74.8059,39.0174],[-74.8051,39.0183],[-74.8041,39.0184],[-74.8032,39.0193],[-74.8032,39.0216],[-74.8068,39.0239],[-74.8093,39.0239],[-74.8113,39.0252],[-74.8117,39.0271],[-74.8104,39.0285],[-74.8093,39.0307],[-74.8065,39.0312],[-74.8046,39.0307],[-74.8017,39.0289],[-74.7983,39.0273],[-74.7986,39.0256],[-74.8013,39.0236],[-74.8011,39.0203],[-74.8003,39.0179],[-74.8009,39.015],[-74.8001,39.0135],[-74.7984,39.0123],[-74.7981,39.0108],[-74.7995,39.0078],[-74.8016,39.0077],[-74.8031,39.0092],[-74.805,39.0085],[-74.8054,39.0073],[-74.8041,39.0068],[-74.8037,39.0062],[-74.8052,39.0053],[-74.8063,39.0039]]],[[[-74.8639,38.9392],[-74.8704,38.9473],[-74.8703,38.9492],[-74.8722,38.9516],[-74.8722,38.954],[-74.8727,38.9561],[-74.8674,38.9571],[-74.8653,38.9611],[-74.8608,38.9632],[-74.8619,38.9636],[-74.8586,38.9652],[-74.8581,38.967],[-74.8588,38.9676],[-74.8603,38.9721],[-74.858,38.9729],[-74.8498,38.9781],[-74.8484,38.978],[-74.8488,38.975],[-74.8463,38.9699],[-74.8459,38.9699],[-74.8438,38.9704],[-74.8405,38.9727],[-74.8387,38.9754],[-74.8342,38.9806],[-74.8325,38.9853],[-74.8323,38.9863],[-74.8302,38.988],[-74.8316,38.9893],[-74.8328,38.9887],[-74.8336,38.989],[-74.8331,38.9902],[-74.8316,38.991],[-74.8315,38.9933],[-74.8245,38.9879],[-74.824,38.9882],[-74.8311,38.9942],[-74.8306,38.9951],[-74.8287,38.9954],[-74.8289,38.9944],[-74.828,38.9945],[-74.8278,38.994],[-74.8269,38.9942],[-74.8253,38.9937],[-74.8249,38.9949],[-74.8243,38.9953],[-74.8229,38.9944],[-74.8214,38.9944],[-74.8217,38.9956],[-74.8213,38.9963],[-74.8183,38.9961],[-74.8158,38.9982],[-74.8164,38.9988],[-74.8166,38.999],[-74.8176,38.9996],[-74.8246,39.005],[-74.8241,39.0052],[-74.8214,39.0031],[-74.8195,39.0021],[-74.8185,39.0022],[-74.8171,39.0015],[-74.8147,39.0019],[-74.8136,39.0022],[-74.8137,39.0008],[-74.814,39.0005],[-74.8137,39.0005],[-74.8129,39.0009],[-74.8132,39.0023],[-74.8173,39.0019],[-74.8179,39.0029],[-74.8173,39.0032],[-74.8167,39.0029],[-74.8148,39.0048],[-74.8133,39.0032],[-74.8115,39.0029],[-74.8093,39.0018],[-74.8103,39.0039],[-74.8091,39.0046],[-74.8065,39.0033],[-74.8031,39.0058],[-74.8012,39.0062],[-74.7983,39.0079],[-74.7973,39.0106],[-74.7978,39.0134],[-74.8003,39.015],[-74.7996,39.0193],[-74.8004,39.0226],[-74.799,39.0224],[-74.8,39.0236],[-74.7988,39.0241],[-74.7963,39.0252],[-74.7949,39.0226],[-74.794,39.0137],[-74.7916,39.0121],[-74.7921,39.0111],[-74.7906,39.0096],[-74.7862,39.0009],[-74.7865,38.9997],[-74.7887,38.9982],[-74.7931,38.9918],[-74.8019,38.9884],[-74.8098,38.985],[-74.8193,38.9794],[-74.8222,38.9769],[-74.8468,38.9577],[-74.8541,38.9512],[-74.8622,38.9416],[-74.8639,38.9392]]],[[[-74.8323,38.9943],[-74.8333,38.9944],[-74.8345,38.9974],[-74.8329,38.9997],[-74.8329,39.0007],[-74.8316,39.0014],[-74.8313,39.0017],[-74.8304,39.0018],[-74.8291,39.0009],[-74.8286,39.0013],[-74.8294,39.002],[-74.8292,39.0026],[-74.8293,39.0061],[-74.8291,39.0066],[-74.8282,39.0064],[-74.8273,39.0054],[-74.826,39.0053],[-74.8174,38.9984],[-74.8188,38.9966],[-74.8215,38.9969],[-74.8231,38.9965],[-74.8262,38.9981],[-74.8265,38.9972],[-74.8278,38.9968],[-74.8283,38.9961],[-74.8311,38.9954],[-74.8323,38.9943]]],[[[-74.8401,38.9854],[-74.8411,38.9865],[-74.8404,38.9899],[-74.8412,38.9926],[-74.8422,38.9937],[-74.8476,38.9964],[-74.8511,38.9967],[-74.8517,38.998],[-74.8519,38.9988],[-74.8502,39.0001],[-74.8495,39.0022],[-74.848,39.0029],[-74.848,39.0035],[-74.8456,39.0057],[-74.8449,39.0059],[-74.8449,39.0058],[-74.8456,39.0052],[-74.8466,39.0041],[-74.8461,39.0032],[-74.8433,39.0032],[-74.8442,39.0018],[-74.8424,39.0015],[-74.8424,39.0006],[-74.8419,38.9989],[-74.8413,38.9987],[-74.8405,38.9995],[-74.8388,38.9996],[-74.8371,38.998],[-74.8373,38.9964],[-74.8369,38.9943],[-74.8346,38.9939],[-74.834,38.992],[-74.8345,38.9902],[-74.8358,38.9909],[-74.8365,38.9892],[-74.8365,38.9878],[-74.8384,38.9857],[-74.8401,38.9854]]]]}},{"type":"Feature","properties":{"Dma":"San Antonio, TX","dma":"San Antonio, TX","name":"San Antonio, TX","dma_code":"641","dma_name_nielsen":"SAN ANTONIO"},"geometry":{"type":"Polygon","coordinates":[[[-97.1607,28.5534],[-97.303,28.4443],[-97.3057,28.4388],[-97.315,28.4351],[-97.3689,28.3939],[-97.375,28.3876],[-97.377,28.3903],[-97.3846,28.3897],[-97.3882,28.3908],[-97.3882,28.3957],[-97.3901,28.3971],[-97.397,28.3922],[-97.4014,28.394],[-97.3984,28.4044],[-97.4075,28.4061],[-97.4102,28.408],[-97.4199,28.4042],[-97.4284,28.4128],[-97.4427,28.4087],[-97.4455,28.4027],[-97.4498,28.4088],[-97.4603,28.4074],[-97.4657,28.4167],[-97.4699,28.4191],[-97.4695,28.4229],[-97.4813,28.4344],[-97.4909,28.4379],[-97.5029,28.4377],[-97.5057,28.4338],[-97.518,28.4316],[-97.5238,28.4405],[-97.5218,28.443],[-97.5207,28.4469],[-97.531,28.4462],[-97.535,28.4474],[-97.5417,28.4466],[-97.5454,28.4505],[-97.5515,28.4507],[-97.5549,28.4615],[-97.5523,28.4672],[-97.5526,28.4819],[-97.5552,28.4851],[-97.5548,28.4893],[-97.5531,28.4945],[-97.5545,28.5017],[-97.5587,28.5143],[-97.5604,28.5136],[-97.5615,28.5156],[-97.5688,28.5154],[-97.5742,28.5216],[-97.5951,28.525],[-97.6018,28.5229],[-97.607,28.5269],[-97.6087,28.5234],[-97.6164,28.5274],[-97.6197,28.5272],[-97.6227,28.5295],[-97.6236,28.5286],[-97.626,28.5284],[-97.6341,28.5241],[-97.6421,28.5244],[-97.6419,28.5227],[-97.6456,28.5209],[-97.6533,28.5243],[-97.6553,28.5287],[-97.6591,28.5274],[-97.6683,28.5308],[-97.6688,28.535],[-97.6786,28.5351],[-97.6838,28.5367],[-97.6862,28.5403],[-97.6962,28.5416],[-97.7008,28.5498],[-97.6988,28.5507],[-97.6993,28.5534],[-97.7026,28.5559],[-97.7016,28.561],[-97.7047,28.5611],[-97.704,28.5624],[-97.7058,28.5676],[-97.7057,28.5695],[-97.7084,28.5684],[-97.708,28.5738],[-97.7124,28.5762],[-97.7114,28.5784],[-97.7141,28.5838],[-97.7125,28.5863],[-97.7214,28.5952],[-97.7191,28.5976],[-97.7286,28.6102],[-97.728,28.6215],[-97.7308,28.6227],[-97.7305,28.6272],[-97.7341,28.6287],[-97.7389,28.6325],[-97.7527,28.6407],[-97.7531,28.6522],[-97.7624,28.6584],[-97.7661,28.6646],[-97.7701,28.6646],[-97.7721,28.6684],[-97.7787,28.668],[-97.7823,28.6699],[-97.7906,28.6771],[-97.7952,28.6734],[-97.8253,28.6703],[-97.8258,28.6731],[-97.8294,28.6774],[-97.8341,28.6757],[-97.8357,28.6802],[-97.8376,28.68],[-97.8483,28.6839],[-97.8566,28.6847],[-97.8758,28.6924],[-97.8782,28.6931],[-97.8792,28.6956],[-97.8805,28.6953],[-97.8811,28.6959],[-97.8835,28.6954],[-97.8848,28.6984],[-97.8931,28.7001],[-97.8926,28.7042],[-97.8951,28.7039],[-97.901,28.712],[-97.9049,28.7127],[-97.9149,28.7194],[-98.0053,28.6902],[-98.0325,28.7183],[-98.0983,28.7869],[-98.1084,28.7796],[-98.111,28.7777],[-98.2212,28.6963],[-98.3078,28.6327],[-98.335,28.6127],[-98.3347,28.5801],[-98.3343,28.2662],[-98.3343,28.0578],[-98.4992,28.0575],[-98.5197,28.0575],[-98.7116,28.057],[-98.8033,28.0575],[-98.879,28.0544],[-98.9663,28.0514],[-99.0003,28.0505],[-99.1148,28.0431],[-99.3302,28.0332],[-99.3889,28.0304],[-99.3937,28.1887],[-99.3942,28.2046],[-99.4604,28.204],[-99.5003,28.2032],[-99.9916,28.1988],[-100.1137,28.1978],[-100.2122,28.1968],[-100.214,28.2053],[-100.2136,28.2065],[-100.2134,28.2104],[-100.2142,28.2118],[-100.2151,28.2165],[-100.2163,28.2212],[-100.2163,28.2227],[-100.2176,28.2269],[-100.2203,28.2322],[-100.2236,28.2352],[-100.2276,28.2359],[-100.2313,28.2356],[-100.2322,28.2361],[-100.235,28.2352],[-100.2401,28.2349],[-100.2443,28.2341],[-100.2462,28.2341],[-100.2503,28.2355],[-100.2572,28.2398],[-100.2609,28.2448],[-100.2653,28.2485],[-100.2676,28.2503],[-100.2701,28.2537],[-100.2726,28.2559],[-100.2776,28.2625],[-100.2801,28.2671],[-100.2832,28.2706],[-100.2851,28.2718],[-100.2894,28.2735],[-100.2914,28.2754],[-100.2935,28.2785],[-100.2943,28.281],[-100.2944,28.2835],[-100.2933,28.2874],[-100.2925,28.2882],[-100.2904,28.2951],[-100.2898,28.2958],[-100.2876,28.3011],[-100.286,28.3091],[-100.2861,28.3112],[-100.2886,28.317],[-100.2895,28.3176],[-100.2916,28.3204],[-100.2948,28.3232],[-100.3025,28.3326],[-100.3091,28.3387],[-100.3103,28.3426],[-100.3142,28.3459],[-100.315,28.3476],[-100.3172,28.3574],[-100.319,28.3602],[-100.3288,28.3716],[-100.3314,28.3739],[-100.3322,28.3753],[-100.3419,28.385],[-100.3444,28.3897],[-100.3493,28.4014],[-100.3494,28.4037],[-100.347,28.4072],[-100.3452,28.4079],[-100.3439,28.4101],[-100.3362,28.4302],[-100.3376,28.4377],[-100.3374,28.4412],[-100.3378,28.443],[-100.3394,28.4464],[-100.3415,28.4496],[-100.3484,28.456],[-100.3508,28.4592],[-100.3575,28.4636],[-100.361,28.4673],[-100.3621,28.4693],[-100.3678,28.475],[-100.3682,28.4789],[-100.366,28.4811],[-100.3619,28.4823],[-100.3551,28.4821],[-100.3522,28.4826],[-100.3442,28.4862],[-100.3371,28.4917],[-100.3349,28.4951],[-100.3337,28.4979],[-100.3338,28.4993],[-100.3347,28.5003],[-100.3385,28.5018],[-100.3467,28.5038],[-100.3531,28.5042],[-100.358,28.5056],[-100.3604,28.5078],[-100.3621,28.5084],[-100.3647,28.5086],[-100.3764,28.5118],[-100.3791,28.5116],[-100.3847,28.5132],[-100.3883,28.5149],[-100.395,28.5284],[-100.3977,28.5304],[-100.4002,28.5311],[-100.4022,28.5327],[-100.4051,28.5358],[-100.4099,28.5456],[-100.4114,28.5519],[-100.4089,28.5573],[-100.405,28.5608],[-100.4048,28.563],[-100.4029,28.5659],[-100.3973,28.5756],[-100.3968,28.5804],[-100.3976,28.5828],[-100.3985,28.5852],[-100.4003,28.5865],[-100.4062,28.5887],[-100.409,28.5889],[-100.4194,28.5934],[-100.4266,28.5951],[-100.4299,28.5964],[-100.4319,28.5978],[-100.4336,28.6061],[-100.4353,28.607],[-100.445,28.6078],[-100.4473,28.6093],[-100.4486,28.6168],[-100.4476,28.6212],[-100.4469,28.6312],[-100.4455,28.6371],[-100.4462,28.6386],[-100.4458,28.6406],[-100.4471,28.6422],[-100.4495,28.643],[-100.4567,28.642],[-100.4603,28.641],[-100.4621,28.6411],[-100.4745,28.6471],[-100.4796,28.6552],[-100.4826,28.6556],[-100.4846,28.6562],[-100.4893,28.658],[-100.4926,28.6579],[-100.4973,28.6591],[-100.4998,28.6612],[-100.501,28.6646],[-100.5066,28.68],[-100.5105,28.6927],[-100.5109,28.7015],[-100.512,28.7054],[-100.5118,28.7069],[-100.5103,28.7093],[-100.5078,28.7133],[-100.5067,28.7167],[-100.5076,28.7197],[-100.5077,28.7278],[-100.5071,28.7289],[-100.5068,28.732],[-100.5076,28.7406],[-100.5083,28.7412],[-100.5124,28.7416],[-100.5145,28.7423],[-100.5156,28.7439],[-100.5144,28.7493],[-100.5149,28.7515],[-100.5169,28.7541],[-100.5216,28.7576],[-100.5225,28.7578],[-100.5274,28.7561],[-100.5299,28.7566],[-100.5329,28.7581],[-100.5334,28.7592],[-100.5336,28.7611],[-100.533,28.7633],[-100.5303,28.7671],[-100.53,28.7704],[-100.5312,28.7729],[-100.535,28.7759],[-100.5364,28.7776],[-100.5378,28.7808],[-100.5377,28.7827],[-100.5369,28.7843],[-100.5335,28.7878],[-100.5324,28.7911],[-100.5337,28.8003],[-100.5358,28.8059],[-100.5379,28.8065],[-100.5422,28.8085],[-100.5458,28.8133],[-100.5462,28.816],[-100.5455,28.8191],[-100.5468,28.8254],[-100.5482,28.8261],[-100.5531,28.8283],[-100.5628,28.8292],[-100.5658,28.8283],[-100.5684,28.8269],[-100.5705,28.8263],[-100.5723,28.8269],[-100.5747,28.8288],[-100.5764,28.8341],[-100.5768,28.8362],[-100.5755,28.8409],[-100.573,28.8485],[-100.5805,28.856],[-100.5882,28.8602],[-100.5899,28.8616],[-100.5915,28.8643],[-100.5908,28.8674],[-100.5908,28.8706],[-100.5916,28.8727],[-100.5941,28.8734],[-100.5968,28.8734],[-100.5987,28.8752],[-100.5988,28.8774],[-100.5979,28.8801],[-100.5961,28.8816],[-100.591,28.883],[-100.5897,28.8854],[-100.5898,28.8869],[-100.5915,28.8893],[-100.5934,28.8892],[-100.5949,28.8882],[-100.6015,28.8872],[-100.6035,28.8885],[-100.6038,28.8895],[-100.6023,28.8942],[-100.6023,28.8981],[-100.6016,28.9013],[-100.6026,28.9022],[-100.6078,28.9023],[-100.611,28.9016],[-100.6134,28.9014],[-100.6158,28.9031],[-100.6167,28.9062],[-100.6182,28.9085],[-100.6226,28.9095],[-100.6242,28.909],[-100.6259,28.9074],[-100.6263,28.9052],[-100.6272,28.9037],[-100.6312,28.9029],[-100.6328,28.9038],[-100.6347,28.9087],[-100.6366,28.9115],[-100.6392,28.9126],[-100.6406,28.9142],[-100.6406,28.9152],[-100.6392,28.9163],[-100.6316,28.917],[-100.63,28.9183],[-100.6296,28.9199],[-100.6307,28.924],[-100.6324,28.925],[-100.6369,28.9263],[-100.6397,28.9287],[-100.6429,28.9347],[-100.6444,28.9383],[-100.6488,28.941],[-100.6515,28.9434],[-100.6515,28.9456],[-100.648,28.9539],[-100.647,28.9571],[-100.6483,28.9607],[-100.6499,28.9614],[-100.6499,28.9632],[-100.6466,28.9669],[-100.6466,28.9715],[-100.6479,28.9737],[-100.6486,28.9762],[-100.6482,28.9828],[-100.6477,28.9847],[-100.6459,28.9864],[-100.6469,28.9918],[-100.649,28.9956],[-100.6485,28.9989],[-100.6509,29.0083],[-100.6538,29.0154],[-100.6561,29.0172],[-100.6602,29.0315],[-100.6604,29.0358],[-100.6619,29.0397],[-100.6632,29.048],[-100.6625,29.0581],[-100.6641,29.0732],[-100.6659,29.0768],[-100.6675,29.0843],[-100.6706,29.092],[-100.6747,29.0998],[-100.6782,29.1043],[-100.6845,29.1107],[-100.6885,29.1126],[-100.6923,29.1152],[-100.71,29.1197],[-100.7161,29.1231],[-100.7275,29.1291],[-100.7291,29.1315],[-100.7378,29.1391],[-100.7391,29.1417],[-100.7376,29.1474],[-100.738,29.1488],[-100.7397,29.1505],[-100.7461,29.1541],[-100.7504,29.1552],[-100.7566,29.156],[-100.7597,29.1572],[-100.7634,29.1601],[-100.7637,29.1644],[-100.7657,29.1665],[-100.7706,29.1674],[-100.772,29.1681],[-100.7732,29.1698],[-100.7759,29.1733],[-100.7756,29.1744],[-100.7685,29.1818],[-100.766,29.1858],[-100.7659,29.1875],[-100.7671,29.1953],[-100.7681,29.1974],[-100.7695,29.1987],[-100.7751,29.2001],[-100.776,29.2011],[-100.777,29.2043],[-100.7747,29.2106],[-100.775,29.2116],[-100.7771,29.2135],[-100.7797,29.2187],[-100.7824,29.2225],[-100.7838,29.226],[-100.7855,29.2281],[-100.7863,29.2285],[-100.7914,29.2259],[-100.7937,29.2265],[-100.7957,29.2277],[-100.7969,29.2314],[-100.797,29.2356],[-100.7947,29.2407],[-100.7948,29.2416],[-100.7957,29.2443],[-100.7977,29.2469],[-100.8024,29.2502],[-100.8093,29.2532],[-100.8163,29.2539],[-100.8167,29.2556],[-100.8136,29.2612],[-100.814,29.2631],[-100.817,29.2643],[-100.821,29.2629],[-100.8235,29.2617],[-100.8296,29.2616],[-100.8312,29.2618],[-100.8323,29.2613],[-100.8362,29.262],[-100.8408,29.2645],[-100.8428,29.267],[-100.8499,29.2721],[-100.8515,29.2718],[-100.8534,29.2726],[-100.8553,29.2749],[-100.8565,29.2757],[-100.8647,29.2761],[-100.8761,29.2796],[-100.8781,29.2809],[-100.8803,29.2872],[-100.8812,29.2956],[-100.8821,29.299],[-100.8858,29.3043],[-100.8863,29.3073],[-100.8868,29.3078],[-100.8911,29.3088],[-100.8949,29.3104],[-100.8966,29.3091],[-100.899,29.3097],[-100.9048,29.312],[-100.9064,29.313],[-100.9084,29.3169],[-100.9105,29.3178],[-100.9131,29.3178],[-100.9162,29.3192],[-100.9171,29.3205],[-100.9183,29.3241],[-100.9201,29.3256],[-100.9236,29.3268],[-100.9267,29.3266],[-100.9285,29.327],[-100.9345,29.3308],[-100.9406,29.3331],[-100.9413,29.3339],[-100.9424,29.3403],[-100.9432,29.342],[-100.9474,29.3462],[-100.949,29.3472],[-100.9507,29.3477],[-100.9625,29.3471],[-100.9643,29.3473],[-100.9717,29.3514],[-100.9728,29.3532],[-100.9729,29.3545],[-100.9832,29.3591],[-100.9956,29.3634],[-101.0036,29.3651],[-101.0042,29.3648],[-101.0106,29.3687],[-101.0143,29.3743],[-101.0133,29.3803],[-101.016,29.3853],[-101.0167,29.3873],[-101.021,29.3928],[-101.024,29.3937],[-101.0318,29.401],[-101.0351,29.4053],[-101.0366,29.4061],[-101.0386,29.4115],[-101.0376,29.4147],[-101.0395,29.4165],[-101.0406,29.4225],[-101.0434,29.4299],[-101.0505,29.4346],[-101.0563,29.44],[-101.057,29.4416],[-101.0568,29.4476],[-101.0581,29.4478],[-101.0586,29.4502],[-101.0598,29.4557],[-101.0602,29.4587],[-101.077,29.4641],[-101.0871,29.4694],[-101.1037,29.4705],[-101.1153,29.4685],[-101.1238,29.4737],[-101.1254,29.4751],[-101.13,29.4784],[-101.1326,29.4773],[-101.1375,29.4735],[-101.1407,29.473],[-101.1443,29.4732],[-101.1519,29.477],[-101.1522,29.4784],[-101.1527,29.4786],[-101.1622,29.4907],[-101.1681,29.5002],[-101.1717,29.504],[-101.1738,29.5146],[-101.1927,29.5203],[-101.2274,29.5224],[-101.2353,29.5249],[-101.2504,29.5207],[-101.2549,29.5203],[-101.2608,29.5299],[-101.2612,29.5368],[-101.2575,29.5448],[-101.2553,29.5493],[-101.2485,29.5592],[-101.2421,29.5645],[-101.241,29.565],[-101.2517,29.6002],[-101.2523,29.6042],[-101.2496,29.6102],[-101.2473,29.6185],[-101.2504,29.6242],[-101.254,29.6269],[-101.2634,29.631],[-101.2665,29.631],[-101.2691,29.6301],[-101.2756,29.6234],[-101.2788,29.6195],[-101.2805,29.6144],[-101.2779,29.6087],[-101.2774,29.6066],[-101.278,29.5965],[-101.2776,29.5932],[-101.2779,29.5908],[-101.2794,29.5882],[-101.2806,29.5872],[-101.2811,29.5859],[-101.2853,29.582],[-101.291,29.5715],[-101.2925,29.5716],[-101.2962,29.5728],[-101.3055,29.5779],[-101.3116,29.5851],[-101.3124,29.5874],[-101.3134,29.6023],[-101.3126,29.6076],[-101.3129,29.6107],[-101.3113,29.616],[-101.3059,29.6252],[-101.3014,29.6346],[-101.3,29.6407],[-101.3025,29.6504],[-101.3036,29.6523],[-101.3069,29.6558],[-101.3104,29.6577],[-101.3141,29.6591],[-101.3335,29.6609],[-101.3375,29.6608],[-101.346,29.6622],[-101.3479,29.6622],[-101.3494,29.6617],[-101.3503,29.6607],[-101.3555,29.651],[-101.3571,29.6493],[-101.3587,29.6491],[-101.3613,29.6501],[-101.3632,29.6526],[-101.3656,29.6669],[-101.3671,29.6709],[-101.3687,29.6724],[-101.3727,29.6781],[-101.3731,29.6841],[-101.3718,29.6933],[-101.3728,29.6994],[-101.3754,29.7018],[-101.3885,29.7076],[-101.3969,29.7139],[-101.3984,29.717],[-101.3982,29.7205],[-101.3963,29.7271],[-101.3963,29.7305],[-101.397,29.734],[-101.3986,29.7364],[-101.4006,29.7381],[-101.4077,29.7404],[-101.4132,29.7436],[-101.4156,29.7465],[-101.4157,29.7502],[-101.4146,29.7524],[-101.409,29.7552],[-101.4039,29.7576],[-101.4002,29.7601],[-101.399,29.7622],[-101.3984,29.7646],[-101.3987,29.7669],[-101.3997,29.769],[-101.4023,29.7712],[-101.4041,29.7718],[-101.408,29.7714],[-101.4109,29.7702],[-101.4283,29.7583],[-101.4363,29.7519],[-101.4404,29.7502],[-101.4426,29.7497],[-101.4467,29.7502],[-101.4489,29.7507],[-101.4503,29.7528],[-101.4531,29.7647],[-101.455,29.7702],[-101.455,29.7745],[-101.4528,29.7838],[-101.4538,29.7859],[-101.4558,29.788],[-101.4583,29.7892],[-101.4609,29.7897],[-101.4644,29.7893],[-101.4763,29.7855],[-101.4789,29.7841],[-101.4825,29.7801],[-101.486,29.7749],[-101.5004,29.7659],[-101.5032,29.7646],[-101.5083,29.7642],[-101.5176,29.765],[-101.5228,29.7633],[-101.5256,29.7616],[-101.5303,29.7596],[-101.5339,29.7587],[-101.5373,29.7594],[-101.5386,29.7605],[-101.5394,29.7638],[-101.5394,29.7664],[-101.5385,29.77],[-101.5379,29.7881],[-101.5369,29.7916],[-101.5352,29.7954],[-101.535,29.7977],[-101.5362,29.8013],[-101.5419,29.8108],[-101.5439,29.8118],[-101.5462,29.8114],[-101.5484,29.8096],[-101.5509,29.8057],[-101.5525,29.8042],[-101.5541,29.8034],[-101.5665,29.7995],[-101.5678,29.7987],[-101.5732,29.7903],[-101.5743,29.7865],[-101.5729,29.7834],[-101.5725,29.7746],[-101.5722,29.7733],[-101.575,29.7698],[-101.5775,29.7691],[-101.5786,29.7697],[-101.583,29.7701],[-101.5869,29.7711],[-101.5894,29.7709],[-101.5967,29.7726],[-101.5989,29.7738],[-101.6049,29.7743],[-101.6075,29.7738],[-101.6157,29.7704],[-101.6203,29.7698],[-101.626,29.7711],[-101.6295,29.7697],[-101.6327,29.7645],[-101.6325,29.7623],[-101.6351,29.7587],[-101.6381,29.7572],[-101.6405,29.7567],[-101.6422,29.7549],[-101.6464,29.7543],[-101.6509,29.7571],[-101.6534,29.7604],[-101.6534,29.7622],[-101.6552,29.7658],[-101.6591,29.7673],[-101.6605,29.7693],[-101.6616,29.7709],[-101.6637,29.7712],[-101.6657,29.77],[-101.6701,29.7693],[-101.674,29.7663],[-101.6749,29.7628],[-101.6746,29.7621],[-101.6751,29.7612],[-101.678,29.7603],[-101.6806,29.7603],[-101.6822,29.7614],[-101.6852,29.7656],[-101.6863,29.7687],[-101.69,29.7712],[-101.6924,29.7695],[-101.6948,29.7683],[-101.6984,29.7656],[-101.7012,29.7651],[-101.7068,29.7626],[-101.7075,29.7615],[-101.7106,29.7617],[-101.7133,29.764],[-101.7142,29.7677],[-101.7175,29.7724],[-101.7192,29.7754],[-101.7201,29.776],[-101.7235,29.7763],[-101.7257,29.7755],[-101.7284,29.7729],[-101.7317,29.7715],[-101.7352,29.7716],[-101.7389,29.7732],[-101.7394,29.7738],[-101.7401,29.7765],[-101.7415,29.7785],[-101.7441,29.7794],[-101.7451,29.7792],[-101.7468,29.7782],[-101.7504,29.7776],[-101.7543,29.7777],[-101.7609,29.7821],[-101.7603,29.8578],[-101.76,29.8752],[-101.7596,29.9497],[-101.7601,29.9877],[-101.7594,30.0002],[-101.7584,30.288],[-101.6715,30.288],[-101.6506,30.2884],[-101.6325,30.2882],[-101.5492,30.2882],[-101.1118,30.2879],[-101.0712,30.2877],[-101.0052,30.2873],[-101.0004,30.2881],[-100.9721,30.2876],[-100.9606,30.2878],[-100.9142,30.2875],[-100.8459,30.288],[-100.7004,30.2883],[-100.6454,30.2882],[-100.5058,30.2879],[-100.3814,30.289],[-100.1165,30.2903],[-99.9598,30.2902],[-99.9415,30.2902],[-99.911,30.2904],[-99.8719,30.2903],[-99.7542,30.2906],[-99.7503,30.2906],[-99.7499,30.2909],[-99.6814,30.29],[-99.5167,30.2886],[-99.4559,30.2882],[-99.3992,30.2879],[-99.302,30.2867],[-99.304,30.4998],[-99.2686,30.4995],[-99.2367,30.4988],[-99.1316,30.4988],[-99.0111,30.4981],[-98.9803,30.4984],[-98.9642,30.4985],[-98.9508,30.4985],[-98.9405,30.5006],[-98.935,30.4986],[-98.9091,30.4989],[-98.881,30.4989],[-98.869,30.4992],[-98.868,30.499],[-98.8646,30.4998],[-98.8623,30.4995],[-98.8621,30.4992],[-98.8318,30.4991],[-98.8142,30.5006],[-98.8014,30.4992],[-98.7862,30.4992],[-98.7663,30.4987],[-98.762,30.498],[-98.7585,30.4989],[-98.7498,30.4992],[-98.7428,30.5002],[-98.729,30.4989],[-98.7188,30.499],[-98.7083,30.4996],[-98.7061,30.4988],[-98.6901,30.4991],[-98.6231,30.4992],[-98.6161,30.4997],[-98.5917,30.4999],[-98.5907,30.4419],[-98.5901,30.4307],[-98.5904,30.4217],[-98.5895,30.3919],[-98.5892,30.3227],[-98.5894,30.312],[-98.5883,30.303],[-98.5891,30.3022],[-98.5888,30.2874],[-98.5866,30.2767],[-98.5879,30.2745],[-98.5886,30.2658],[-98.5881,30.2647],[-98.5879,30.2624],[-98.5879,30.2395],[-98.5875,30.1858],[-98.5879,30.139],[-98.5389,30.0817],[-98.5324,30.0738],[-98.5297,30.0713],[-98.4384,29.9662],[-98.414,29.9376],[-98.4104,29.9398],[-98.4082,29.9428],[-98.4068,29.9435],[-98.4068,29.9443],[-98.4048,29.9457],[-98.4015,29.9483],[-98.3989,29.9505],[-98.3643,29.9803],[-98.356,29.9869],[-98.3474,29.9949],[-98.3266,30.0125],[-98.3071,30.03],[-98.3035,30.0324],[-98.2976,30.038],[-98.2039,29.9716],[-98.1983,29.9674],[-98.1944,29.9648],[-98.1883,29.9605],[-98.1794,29.9541],[-98.1516,29.9343],[-98.1213,29.9129],[-98.0306,29.8487],[-98.0185,29.8124],[-98.0176,29.809],[-98.0072,29.777],[-97.9999,29.7553],[-97.9998,29.755],[-97.9992,29.7524],[-97.9979,29.7537],[-97.9967,29.7535],[-97.9944,29.7568],[-97.9675,29.7831],[-97.9662,29.7843],[-97.9575,29.7931],[-97.9535,29.7966],[-97.9433,29.807],[-97.9081,29.8333],[-97.875,29.8583],[-97.8726,29.8555],[-97.8718,29.8528],[-97.8687,29.8516],[-97.8678,29.8518],[-97.8672,29.8541],[-97.8642,29.8563],[-97.8621,29.8555],[-97.8619,29.8547],[-97.856,29.8489],[-97.8558,29.8445],[-97.8537,29.8433],[-97.8492,29.8434],[-97.8477,29.8426],[-97.8455,29.8395],[-97.8444,29.8371],[-97.8441,29.8342],[-97.844,29.8332],[-97.8432,29.8322],[-97.8413,29.8318],[-97.841,29.8306],[-97.84,29.8291],[-97.8374,29.8282],[-97.8367,29.8252],[-97.8415,29.8246],[-97.8424,29.8235],[-97.842,29.8213],[-97.8398,29.8204],[-97.8408,29.8157],[-97.8422,29.813],[-97.8451,29.8112],[-97.8464,29.8091],[-97.8458,29.8078],[-97.845,29.8081],[-97.8426,29.808],[-97.8422,29.8068],[-97.8423,29.8019],[-97.843,29.8008],[-97.8426,29.7994],[-97.8388,29.7974],[-97.8377,29.7956],[-97.8341,29.7946],[-97.8306,29.7957],[-97.8295,29.7938],[-97.8299,29.7902],[-97.8316,29.7873],[-97.8324,29.7845],[-97.8317,29.7831],[-97.8291,29.7796],[-97.8279,29.7793],[-97.8277,29.7797],[-97.8287,29.7807],[-97.8285,29.7813],[-97.8244,29.7812],[-97.8251,29.7823],[-97.8261,29.783],[-97.8262,29.7841],[-97.8251,29.784],[-97.8236,29.7852],[-97.8229,29.7844],[-97.8245,29.7838],[-97.8242,29.7831],[-97.8223,29.7827],[-97.8215,29.7837],[-97.8206,29.7873],[-97.8189,29.7897],[-97.8169,29.79],[-97.8152,29.7872],[-97.8144,29.7848],[-97.8122,29.7838],[-97.8123,29.7832],[-97.8135,29.7824],[-97.8139,29.7813],[-97.8147,29.7803],[-97.8129,29.7784],[-97.8114,29.7787],[-97.8115,29.7797],[-97.8086,29.7797],[-97.807,29.7788],[-97.8053,29.7786],[-97.8061,29.7757],[-97.8052,29.7746],[-97.8056,29.7737],[-97.8075,29.7748],[-97.8093,29.7751],[-97.8103,29.7756],[-97.8106,29.7744],[-97.8092,29.773],[-97.8072,29.7697],[-97.8049,29.7678],[-97.8015,29.7671],[-97.8008,29.7664],[-97.8,29.7629],[-97.8007,29.7593],[-97.8033,29.7584],[-97.8033,29.7566],[-97.8038,29.7545],[-97.8032,29.7539],[-97.8018,29.7537],[-97.7994,29.7524],[-97.7952,29.7525],[-97.7931,29.7538],[-97.7931,29.7588],[-97.7865,29.7608],[-97.7818,29.7597],[-97.7809,29.7587],[-97.7813,29.7577],[-97.7802,29.7571],[-97.7801,29.756],[-97.7804,29.7551],[-97.7801,29.7506],[-97.7795,29.7486],[-97.7814,29.7485],[-97.781,29.7476],[-97.7781,29.7471],[-97.7755,29.7453],[-97.7753,29.7446],[-97.7739,29.7438],[-97.7739,29.7419],[-97.7688,29.7413],[-97.7687,29.7405],[-97.7707,29.7384],[-97.771,29.7365],[-97.7706,29.734],[-97.7713,29.7334],[-97.7723,29.7336],[-97.771,29.7321],[-97.7691,29.7308],[-97.7656,29.7272],[-97.7627,29.7267],[-97.7629,29.7256],[-97.7619,29.725],[-97.7608,29.7248],[-97.7607,29.7236],[-97.7628,29.7224],[-97.7647,29.7208],[-97.7673,29.7206],[-97.7675,29.7191],[-97.7687,29.719],[-97.7687,29.7177],[-97.7658,29.7162],[-97.7656,29.7152],[-97.7632,29.7129],[-97.7583,29.7152],[-97.7565,29.7181],[-97.7535,29.7172],[-97.752,29.7158],[-97.7503,29.7147],[-97.7476,29.7145],[-97.7474,29.7133],[-97.7477,29.7118],[-97.7458,29.7117],[-97.7448,29.7126],[-97.744,29.7119],[-97.7392,29.7125],[-97.7384,29.7127],[-97.737,29.7107],[-97.7359,29.707],[-97.736,29.7051],[-97.7376,29.7017],[-97.7421,29.6992],[-97.7435,29.6977],[-97.7429,29.6966],[-97.7383,29.6961],[-97.7368,29.6952],[-97.7354,29.6932],[-97.7355,29.6912],[-97.7323,29.6901],[-97.7278,29.6878],[-97.7277,29.6869],[-97.7254,29.6857],[-97.7227,29.6854],[-97.7227,29.6823],[-97.7216,29.6821],[-97.7181,29.6834],[-97.718,29.6826],[-97.717,29.6817],[-97.7138,29.6818],[-97.7119,29.6813],[-97.7082,29.6833],[-97.7063,29.6828],[-97.7054,29.6829],[-97.7038,29.6819],[-97.7045,29.6806],[-97.7045,29.6794],[-97.7052,29.6785],[-97.7051,29.6778],[-97.7059,29.6769],[-97.7053,29.6764],[-97.7053,29.6755],[-97.7035,29.6738],[-97.7035,29.6715],[-97.7026,29.6706],[-97.7023,29.6688],[-97.7007,29.6683],[-97.6994,29.6678],[-97.6929,29.6731],[-97.6899,29.6734],[-97.6913,29.6725],[-97.6911,29.6718],[-97.6899,29.6719],[-97.6887,29.6726],[-97.6851,29.6673],[-97.6852,29.6664],[-97.6866,29.6671],[-97.6872,29.6664],[-97.6858,29.6656],[-97.6838,29.6661],[-97.6832,29.6668],[-97.6822,29.6662],[-97.6824,29.6655],[-97.6836,29.6651],[-97.6838,29.6643],[-97.6806,29.6637],[-97.6785,29.6646],[-97.6783,29.6666],[-97.6765,29.6671],[-97.6779,29.6682],[-97.6777,29.6687],[-97.6754,29.6681],[-97.6741,29.6684],[-97.6745,29.6666],[-97.6751,29.6657],[-97.674,29.6645],[-97.6734,29.6632],[-97.6716,29.6638],[-97.6711,29.6653],[-97.6714,29.6664],[-97.6694,29.6674],[-97.6659,29.6669],[-97.6653,29.6674],[-97.6652,29.6687],[-97.6643,29.6683],[-97.663,29.667],[-97.6619,29.6686],[-97.6612,29.6686],[-97.6596,29.6666],[-97.659,29.6635],[-97.6569,29.6627],[-97.6566,29.6633],[-97.657,29.6645],[-97.6531,29.6677],[-97.6522,29.6672],[-97.6501,29.6656],[-97.6485,29.6634],[-97.6471,29.6632],[-97.6465,29.6593],[-97.6471,29.6586],[-97.65,29.6617],[-97.6518,29.6616],[-97.6528,29.6594],[-97.6524,29.6586],[-97.6541,29.658],[-97.6528,29.6559],[-97.6514,29.6553],[-97.651,29.6542],[-97.6488,29.6566],[-97.6479,29.6554],[-97.6445,29.6545],[-97.6427,29.6548],[-97.642,29.6527],[-97.6402,29.652],[-97.6396,29.6529],[-97.6381,29.6533],[-97.6376,29.6544],[-97.6359,29.6552],[-97.6356,29.6539],[-97.6317,29.6532],[-97.6322,29.6507],[-97.6337,29.6509],[-97.6338,29.65],[-97.6329,29.6491],[-97.6339,29.6475],[-97.6318,29.6465],[-97.6306,29.6472],[-97.6303,29.6462],[-97.6311,29.6459],[-97.6302,29.6452],[-97.6301,29.6437],[-97.6294,29.6398],[-97.6274,29.6405],[-97.628,29.6413],[-97.628,29.6425],[-97.6253,29.643],[-97.6237,29.6426],[-97.6224,29.6427],[-97.6212,29.644],[-97.6189,29.6449],[-97.6169,29.6448],[-97.6172,29.6435],[-97.6163,29.6418],[-97.6166,29.6398],[-97.6181,29.6379],[-97.6179,29.6374],[-97.6188,29.6355],[-97.6181,29.6334],[-97.6162,29.6347],[-97.6119,29.6369],[-97.6091,29.637],[-97.608,29.6357],[-97.6059,29.6351],[-97.6047,29.6361],[-97.6064,29.6403],[-97.6053,29.6414],[-97.6037,29.6418],[-97.6023,29.6396],[-97.6,29.6376],[-97.5997,29.6367],[-97.6006,29.6361],[-97.5986,29.6351],[-97.5986,29.6336],[-97.5997,29.6327],[-97.5996,29.6312],[-97.5977,29.6307],[-97.5877,29.6364],[-97.5834,29.638],[-97.5749,29.6435],[-97.5661,29.6479],[-97.5621,29.6505],[-97.5382,29.6636],[-97.5354,29.6649],[-97.5109,29.6783],[-97.493,29.6886],[-97.484,29.693],[-97.4654,29.7046],[-97.4551,29.7093],[-97.4364,29.7196],[-97.4347,29.7197],[-97.431,29.7223],[-97.426,29.7249],[-97.4145,29.7316],[-97.4098,29.7355],[-97.3963,29.7417],[-97.3841,29.7502],[-97.3776,29.7519],[-97.367,29.7574],[-97.3418,29.7713],[-97.3404,29.7713],[-97.3363,29.774],[-97.3343,29.7756],[-97.3225,29.782],[-97.3197,29.7824],[-97.3177,29.7838],[-97.2986,29.77],[-97.2094,29.7031],[-97.2012,29.6979],[-97.1951,29.6923],[-97.1305,29.6433],[-97.1434,29.6279],[-97.0989,29.6288],[-97.0493,29.6293],[-97.0395,29.63],[-97.0021,29.6307],[-96.9636,29.6315],[-96.9332,29.6319],[-96.933,29.6313],[-96.9308,29.6319],[-96.9054,29.6323],[-96.8812,29.6326],[-96.8771,29.6324],[-96.8742,29.6326],[-96.865,29.6327],[-96.8654,29.6304],[-96.8592,29.6268],[-96.8593,29.6245],[-96.8478,29.6209],[-96.8492,29.6183],[-96.8446,29.617],[-96.8427,29.6143],[-96.8443,29.6092],[-96.8393,29.6049],[-96.8378,29.6008],[-96.834,29.5959],[-96.8363,29.5887],[-96.8396,29.5856],[-96.8329,29.5769],[-96.793,29.5774],[-96.7096,29.49],[-96.7086,29.4887],[-96.7062,29.4867],[-96.5861,29.3626],[-96.5764,29.3559],[-96.5765,29.352],[-96.5606,29.3354],[-96.6435,29.2739],[-96.6585,29.2639],[-96.8476,29.1297],[-96.9386,29.0632],[-96.9764,29.104],[-96.9985,29.0879],[-97.0186,29.0732],[-97.026,29.0677],[-97.027,29.0686],[-97.1606,28.9709],[-97.1716,28.9628],[-97.2946,28.8724],[-97.3055,28.865],[-97.3028,28.8635],[-97.3001,28.8625],[-97.2983,28.8618],[-97.2975,28.8598],[-97.2998,28.8563],[-97.2987,28.8551],[-97.2977,28.8539],[-97.2993,28.8522],[-97.3024,28.8516],[-97.3048,28.8511],[-97.3051,28.8478],[-97.3047,28.8467],[-97.3036,28.8463],[-97.2999,28.8441],[-97.2957,28.8458],[-97.2933,28.8477],[-97.2874,28.8452],[-97.286,28.8457],[-97.2842,28.8471],[-97.2832,28.8466],[-97.2811,28.8471],[-97.2807,28.8475],[-97.2729,28.8472],[-97.268,28.8481],[-97.2664,28.8488],[-97.2622,28.8481],[-97.2611,28.8477],[-97.2595,28.8471],[-97.2564,28.8485],[-97.2551,28.8499],[-97.2547,28.8524],[-97.2551,28.8558],[-97.2538,28.8578],[-97.2492,28.8575],[-97.2433,28.8553],[-97.2378,28.8543],[-97.2367,28.8539],[-97.2348,28.8544],[-97.2329,28.8569],[-97.2335,28.859],[-97.2372,28.8627],[-97.2366,28.8647],[-97.2325,28.8653],[-97.2256,28.8625],[-97.2224,28.8615],[-97.2192,28.8613],[-97.2172,28.8608],[-97.217,28.8602],[-97.2153,28.8598],[-97.21,28.8553],[-97.207,28.8553],[-97.2041,28.8551],[-97.2022,28.8534],[-97.2007,28.8483],[-97.1954,28.839],[-97.193,28.8381],[-97.1908,28.8376],[-97.1867,28.8342],[-97.1863,28.8326],[-97.1875,28.8292],[-97.1892,28.8244],[-97.1886,28.8202],[-97.1898,28.8176],[-97.1909,28.8149],[-97.1902,28.8125],[-97.1867,28.8098],[-97.1841,28.8047],[-97.1794,28.798],[-97.1766,28.7915],[-97.1748,28.7891],[-97.1699,28.7856],[-97.1635,28.784],[-97.1608,28.783],[-97.1605,28.7807],[-97.1589,28.7762],[-97.1622,28.7728],[-97.1622,28.7703],[-97.1642,28.7648],[-97.1666,28.7612],[-97.1679,28.758],[-97.1662,28.7532],[-97.1674,28.7488],[-97.1709,28.7449],[-97.1737,28.7431],[-97.177,28.741],[-97.1784,28.7381],[-97.178,28.7369],[-97.172,28.7374],[-97.1702,28.7364],[-97.1694,28.7333],[-97.1678,28.7284],[-97.1724,28.6911],[-97.1817,28.6168],[-97.1812,28.6113],[-97.1824,28.6105],[-97.1802,28.6047],[-97.1753,28.599],[-97.176,28.5952],[-97.1753,28.5938],[-97.1722,28.5938],[-97.1712,28.5929],[-97.1706,28.5914],[-97.1701,28.5898],[-97.1623,28.5857],[-97.162,28.5849],[-97.1649,28.5837],[-97.1659,28.5851],[-97.1709,28.5868],[-97.1716,28.5856],[-97.1698,28.5841],[-97.1685,28.5837],[-97.166,28.582],[-97.166,28.5806],[-97.1688,28.5804],[-97.1706,28.5792],[-97.1699,28.577],[-97.1674,28.5763],[-97.1665,28.5778],[-97.165,28.5776],[-97.1633,28.5755],[-97.1628,28.5716],[-97.1614,28.5709],[-97.1584,28.5745],[-97.1575,28.5743],[-97.1576,28.5718],[-97.1552,28.5707],[-97.1537,28.5694],[-97.1541,28.5674],[-97.1579,28.5679],[-97.1587,28.5675],[-97.1583,28.5666],[-97.1579,28.5644],[-97.1589,28.5641],[-97.1605,28.565],[-97.1634,28.5655],[-97.1642,28.5644],[-97.1635,28.5635],[-97.1617,28.5638],[-97.1605,28.563],[-97.1605,28.5621],[-97.1644,28.5608],[-97.1644,28.5596],[-97.1628,28.5592],[-97.1616,28.5585],[-97.1631,28.5565],[-97.1607,28.5534]]]}},{"type":"Feature","properties":{"Dma":"Waco-Temple-Bryan","dma":"Waco-Temple-Bryan","name":"Waco-Temple-Bryan","dma_code":"625","dma_name_nielsen":"WACO-TEMPLE-BRYAN"},"geometry":{"type":"Polygon","coordinates":[[[-95.7399,31.5039],[-95.7424,31.5016],[-95.7435,31.4998],[-95.7424,31.4974],[-95.7405,31.4967],[-95.7404,31.4961],[-95.7419,31.4949],[-95.7449,31.4924],[-95.7451,31.4907],[-95.7423,31.4866],[-95.7386,31.4849],[-95.7361,31.4852],[-95.7319,31.4896],[-95.7303,31.4898],[-95.7293,31.4884],[-95.7275,31.4827],[-95.7239,31.4785],[-95.723,31.4767],[-95.722,31.4719],[-95.7228,31.4708],[-95.726,31.4699],[-95.7282,31.4706],[-95.73,31.4725],[-95.7319,31.4736],[-95.7348,31.4741],[-95.7393,31.472],[-95.7409,31.4691],[-95.7422,31.4676],[-95.746,31.4663],[-95.747,31.4614],[-95.7468,31.4578],[-95.7454,31.4573],[-95.7427,31.4596],[-95.7414,31.4601],[-95.7397,31.4593],[-95.7368,31.459],[-95.7346,31.4599],[-95.727,31.4619],[-95.7218,31.4624],[-95.7174,31.4608],[-95.7133,31.4567],[-95.7111,31.4533],[-95.7116,31.4456],[-95.7129,31.4426],[-95.7129,31.4408],[-95.7115,31.4365],[-95.7112,31.4312],[-95.7119,31.4273],[-95.7113,31.4208],[-95.7066,31.4124],[-95.6989,31.4076],[-95.6985,31.4063],[-95.7012,31.404],[-95.702,31.4024],[-95.7012,31.3945],[-95.6994,31.3927],[-95.6935,31.3918],[-95.6932,31.3903],[-95.6944,31.3884],[-95.6941,31.3871],[-95.6914,31.386],[-95.6914,31.3837],[-95.6926,31.3824],[-95.6926,31.3819],[-95.6894,31.3795],[-95.6898,31.3785],[-95.6926,31.3775],[-95.6921,31.3756],[-95.6893,31.3736],[-95.6851,31.3726],[-95.683,31.3694],[-95.6793,31.3684],[-95.6771,31.3691],[-95.6758,31.3682],[-95.6757,31.3657],[-95.6749,31.3654],[-95.6666,31.3666],[-95.6652,31.3657],[-95.6644,31.3629],[-95.6643,31.3608],[-95.6622,31.3596],[-95.6607,31.359],[-95.661,31.3581],[-95.6621,31.3571],[-95.666,31.3572],[-95.672,31.3564],[-95.6732,31.3552],[-95.6741,31.351],[-95.6759,31.3488],[-95.6777,31.3477],[-95.6772,31.3461],[-95.6747,31.3448],[-95.67,31.3447],[-95.6596,31.3454],[-95.6574,31.3432],[-95.6577,31.3383],[-95.6559,31.3311],[-95.6559,31.3245],[-95.6571,31.3187],[-95.6595,31.3158],[-95.6607,31.3158],[-95.6611,31.3171],[-95.6607,31.3189],[-95.662,31.3203],[-95.6635,31.3208],[-95.6666,31.3194],[-95.6696,31.319],[-95.6713,31.3175],[-95.6717,31.3163],[-95.6706,31.3147],[-95.6695,31.3132],[-95.6698,31.3104],[-95.6683,31.3087],[-95.6728,31.3029],[-95.6751,31.3023],[-95.6779,31.3035],[-95.6791,31.3024],[-95.6788,31.3009],[-95.6779,31.3003],[-95.6757,31.2999],[-95.6731,31.2983],[-95.6711,31.2963],[-95.6717,31.2953],[-95.6745,31.2943],[-95.6798,31.2907],[-95.6811,31.2883],[-95.6823,31.2883],[-95.6874,31.2926],[-95.6899,31.2965],[-95.6918,31.2975],[-95.695,31.297],[-95.703,31.2926],[-95.7064,31.2884],[-95.7076,31.2863],[-95.706,31.2844],[-95.7041,31.2832],[-95.7036,31.2815],[-95.7049,31.2803],[-95.7092,31.2797],[-95.7139,31.2753],[-95.7219,31.2723],[-95.7247,31.2718],[-95.7255,31.2706],[-95.7274,31.265],[-95.7277,31.2619],[-95.729,31.2599],[-95.7279,31.2588],[-95.7239,31.2567],[-95.7221,31.255],[-95.7232,31.2538],[-95.7278,31.2524],[-95.7282,31.2514],[-95.726,31.2482],[-95.7238,31.2456],[-95.7238,31.2449],[-95.7269,31.2413],[-95.7271,31.2386],[-95.7252,31.2305],[-95.7257,31.2284],[-95.7284,31.2243],[-95.7325,31.221],[-95.7391,31.2186],[-95.7413,31.2171],[-95.7428,31.2151],[-95.744,31.2121],[-95.7466,31.2104],[-95.7479,31.2076],[-95.748,31.2014],[-95.7453,31.1914],[-95.7455,31.1812],[-95.7424,31.1749],[-95.7323,31.1661],[-95.7287,31.1639],[-95.7282,31.1625],[-95.7296,31.1605],[-95.7325,31.1585],[-95.7337,31.1586],[-95.7346,31.1595],[-95.7371,31.1595],[-95.7394,31.1578],[-95.7413,31.1543],[-95.7475,31.154],[-95.7502,31.1512],[-95.7543,31.1486],[-95.7556,31.1453],[-95.7561,31.142],[-95.7576,31.141],[-95.7628,31.1437],[-95.7638,31.1436],[-95.7655,31.1408],[-95.7682,31.1399],[-95.7731,31.1393],[-95.7753,31.1368],[-95.7758,31.135],[-95.7738,31.1305],[-95.7727,31.1285],[-95.7729,31.1276],[-95.7745,31.1252],[-95.7748,31.1228],[-95.7769,31.1206],[-95.7731,31.118],[-95.7727,31.1172],[-95.773,31.1135],[-95.7703,31.1109],[-95.7673,31.1032],[-95.7663,31.102],[-95.7665,31.0986],[-95.7651,31.0967],[-95.7644,31.0942],[-95.7626,31.0909],[-95.7606,31.0889],[-95.7575,31.0887],[-95.7558,31.089],[-95.7544,31.0906],[-95.7525,31.0916],[-95.7502,31.0922],[-95.7468,31.0908],[-95.7416,31.0908],[-95.7401,31.0892],[-95.7392,31.0853],[-95.7364,31.0838],[-95.7336,31.0839],[-95.7316,31.0865],[-95.7299,31.0877],[-95.7284,31.0879],[-95.7275,31.0869],[-95.7259,31.082],[-95.7234,31.0798],[-95.7221,31.0797],[-95.7153,31.0804],[-95.7117,31.0817],[-95.7103,31.0814],[-95.7077,31.0782],[-95.707,31.0779],[-95.7051,31.0789],[-95.7041,31.0826],[-95.7027,31.0817],[-95.6997,31.0775],[-95.6985,31.0768],[-95.696,31.0776],[-95.6945,31.081],[-95.6924,31.082],[-95.6897,31.0814],[-95.6879,31.0802],[-95.6856,31.0771],[-95.6845,31.0769],[-95.6826,31.0772],[-95.6798,31.0786],[-95.6786,31.0777],[-95.6765,31.0759],[-95.6746,31.0763],[-95.6711,31.0791],[-95.664,31.0838],[-95.6625,31.0836],[-95.6613,31.0804],[-95.6584,31.08],[-95.6565,31.0793],[-95.6549,31.0754],[-95.6535,31.073],[-95.6485,31.07],[-95.6486,31.0691],[-95.6542,31.0682],[-95.6549,31.0673],[-95.6522,31.0629],[-95.6477,31.0581],[-95.6475,31.0554],[-95.6471,31.055],[-95.6338,31.0539],[-95.6313,31.0529],[-95.63,31.0518],[-95.6293,31.0464],[-95.6284,31.0442],[-95.6286,31.0424],[-95.6312,31.0408],[-95.6317,31.0395],[-95.6308,31.0378],[-95.6314,31.0368],[-95.6339,31.037],[-95.6356,31.038],[-95.6379,31.042],[-95.6404,31.0425],[-95.6419,31.0419],[-95.644,31.0384],[-95.6473,31.0362],[-95.652,31.0348],[-95.6606,31.0343],[-95.6624,31.0338],[-95.6641,31.032],[-95.6688,31.0269],[-95.6695,31.0255],[-95.6687,31.0222],[-95.6674,31.0204],[-95.6587,31.0173],[-95.6584,31.0163],[-95.6624,31.0097],[-95.6642,31.0044],[-95.6671,31.0002],[-95.6686,30.9992],[-95.6701,30.9977],[-95.6698,30.996],[-95.6704,30.9937],[-95.6725,30.9929],[-95.6789,30.9905],[-95.681,30.9882],[-95.6812,30.987],[-95.6754,30.9855],[-95.6741,30.9836],[-95.6729,30.9772],[-95.6716,30.9752],[-95.6674,30.9729],[-95.6655,30.9717],[-95.6635,30.967],[-95.6626,30.9627],[-95.6602,30.9572],[-95.6554,30.9532],[-95.655,30.9507],[-95.6514,30.9482],[-95.6503,30.9464],[-95.6498,30.936],[-95.6492,30.9355],[-95.6434,30.9347],[-95.6422,30.933],[-95.6409,30.9286],[-95.6399,30.9277],[-95.6374,30.9263],[-95.6351,30.9264],[-95.6336,30.926],[-95.628,30.9262],[-95.6242,30.9272],[-95.6225,30.9285],[-95.6179,30.9304],[-95.6187,30.9274],[-95.6219,30.9259],[-95.6119,30.918],[-95.615,30.9175],[-95.6159,30.9157],[-95.6138,30.9146],[-95.6165,30.9107],[-95.6192,30.914],[-95.6259,30.9095],[-95.628,30.9106],[-95.63,30.9047],[-95.6279,30.9028],[-95.6298,30.8999],[-95.6324,30.8999],[-95.6358,30.9014],[-95.6374,30.8994],[-95.6391,30.9007],[-95.6436,30.9001],[-95.646,30.8973],[-95.6485,30.8971],[-95.6495,30.8951],[-95.6555,30.8932],[-95.6553,30.8969],[-95.6612,30.8967],[-95.6615,30.8982],[-95.6596,30.8982],[-95.6616,30.9012],[-95.6623,30.9001],[-95.6645,30.9042],[-95.6651,30.9029],[-95.6666,30.905],[-95.6713,30.9033],[-95.6738,30.9053],[-95.6833,30.9054],[-95.6869,30.9007],[-95.6938,30.9023],[-95.6974,30.9042],[-95.6957,30.9071],[-95.7058,30.9074],[-95.7098,30.9063],[-95.7118,30.9081],[-95.7122,30.9099],[-95.7127,30.9108],[-95.7156,30.9098],[-95.7161,30.9111],[-95.7188,30.9086],[-95.7208,30.9094],[-95.7297,30.9029],[-95.7317,30.9028],[-95.7319,30.9013],[-95.739,30.8993],[-95.7391,30.9011],[-95.7433,30.9023],[-95.7435,30.9011],[-95.7462,30.9019],[-95.7566,30.8993],[-95.7576,30.9002],[-95.7622,30.8967],[-95.7643,30.8967],[-95.7667,30.892],[-95.7675,30.8931],[-95.7693,30.8908],[-95.7793,30.8833],[-95.7821,30.8839],[-95.7835,30.8806],[-95.7895,30.878],[-95.7916,30.8792],[-95.8088,30.8725],[-95.8119,30.8691],[-95.8153,30.8672],[-95.8177,30.8695],[-95.828,30.8654],[-95.8271,30.8644],[-95.8308,30.8618],[-95.8326,30.8641],[-95.8345,30.8651],[-95.8414,30.8628],[-95.8488,30.863],[-95.8503,30.8672],[-95.8562,30.8646],[-95.8602,30.8655],[-95.8631,30.8641],[-95.9985,30.8447],[-96.0134,30.8427],[-96.1284,30.8263],[-96.1474,30.8247],[-96.1683,30.823],[-96.1732,30.8155],[-96.1738,30.8114],[-96.1754,30.8111],[-96.1755,30.8094],[-96.1709,30.8064],[-96.1737,30.8041],[-96.1723,30.8029],[-96.1743,30.8025],[-96.1743,30.8009],[-96.176,30.8012],[-96.1767,30.7993],[-96.1779,30.8009],[-96.1793,30.798],[-96.1831,30.797],[-96.1822,30.7927],[-96.1732,30.7842],[-96.1716,30.785],[-96.1707,30.78],[-96.1694,30.7801],[-96.166,30.7757],[-96.168,30.7742],[-96.1657,30.7724],[-96.1663,30.7744],[-96.164,30.7725],[-96.163,30.768],[-96.1648,30.7646],[-96.1628,30.7633],[-96.1664,30.7591],[-96.1695,30.7571],[-96.1681,30.7571],[-96.1704,30.7488],[-96.1654,30.7444],[-96.1661,30.7424],[-96.1617,30.7374],[-96.1611,30.7351],[-96.1622,30.732],[-96.1631,30.725],[-96.1693,30.7174],[-96.172,30.716],[-96.1731,30.7117],[-96.175,30.7114],[-96.1747,30.7093],[-96.1777,30.7097],[-96.176,30.7017],[-96.1765,30.7013],[-96.1773,30.7016],[-96.1776,30.7011],[-96.1751,30.6993],[-96.1767,30.6969],[-96.1724,30.6936],[-96.1717,30.6899],[-96.1694,30.6885],[-96.1716,30.6819],[-96.1704,30.6805],[-96.1726,30.68],[-96.1706,30.6723],[-96.1682,30.6716],[-96.1683,30.6636],[-96.1642,30.662],[-96.1662,30.6543],[-96.1671,30.6548],[-96.1695,30.6501],[-96.1676,30.6496],[-96.1654,30.6434],[-96.1689,30.6423],[-96.1687,30.6389],[-96.173,30.6368],[-96.1719,30.6357],[-96.1708,30.6358],[-96.1707,30.6311],[-96.1692,30.6302],[-96.1737,30.628],[-96.1735,30.6228],[-96.1774,30.623],[-96.1798,30.6215],[-96.1794,30.6191],[-96.1816,30.6154],[-96.1816,30.6077],[-96.186,30.6062],[-96.1882,30.5992],[-96.1864,30.5989],[-96.1826,30.595],[-96.1844,30.5881],[-96.175,30.5831],[-96.1754,30.5816],[-96.1722,30.5803],[-96.172,30.5789],[-96.1657,30.5728],[-96.168,30.5717],[-96.1622,30.5704],[-96.1624,30.5691],[-96.1599,30.5673],[-96.1619,30.5658],[-96.1591,30.5583],[-96.161,30.5481],[-96.1611,30.5345],[-96.1586,30.5344],[-96.1565,30.5342],[-96.1568,30.5303],[-96.1539,30.5322],[-96.1485,30.5283],[-96.15,30.5256],[-96.1492,30.5243],[-96.1518,30.5237],[-96.1527,30.5208],[-96.1496,30.5206],[-96.1502,30.5189],[-96.1437,30.513],[-96.1451,30.5108],[-96.1402,30.5088],[-96.1413,30.5079],[-96.1424,30.5039],[-96.1443,30.5043],[-96.1431,30.5015],[-96.137,30.5002],[-96.1379,30.4955],[-96.1363,30.4949],[-96.1367,30.493],[-96.133,30.4921],[-96.1331,30.4838],[-96.1371,30.4814],[-96.1365,30.4806],[-96.1363,30.4761],[-96.1384,30.4792],[-96.141,30.4751],[-96.139,30.474],[-96.1399,30.4718],[-96.1369,30.4699],[-96.1364,30.4669],[-96.1296,30.4664],[-96.1295,30.4598],[-96.127,30.4575],[-96.1278,30.4565],[-96.1299,30.4519],[-96.1235,30.4554],[-96.124,30.4515],[-96.1252,30.4519],[-96.1267,30.451],[-96.125,30.4486],[-96.1201,30.4419],[-96.1137,30.4408],[-96.1116,30.4427],[-96.1058,30.4442],[-96.1046,30.4418],[-96.1063,30.4399],[-96.1054,30.4371],[-96.1008,30.4404],[-96.097,30.4373],[-96.0935,30.4399],[-96.0861,30.4355],[-96.087,30.4305],[-96.0809,30.4312],[-96.0829,30.4244],[-96.0874,30.4175],[-96.0922,30.4163],[-96.0954,30.4171],[-96.0957,30.4196],[-96.0996,30.4182],[-96.1023,30.4178],[-96.1033,30.4209],[-96.1058,30.4219],[-96.1066,30.4187],[-96.1115,30.4162],[-96.1134,30.4131],[-96.1118,30.4079],[-96.1081,30.4073],[-96.1131,30.4015],[-96.1112,30.3966],[-96.1123,30.3945],[-96.1175,30.3994],[-96.1169,30.3925],[-96.1207,30.3922],[-96.12,30.3896],[-96.1214,30.384],[-96.1261,30.3878],[-96.1308,30.3885],[-96.1347,30.3842],[-96.1374,30.3831],[-96.1448,30.3846],[-96.1473,30.3814],[-96.1452,30.3788],[-96.1456,30.3714],[-96.1425,30.3683],[-96.1426,30.3531],[-96.149,30.3529],[-96.1486,30.3447],[-96.1411,30.3426],[-96.14,30.3413],[-96.145,30.3367],[-96.1533,30.3345],[-96.1549,30.3307],[-96.1608,30.3415],[-96.1522,30.3528],[-96.1553,30.3617],[-96.1548,30.364],[-96.1511,30.3673],[-96.1503,30.3707],[-96.162,30.3783],[-96.1697,30.374],[-96.1751,30.375],[-96.1758,30.3778],[-96.1726,30.3871],[-96.1784,30.3957],[-96.1817,30.3949],[-96.1921,30.3978],[-96.1974,30.3977],[-96.1993,30.3833],[-96.2085,30.3781],[-96.211,30.3747],[-96.2139,30.374],[-96.2198,30.3766],[-96.2391,30.3689],[-96.2451,30.369],[-96.2525,30.3655],[-96.2628,30.3694],[-96.2635,30.3688],[-96.2623,30.3643],[-96.2687,30.3585],[-96.2772,30.3607],[-96.2835,30.3657],[-96.2884,30.3676],[-96.2944,30.3761],[-96.299,30.3784],[-96.2994,30.3801],[-96.3052,30.3831],[-96.3058,30.3817],[-96.3135,30.3841],[-96.3173,30.3791],[-96.3241,30.3791],[-96.3303,30.373],[-96.3342,30.3736],[-96.341,30.3682],[-96.3481,30.3689],[-96.3558,30.3733],[-96.3618,30.3677],[-96.3704,30.3643],[-96.3693,30.3629],[-96.3756,30.3629],[-96.3748,30.358],[-96.3773,30.3583],[-96.3782,30.3557],[-96.3844,30.3579],[-96.4068,30.3517],[-96.4102,30.3582],[-96.4136,30.3564],[-96.4128,30.3542],[-96.4179,30.3532],[-96.4196,30.3495],[-96.4189,30.347],[-96.4227,30.343],[-96.4257,30.3439],[-96.4497,30.3412],[-96.4544,30.3445],[-96.4577,30.3433],[-96.4566,30.3386],[-96.4612,30.3378],[-96.4634,30.3362],[-96.4693,30.3378],[-96.4754,30.3337],[-96.483,30.3334],[-96.4846,30.3378],[-96.4893,30.3361],[-96.4975,30.3228],[-96.4993,30.3238],[-96.5108,30.3217],[-96.513,30.3259],[-96.5231,30.3229],[-96.5247,30.3236],[-96.5258,30.3212],[-96.5359,30.3198],[-96.5395,30.3213],[-96.5421,30.3196],[-96.5416,30.3178],[-96.5445,30.3186],[-96.5488,30.3215],[-96.5514,30.3201],[-96.5535,30.3222],[-96.5563,30.3219],[-96.5583,30.3241],[-96.5623,30.3226],[-96.5607,30.3197],[-96.5694,30.3159],[-96.5679,30.3146],[-96.5694,30.3143],[-96.5679,30.3132],[-96.5735,30.3107],[-96.5778,30.312],[-96.5852,30.3081],[-96.5893,30.3085],[-96.5924,30.3063],[-96.5946,30.3079],[-96.6015,30.3085],[-96.6064,30.3024],[-96.6197,30.2998],[-96.6259,30.2982],[-96.6302,30.3009],[-96.6309,30.2993],[-96.6331,30.2999],[-96.6346,30.2982],[-96.6406,30.2967],[-96.6438,30.2969],[-96.6556,30.2998],[-96.6613,30.2971],[-96.6621,30.2956],[-96.6638,30.2952],[-96.6643,30.2955],[-96.6652,30.2956],[-96.6655,30.2942],[-96.6667,30.295],[-96.6682,30.2968],[-96.6706,30.2969],[-96.6713,30.2964],[-96.6728,30.296],[-96.675,30.2968],[-96.6759,30.296],[-96.6766,30.2971],[-96.6776,30.2973],[-96.6794,30.299],[-96.681,30.3004],[-96.6809,30.3016],[-96.6813,30.3027],[-96.6825,30.3035],[-96.682,30.3037],[-96.6832,30.306],[-96.6828,30.3066],[-96.6819,30.307],[-96.6806,30.307],[-96.6809,30.3077],[-96.6803,30.3081],[-96.6803,30.3088],[-96.6782,30.3078],[-96.6748,30.3072],[-96.6737,30.3064],[-96.6734,30.3073],[-96.6753,30.3074],[-96.6779,30.3098],[-96.6785,30.3094],[-96.6807,30.3096],[-96.6821,30.309],[-96.6837,30.3115],[-96.6837,30.3104],[-96.6842,30.3106],[-96.6852,30.3112],[-96.6853,30.3123],[-96.6865,30.3154],[-96.6866,30.3162],[-96.6868,30.3167],[-96.688,30.3178],[-96.6909,30.3184],[-96.6944,30.3199],[-96.6956,30.32],[-96.697,30.3203],[-96.699,30.3207],[-96.7011,30.3197],[-96.7026,30.3204],[-96.7035,30.3196],[-96.7053,30.3191],[-96.7071,30.3176],[-96.7074,30.3179],[-96.7079,30.3179],[-96.7087,30.3181],[-96.7116,30.3189],[-96.715,30.3199],[-96.7178,30.3198],[-96.718,30.319],[-96.7193,30.3187],[-96.7205,30.3185],[-96.7207,30.3188],[-96.7218,30.3186],[-96.7214,30.3193],[-96.722,30.3196],[-96.7227,30.3202],[-96.7226,30.3206],[-96.7234,30.3209],[-96.724,30.3211],[-96.7248,30.3216],[-96.7258,30.3234],[-96.7266,30.323],[-96.7306,30.3243],[-96.7312,30.3231],[-96.7317,30.3234],[-96.7328,30.3241],[-96.7324,30.3233],[-96.7334,30.3226],[-96.734,30.3237],[-96.7348,30.3233],[-96.7344,30.3223],[-96.7358,30.3212],[-96.7376,30.3211],[-96.7377,30.3208],[-96.7365,30.3196],[-96.7378,30.3191],[-96.7379,30.3199],[-96.7384,30.3205],[-96.7387,30.32],[-96.7391,30.3193],[-96.7403,30.3186],[-96.7413,30.3195],[-96.742,30.3195],[-96.7432,30.3198],[-96.7445,30.3206],[-96.7436,30.3223],[-96.7448,30.322],[-96.7455,30.322],[-96.7448,30.3227],[-96.745,30.3234],[-96.744,30.3237],[-96.7446,30.3244],[-96.7454,30.3241],[-96.7465,30.3247],[-96.7458,30.325],[-96.7465,30.3263],[-96.7469,30.3254],[-96.7481,30.3274],[-96.7488,30.3272],[-96.7489,30.3278],[-96.7495,30.3275],[-96.7495,30.3285],[-96.7506,30.3284],[-96.7508,30.3296],[-96.7512,30.3299],[-96.7525,30.3293],[-96.7532,30.3299],[-96.7537,30.3293],[-96.7543,30.3292],[-96.7547,30.3303],[-96.7534,30.3322],[-96.7538,30.3338],[-96.753,30.3349],[-96.7529,30.3379],[-96.7539,30.3405],[-96.7557,30.3407],[-96.7587,30.3402],[-96.7598,30.3405],[-96.7609,30.3417],[-96.7603,30.3434],[-96.7621,30.3461],[-96.7643,30.3475],[-96.7645,30.35],[-96.7664,30.3517],[-96.7667,30.3539],[-96.7656,30.354],[-96.7665,30.3561],[-96.7683,30.3578],[-96.77,30.3649],[-96.7717,30.3667],[-96.7744,30.369],[-96.7754,30.3688],[-96.7763,30.3691],[-96.7756,30.37],[-96.7763,30.37],[-96.7769,30.3708],[-96.7771,30.3718],[-96.7789,30.371],[-96.7793,30.3717],[-96.7801,30.3719],[-96.7813,30.3736],[-96.78,30.3758],[-96.7823,30.3764],[-96.7838,30.3776],[-96.7844,30.3791],[-96.7853,30.3786],[-96.7862,30.3798],[-96.7873,30.3804],[-96.7871,30.3822],[-96.7881,30.3828],[-96.7882,30.3832],[-96.7892,30.3836],[-96.7885,30.3841],[-96.7884,30.3849],[-96.7878,30.3853],[-96.7877,30.3863],[-96.7867,30.3876],[-96.7875,30.3879],[-96.7871,30.3891],[-96.7896,30.3906],[-96.7931,30.3911],[-96.7956,30.3913],[-96.797,30.3907],[-96.7981,30.3906],[-96.8002,30.3922],[-96.802,30.3928],[-96.8023,30.3942],[-96.8037,30.3953],[-96.8039,30.3959],[-96.8079,30.3963],[-96.8094,30.3995],[-96.8102,30.4001],[-96.8107,30.4013],[-96.809,30.4021],[-96.8094,30.4038],[-96.8107,30.4046],[-96.8129,30.4049],[-96.8135,30.4054],[-96.8151,30.4053],[-96.8175,30.4063],[-96.82,30.4083],[-96.8204,30.4096],[-96.8223,30.41],[-96.8222,30.4117],[-96.8212,30.4122],[-96.8213,30.413],[-96.8253,30.4143],[-96.8258,30.4149],[-96.8243,30.4151],[-96.8245,30.4161],[-96.8265,30.4163],[-96.829,30.4181],[-96.8315,30.4181],[-96.8318,30.4199],[-96.8328,30.4201],[-96.8335,30.419],[-96.8347,30.4193],[-96.8342,30.421],[-96.8345,30.4218],[-96.8344,30.4224],[-96.8362,30.4223],[-96.8363,30.4212],[-96.8374,30.4214],[-96.8392,30.4209],[-96.8408,30.4218],[-96.8403,30.424],[-96.8425,30.4247],[-96.8421,30.4261],[-96.8434,30.4258],[-96.8457,30.4276],[-96.8438,30.4288],[-96.8441,30.4293],[-96.8455,30.4292],[-96.8461,30.4307],[-96.8469,30.4315],[-96.8477,30.4308],[-96.8482,30.4311],[-96.8501,30.43],[-96.8518,30.4314],[-96.8529,30.4312],[-96.8532,30.432],[-96.8578,30.4338],[-96.859,30.4334],[-96.8608,30.4337],[-96.8648,30.4327],[-96.8654,30.4329],[-96.8649,30.4337],[-96.8653,30.4347],[-96.8675,30.4337],[-96.8682,30.4338],[-96.8712,30.4361],[-96.8723,30.4389],[-96.8709,30.4414],[-96.8724,30.4444],[-96.8766,30.4472],[-96.8773,30.4494],[-96.8757,30.4489],[-96.8746,30.4496],[-96.8752,30.4502],[-96.8766,30.4503],[-96.8771,30.4514],[-96.8756,30.4533],[-96.8759,30.4554],[-96.8748,30.4567],[-96.8749,30.4576],[-96.877,30.4574],[-96.8783,30.4574],[-96.8796,30.458],[-96.8792,30.4588],[-96.8789,30.4593],[-96.8809,30.4597],[-96.8805,30.4602],[-96.8829,30.4617],[-96.8844,30.4617],[-96.8839,30.4609],[-96.8857,30.4601],[-96.8865,30.46],[-96.8874,30.4619],[-96.8948,30.46],[-96.8967,30.4604],[-96.8985,30.4596],[-96.9,30.4605],[-96.8983,30.4613],[-96.9002,30.4622],[-96.9003,30.463],[-96.9016,30.4645],[-96.9022,30.4671],[-96.9032,30.4671],[-96.9044,30.4667],[-96.9042,30.4683],[-96.9021,30.4685],[-96.9024,30.4697],[-96.9042,30.4694],[-96.9057,30.4701],[-96.9056,30.4723],[-96.9048,30.4725],[-96.9033,30.4771],[-96.9018,30.482],[-96.9008,30.482],[-96.8969,30.4847],[-96.8963,30.4861],[-96.8963,30.4879],[-96.8967,30.4886],[-96.8965,30.4894],[-96.8977,30.4899],[-96.8984,30.4923],[-96.8991,30.4928],[-96.9,30.4959],[-96.9,30.4978],[-96.9024,30.5002],[-96.9086,30.5018],[-96.9088,30.5022],[-96.906,30.5033],[-96.9055,30.506],[-96.9045,30.5078],[-96.9056,30.5114],[-96.906,30.5125],[-96.9043,30.5126],[-96.9034,30.5124],[-96.9025,30.5146],[-96.9037,30.5146],[-96.9049,30.5144],[-96.9066,30.5144],[-96.906,30.5158],[-96.9047,30.516],[-96.9042,30.5185],[-96.9046,30.519],[-96.9059,30.5184],[-96.9065,30.5172],[-96.9079,30.5175],[-96.9089,30.5203],[-96.9083,30.5212],[-96.9093,30.5226],[-96.9104,30.523],[-96.9115,30.5229],[-96.9124,30.5237],[-96.9119,30.5256],[-96.9121,30.5276],[-96.9135,30.5287],[-96.9131,30.53],[-96.9145,30.5307],[-96.9146,30.5318],[-96.917,30.5359],[-96.9185,30.5376],[-96.9195,30.5393],[-96.921,30.5399],[-96.9228,30.5399],[-96.9255,30.5433],[-96.9265,30.5432],[-96.9264,30.5429],[-96.9271,30.5423],[-96.929,30.5445],[-96.9297,30.5442],[-96.9301,30.543],[-96.9319,30.5434],[-96.9333,30.543],[-96.9339,30.5438],[-96.9373,30.5448],[-96.9389,30.5447],[-96.9396,30.5466],[-96.942,30.5466],[-96.9429,30.5469],[-96.944,30.5445],[-96.9455,30.5433],[-96.9474,30.5447],[-96.949,30.545],[-96.9483,30.5469],[-96.9496,30.548],[-96.9516,30.548],[-96.9518,30.5486],[-96.9545,30.5494],[-96.9558,30.5507],[-96.9564,30.5522],[-96.9613,30.5518],[-96.9627,30.5539],[-96.9638,30.5571],[-97.0043,30.5358],[-97.0101,30.5333],[-97.0488,30.5129],[-97.0514,30.511],[-97.0923,30.4901],[-97.1552,30.4573],[-97.1734,30.5015],[-97.1775,30.5099],[-97.1811,30.5208],[-97.1858,30.5316],[-97.1924,30.5481],[-97.1985,30.5605],[-97.1993,30.565],[-97.2177,30.6091],[-97.2241,30.6251],[-97.2262,30.6298],[-97.2347,30.6497],[-97.238,30.6544],[-97.2408,30.6647],[-97.2437,30.6714],[-97.2532,30.6931],[-97.2598,30.7085],[-97.2627,30.7186],[-97.2662,30.7199],[-97.2693,30.7307],[-97.2714,30.7357],[-97.3156,30.7524],[-97.3628,30.7701],[-97.3746,30.7728],[-97.3758,30.7741],[-97.3798,30.7769],[-97.4156,30.7906],[-97.4208,30.7923],[-97.4215,30.7929],[-97.4248,30.794],[-97.4288,30.7957],[-97.4366,30.7982],[-97.4373,30.7989],[-97.4398,30.7997],[-97.473,30.8125],[-97.5107,30.8268],[-97.5131,30.8276],[-97.5242,30.8319],[-97.534,30.8335],[-97.5401,30.8379],[-97.6249,30.8703],[-97.6253,30.8704],[-97.6945,30.8841],[-97.7078,30.8848],[-97.717,30.8887],[-97.7283,30.8908],[-97.7641,30.8983],[-97.8286,30.9108],[-97.8618,30.9632],[-97.8829,30.9955],[-97.8864,31.0014],[-97.9117,31.0349],[-98.0003,31.0338],[-98.0867,31.0327],[-98.1023,31.0335],[-98.113,31.0325],[-98.1391,31.0323],[-98.1638,31.0321],[-98.2738,31.031],[-98.4397,31.0295],[-98.4395,31.0251],[-98.4411,31.0218],[-98.4456,31.0181],[-98.457,31.0132],[-98.4587,31.0115],[-98.4594,31.0092],[-98.4585,31.0062],[-98.4531,30.9996],[-98.4462,30.9929],[-98.4419,30.9843],[-98.4432,30.9797],[-98.4522,30.9702],[-98.4529,30.9687],[-98.4528,30.9644],[-98.4482,30.9539],[-98.4471,30.9518],[-98.4459,30.9507],[-98.442,30.9496],[-98.4247,30.9484],[-98.4176,30.9458],[-98.416,30.9449],[-98.4149,30.9435],[-98.4145,30.9421],[-98.4178,30.9278],[-98.4196,30.9254],[-98.4223,30.9243],[-98.4311,30.9267],[-98.4374,30.927],[-98.4419,30.9259],[-98.4458,30.9214],[-98.458,30.9215],[-98.4629,30.9221],[-98.4747,30.9218],[-98.5245,30.9219],[-98.6039,30.9218],[-98.6141,30.9218],[-98.6253,30.9205],[-98.6416,30.9218],[-98.6709,30.9215],[-98.6843,30.9207],[-98.6952,30.9213],[-98.7206,30.9211],[-98.747,30.9209],[-98.7503,30.9203],[-98.8558,30.9211],[-98.8565,30.9208],[-98.8701,30.9209],[-98.9336,30.921],[-98.9411,30.9215],[-98.9447,30.9203],[-98.959,30.9214],[-98.9646,30.9214],[-99.0924,30.922],[-99.0924,30.9231],[-99.0923,30.941],[-99.0921,31.0455],[-99.0918,31.1336],[-99.0917,31.2395],[-99.0913,31.3233],[-99.0906,31.4608],[-99.0886,31.4608],[-99.0874,31.4595],[-99.0878,31.4567],[-99.0862,31.4559],[-99.0849,31.4564],[-99.0851,31.4583],[-99.0842,31.4583],[-99.0757,31.4631],[-99.0724,31.4672],[-99.0678,31.4656],[-99.0657,31.4632],[-99.0636,31.4625],[-99.0602,31.4649],[-99.0601,31.4666],[-99.0622,31.47],[-99.0617,31.4716],[-99.0589,31.4734],[-99.0556,31.4741],[-99.0503,31.4846],[-99.0477,31.4862],[-99.043,31.489],[-99.0414,31.4905],[-99.0384,31.49],[-99.0345,31.4877],[-99.0319,31.485],[-99.0273,31.4799],[-99.0255,31.4791],[-99.0246,31.4775],[-99.0216,31.475],[-99.0187,31.4696],[-99.0137,31.4705],[-99.0093,31.4721],[-99.0078,31.4764],[-99.0061,31.4798],[-99.0043,31.4808],[-99.0023,31.4804],[-98.9983,31.4809],[-98.9916,31.4842],[-98.9916,31.4847],[-98.9777,31.4935],[-98.9635,31.5002],[-98.9457,31.5104],[-98.8229,31.5848],[-98.7801,31.6107],[-98.7601,31.6879],[-98.7563,31.6884],[-98.6684,31.7005],[-98.6253,31.7064],[-98.6053,31.7096],[-98.5444,31.7173],[-98.5213,31.7202],[-98.4999,31.7233],[-98.4928,31.7236],[-98.4637,31.684],[-98.4573,31.6752],[-98.4157,31.6185],[-98.3233,31.4889],[-98.2711,31.4164],[-98.2503,31.4274],[-98.2497,31.4281],[-98.18,31.4637],[-98.1433,31.4825],[-98.0764,31.5161],[-98.0194,31.5446],[-97.8943,31.6079],[-97.7974,31.6567],[-97.7664,31.6725],[-97.6898,31.711],[-97.6716,31.6844],[-97.6183,31.6064],[-97.6052,31.5878],[-97.5802,31.5988],[-97.5631,31.6073],[-97.4829,31.6461],[-97.4756,31.6503],[-97.4523,31.6615],[-97.4055,31.6837],[-97.3365,31.717],[-97.3267,31.7217],[-97.3066,31.7313],[-97.2775,31.7454],[-97.2247,31.7715],[-97.1873,31.7901],[-97.1616,31.8029],[-97.0373,31.8631],[-97.0206,31.8385],[-96.9842,31.7843],[-96.9766,31.7731],[-96.9718,31.7659],[-96.968,31.7603],[-96.9322,31.7089],[-96.8387,31.7552],[-96.7548,31.7967],[-96.7444,31.8022],[-96.7191,31.8149],[-96.5758,31.803],[-96.4967,31.7962],[-96.4622,31.746],[-96.3815,31.6276],[-96.3108,31.5236],[-96.2994,31.5069],[-96.2848,31.4851],[-96.251,31.4367],[-96.2486,31.4322],[-96.2366,31.4134],[-96.1933,31.4333],[-96.1465,31.4547],[-96.0585,31.4951],[-95.9924,31.5255],[-95.9809,31.5307],[-95.7874,31.6184],[-95.7869,31.6176],[-95.7854,31.6116],[-95.7812,31.6056],[-95.7777,31.6024],[-95.7733,31.5994],[-95.7682,31.5975],[-95.7648,31.5993],[-95.7626,31.5996],[-95.761,31.5995],[-95.7615,31.6025],[-95.7604,31.6041],[-95.7573,31.6051],[-95.7539,31.607],[-95.7528,31.6089],[-95.7536,31.6126],[-95.7532,31.614],[-95.7484,31.6184],[-95.7486,31.6193],[-95.7535,31.6297],[-95.7529,31.6343],[-95.7551,31.6409],[-95.7574,31.6434],[-95.7569,31.6455],[-95.7536,31.6493],[-95.7502,31.6499],[-95.746,31.6514],[-95.743,31.6518],[-95.7388,31.6541],[-95.7359,31.6539],[-95.7344,31.6523],[-95.7316,31.6477],[-95.7276,31.6447],[-95.7253,31.6408],[-95.7229,31.6376],[-95.7182,31.6317],[-95.7174,31.6275],[-95.7151,31.6241],[-95.7105,31.6162],[-95.7104,31.6149],[-95.7125,31.6078],[-95.7111,31.6053],[-95.7114,31.6039],[-95.713,31.6026],[-95.7163,31.5986],[-95.7166,31.5969],[-95.7155,31.5952],[-95.7159,31.5941],[-95.7186,31.5938],[-95.7197,31.593],[-95.7205,31.59],[-95.7218,31.5868],[-95.7232,31.5857],[-95.7253,31.5849],[-95.7291,31.5844],[-95.7294,31.5836],[-95.7256,31.5805],[-95.7222,31.5787],[-95.7179,31.5732],[-95.7187,31.5716],[-95.7215,31.571],[-95.7221,31.5705],[-95.7216,31.5695],[-95.7184,31.5691],[-95.7172,31.5681],[-95.717,31.5585],[-95.7154,31.5555],[-95.7158,31.5541],[-95.7183,31.5538],[-95.7227,31.5557],[-95.7251,31.5554],[-95.7292,31.5517],[-95.7315,31.5513],[-95.7358,31.5518],[-95.7411,31.5541],[-95.7432,31.5542],[-95.7473,31.553],[-95.7515,31.5522],[-95.7524,31.5515],[-95.7544,31.5463],[-95.751,31.5422],[-95.7519,31.54],[-95.7559,31.5378],[-95.7589,31.5345],[-95.7579,31.5321],[-95.7565,31.5311],[-95.748,31.5289],[-95.7473,31.528],[-95.747,31.5245],[-95.7414,31.5229],[-95.7404,31.5212],[-95.7381,31.52],[-95.7369,31.5185],[-95.7339,31.5097],[-95.7344,31.5081],[-95.7399,31.5039]]]}},{"type":"Feature","properties":{"Dma":"Wilkes Barre-Scranton-Hazleton","dma":"Wilkes Barre-Scranton-Hazleton","name":"Wilkes Barre-Scranton-Hazleton","dma_code":"577","dma_name_nielsen":"WILKES BARRE-SCRANTON"},"geometry":{"type":"Polygon","coordinates":[[[-77.9895,41.4743],[-77.986,41.4726],[-77.9674,41.4753],[-77.9478,41.476],[-77.9273,41.4758],[-77.9217,41.4759],[-77.8894,41.476],[-77.8774,41.4719],[-77.8768,41.4726],[-77.8613,41.4762],[-77.8411,41.4768],[-77.8292,41.4754],[-77.8283,41.4749],[-77.8265,41.4758],[-77.821,41.4771],[-77.7648,41.4775],[-77.7506,41.4775],[-77.7421,41.4773],[-77.7338,41.4776],[-77.6247,41.4783],[-77.6168,41.4782],[-77.5981,41.4786],[-77.5995,41.5422],[-77.4596,41.5434],[-77.4557,41.5436],[-77.4069,41.5437],[-77.3985,41.5445],[-77.3946,41.5438],[-77.36,41.544],[-77.2985,41.5444],[-77.2854,41.5441],[-77.2537,41.5446],[-77.2406,41.5449],[-77.231,41.5469],[-77.2307,41.5464],[-77.2144,41.5451],[-77.1922,41.5455],[-77.161,41.5464],[-77.1329,41.5467],[-77.1247,41.548],[-77.1243,41.5469],[-77.0861,41.5478],[-77.0592,41.5488],[-77.059,41.5496],[-77.0559,41.5488],[-77.0372,41.549],[-77.0104,41.5498],[-77.0084,41.5499],[-76.9604,41.5514],[-76.9606,41.5545],[-76.9628,41.5547],[-76.9624,41.5566],[-76.9603,41.5582],[-76.9584,41.5591],[-76.9528,41.5648],[-76.9446,41.5689],[-76.9402,41.5694],[-76.935,41.5688],[-76.9324,41.5693],[-76.9267,41.5712],[-76.9251,41.5757],[-76.9236,41.5777],[-76.9225,41.5806],[-76.9194,41.5812],[-76.9174,41.5825],[-76.9134,41.5816],[-76.9083,41.5815],[-76.9065,41.5823],[-76.9014,41.5832],[-76.8987,41.5841],[-76.8966,41.5856],[-76.8929,41.5859],[-76.8908,41.5867],[-76.8867,41.5871],[-76.8771,41.5911],[-76.8767,41.5934],[-76.8745,41.5965],[-76.8787,41.6205],[-76.8753,41.6282],[-76.878,41.6308],[-76.8804,41.6391],[-76.8807,41.6443],[-76.8832,41.666],[-76.8836,41.6691],[-76.8921,41.7375],[-76.8937,41.7484],[-76.8945,41.7611],[-76.8965,41.7736],[-76.8989,41.7991],[-76.8991,41.808],[-76.9037,41.8335],[-76.904,41.8382],[-76.9086,41.8705],[-76.9086,41.8755],[-76.911,41.8872],[-76.9148,41.8906],[-76.912,41.8967],[-76.9111,41.8997],[-76.9147,41.9151],[-76.9165,41.9252],[-76.9208,41.9612],[-76.9271,42.0017],[-76.9029,42.0019],[-76.9019,42.0016],[-76.8306,42.0018],[-76.7877,42.0016],[-76.7473,42.0017],[-76.7017,42.0013],[-76.638,42.0007],[-76.6264,42.0006],[-76.5959,42.0004],[-76.5581,42.0002],[-76.5321,41.9999],[-76.5209,41.9997],[-76.4852,41.9994],[-76.4741,41.9992],[-76.473,41.9991],[-76.3815,41.9985],[-76.3499,41.9984],[-76.2817,41.9984],[-76.2758,41.9984],[-76.2643,41.9984],[-76.205,41.9985],[-76.1469,41.9988],[-76.1129,41.9989],[-76.1058,41.9989],[-76.0593,41.9988],[-76.001,41.999],[-75.9888,41.999],[-75.9586,41.999],[-75.8906,41.9989],[-75.8707,41.9988],[-75.8578,41.9986],[-75.7733,41.998],[-75.7635,41.9978],[-75.7624,41.9978],[-75.7422,41.9979],[-75.6556,41.9985],[-75.6076,41.9989],[-75.5531,41.9991],[-75.5006,41.9993],[-75.4834,41.9993],[-75.3596,41.9994],[-75.3535,41.9971],[-75.3466,41.9953],[-75.3421,41.9934],[-75.3411,41.9928],[-75.3376,41.9867],[-75.3378,41.9844],[-75.3395,41.9811],[-75.3404,41.9775],[-75.3425,41.9743],[-75.3422,41.9729],[-75.3395,41.9708],[-75.3361,41.9704],[-75.3293,41.9682],[-75.3276,41.9669],[-75.326,41.9648],[-75.3224,41.9617],[-75.32,41.9609],[-75.3182,41.9542],[-75.3128,41.9502],[-75.3104,41.949],[-75.3075,41.9492],[-75.304,41.9482],[-75.3017,41.9484],[-75.3012,41.9489],[-75.3017,41.9523],[-75.3004,41.9539],[-75.2986,41.9545],[-75.2937,41.9546],[-75.2914,41.9525],[-75.2919,41.9487],[-75.291,41.945],[-75.2894,41.9429],[-75.2847,41.942],[-75.2826,41.9404],[-75.2791,41.9389],[-75.2789,41.9376],[-75.2772,41.9336],[-75.2765,41.9267],[-75.2767,41.9236],[-75.2754,41.9196],[-75.2697,41.9114],[-75.2676,41.9071],[-75.2678,41.902],[-75.2728,41.8971],[-75.2726,41.8932],[-75.2713,41.8874],[-75.2678,41.886],[-75.263,41.8851],[-75.2606,41.8838],[-75.2576,41.8771],[-75.2584,41.8751],[-75.2615,41.8733],[-75.2638,41.8708],[-75.2637,41.8681],[-75.2618,41.8649],[-75.2578,41.8622],[-75.2529,41.862],[-75.2496,41.8625],[-75.2433,41.8669],[-75.2411,41.8671],[-75.2387,41.8657],[-75.2346,41.8616],[-75.2311,41.8592],[-75.2296,41.8594],[-75.2278,41.8582],[-75.2251,41.8575],[-75.2237,41.8575],[-75.2208,41.8599],[-75.2155,41.867],[-75.2139,41.8677],[-75.2081,41.8696],[-75.2035,41.8697],[-75.201,41.8692],[-75.1978,41.8688],[-75.1926,41.8663],[-75.1911,41.8646],[-75.1895,41.8617],[-75.187,41.8601],[-75.1848,41.86],[-75.1823,41.8622],[-75.1801,41.8673],[-75.1791,41.8699],[-75.1766,41.8724],[-75.1746,41.8727],[-75.1706,41.8716],[-75.1691,41.8703],[-75.1681,41.867],[-75.1687,41.8593],[-75.1658,41.8533],[-75.1629,41.8506],[-75.1573,41.8485],[-75.1529,41.8486],[-75.1464,41.8509],[-75.1409,41.8522],[-75.131,41.8451],[-75.1246,41.8455],[-75.1134,41.8432],[-75.1133,41.8228],[-75.0934,41.8136],[-75.0898,41.8117],[-75.0724,41.8146],[-75.0739,41.8036],[-75.0756,41.7995],[-75.0969,41.7939],[-75.104,41.7784],[-75.1013,41.7691],[-75.0753,41.7712],[-75.0604,41.7642],[-75.0522,41.7444],[-75.054,41.7292],[-75.0502,41.7125],[-75.0667,41.7126],[-75.0667,41.705],[-75.0598,41.6997],[-75.0511,41.6811],[-75.0588,41.6744],[-75.0584,41.6697],[-75.0497,41.6627],[-75.0491,41.65],[-75.0444,41.6161],[-75.0609,41.618],[-75.0596,41.6112],[-75.0616,41.6099],[-75.0717,41.6095],[-75.0746,41.6057],[-75.0697,41.602],[-75.1156,41.5433],[-75.1226,41.5343],[-75.1671,41.4776],[-75.1687,41.4753],[-75.174,41.469],[-75.1822,41.4602],[-75.1865,41.4588],[-75.189,41.4571],[-75.1862,41.4428],[-75.1949,41.4382],[-75.1972,41.4376],[-75.1997,41.4331],[-75.2041,41.4332],[-75.2152,41.4258],[-75.2282,41.4248],[-75.2284,41.4272],[-75.2295,41.427],[-75.2295,41.425],[-75.2306,41.4246],[-75.2346,41.4218],[-75.2502,41.4186],[-75.2478,41.4173],[-75.2515,41.4124],[-75.2462,41.4039],[-75.2537,41.4012],[-75.2559,41.3861],[-75.2595,41.3838],[-75.2624,41.3745],[-75.2981,41.3672],[-75.3063,41.3744],[-75.3171,41.3681],[-75.3256,41.3673],[-75.3386,41.376],[-75.3509,41.3667],[-75.3514,41.3636],[-75.3481,41.3635],[-75.3372,41.3452],[-75.3447,41.3386],[-75.343,41.3367],[-75.3299,41.3353],[-75.3239,41.3406],[-75.3099,41.3277],[-75.315,41.316],[-75.3134,41.3112],[-75.3175,41.3064],[-75.3282,41.2948],[-75.3248,41.2887],[-75.3333,41.2798],[-75.3341,41.2698],[-75.3437,41.2676],[-75.3491,41.2599],[-75.3406,41.2523],[-75.3584,41.2396],[-75.3074,41.2428],[-75.1276,41.2528],[-75.1373,41.2192],[-75.1555,41.1544],[-75.1572,41.1502],[-75.0766,41.1408],[-75.0389,41.0889],[-75.0278,41.0818],[-75.0158,41.0841],[-75.0029,41.0918],[-75.0,41.0895],[-74.9963,41.0931],[-74.9917,41.0923],[-74.9896,41.0883],[-74.9685,41.0959],[-74.9669,41.0945],[-74.971,41.0853],[-75.0,41.0735],[-75.0162,41.0619],[-75.0192,41.053],[-75.0271,41.0413],[-75.0258,41.0398],[-75.0443,41.0303],[-75.09,41.0129],[-75.1312,40.9903],[-75.1351,40.9729],[-75.1302,40.969],[-75.1226,40.9702],[-75.1213,40.9692],[-75.1204,40.9683],[-75.1207,40.9681],[-75.1289,40.9588],[-75.139,40.9544],[-75.1484,40.9502],[-75.1566,40.9488],[-75.1602,40.9485],[-75.1618,40.9483],[-75.1709,40.9478],[-75.1767,40.9457],[-75.1773,40.9426],[-75.178,40.9411],[-75.1781,40.9403],[-75.1806,40.9389],[-75.1883,40.9371],[-75.192,40.9369],[-75.1933,40.936],[-75.1971,40.9363],[-75.2113,40.9323],[-75.2159,40.9299],[-75.217,40.9286],[-75.219,40.9276],[-75.2198,40.9246],[-75.2212,40.9221],[-75.2218,40.9196],[-75.2257,40.9176],[-75.2315,40.9138],[-75.2395,40.9099],[-75.241,40.9095],[-75.2324,40.8998],[-75.2343,40.8992],[-75.2387,40.8977],[-75.2436,40.8951],[-75.2471,40.8918],[-75.2496,40.891],[-75.2672,40.8825],[-75.2733,40.8733],[-75.2795,40.8699],[-75.2833,40.8663],[-75.2878,40.864],[-75.2913,40.8639],[-75.2921,40.8636],[-75.2948,40.8622],[-75.3008,40.8594],[-75.3152,40.8568],[-75.3209,40.8557],[-75.3398,40.8459],[-75.3737,40.8344],[-75.3791,40.8325],[-75.3833,40.8311],[-75.385,40.8297],[-75.4144,40.8263],[-75.4169,40.826],[-75.4204,40.8233],[-75.4408,40.8187],[-75.4551,40.818],[-75.4715,40.8153],[-75.4742,40.8147],[-75.4785,40.8131],[-75.4958,40.811],[-75.508,40.8091],[-75.5191,40.8088],[-75.5283,40.8063],[-75.5346,40.806],[-75.5414,40.8064],[-75.5513,40.8046],[-75.5575,40.8012],[-75.5651,40.8011],[-75.5748,40.7991],[-75.5782,40.7992],[-75.5955,40.7933],[-75.5984,40.7901],[-75.6026,40.7881],[-75.609,40.7873],[-75.6099,40.7872],[-75.6412,40.7812],[-75.6522,40.7795],[-75.6564,40.7794],[-75.6657,40.7777],[-75.6693,40.7776],[-75.6761,40.7765],[-75.6803,40.7752],[-75.6842,40.7745],[-75.6872,40.7736],[-75.6884,40.7723],[-75.6936,40.7709],[-75.6993,40.7663],[-75.7016,40.7647],[-75.7032,40.7622],[-75.7282,40.7543],[-75.7319,40.7522],[-75.7337,40.749],[-75.7381,40.745],[-75.7449,40.7403],[-75.7575,40.7355],[-75.7578,40.7354],[-75.7667,40.7305],[-75.7712,40.7297],[-75.7787,40.7291],[-75.7806,40.7246],[-75.7978,40.7165],[-75.8032,40.7107],[-75.8066,40.7091],[-75.8088,40.7072],[-75.8206,40.7033],[-75.8232,40.7017],[-75.8417,40.6931],[-75.8559,40.6925],[-75.8915,40.6773],[-75.8937,40.6764],[-75.9932,40.6397],[-75.9957,40.6323],[-75.9977,40.626],[-76.0032,40.6097],[-76.0058,40.5986],[-76.0111,40.5848],[-76.0121,40.5776],[-76.0132,40.5772],[-76.015,40.5757],[-76.0154,40.5733],[-76.0169,40.5724],[-76.0204,40.5728],[-76.0227,40.5749],[-76.0248,40.5779],[-76.0261,40.5786],[-76.0289,40.5782],[-76.032,40.5773],[-76.0334,40.5777],[-76.0361,40.5796],[-76.0373,40.5819],[-76.04,40.5838],[-76.0438,40.5841],[-76.0459,40.5832],[-76.0474,40.5797],[-76.0509,40.5754],[-76.0535,40.5743],[-76.0555,40.5749],[-76.0573,40.5762],[-76.0579,40.58],[-76.0613,40.5799],[-76.065,40.5798],[-76.0794,40.5661],[-76.1028,40.5623],[-76.1067,40.562],[-76.1125,40.5603],[-76.1159,40.5589],[-76.1228,40.5568],[-76.1258,40.5555],[-76.1273,40.5554],[-76.1348,40.5534],[-76.1366,40.5516],[-76.1356,40.5501],[-76.136,40.5474],[-76.1454,40.5513],[-76.1504,40.5446],[-76.1551,40.5452],[-76.1601,40.5404],[-76.1654,40.5398],[-76.1716,40.5349],[-76.1848,40.536],[-76.1912,40.5341],[-76.1967,40.5312],[-76.2046,40.5303],[-76.2102,40.5293],[-76.2141,40.5294],[-76.2193,40.5287],[-76.2239,40.5269],[-76.2275,40.5243],[-76.2321,40.5226],[-76.2354,40.5209],[-76.2401,40.5205],[-76.2445,40.5198],[-76.2572,40.5169],[-76.2645,40.5168],[-76.2722,40.5176],[-76.2873,40.5157],[-76.3023,40.5147],[-76.3131,40.516],[-76.3224,40.5142],[-76.3261,40.5145],[-76.3303,40.5159],[-76.3389,40.5152],[-76.3458,40.513],[-76.3514,40.5115],[-76.3575,40.5105],[-76.3691,40.5096],[-76.3783,40.506],[-76.3851,40.5055],[-76.4052,40.4993],[-76.4059,40.4987],[-76.4183,40.4958],[-76.4287,40.4955],[-76.4344,40.4956],[-76.4374,40.4962],[-76.4402,40.496],[-76.4567,40.5061],[-76.4741,40.5173],[-76.4842,40.5231],[-76.4889,40.5266],[-76.4933,40.5287],[-76.5052,40.5361],[-76.5139,40.5416],[-76.5353,40.5552],[-76.5468,40.5621],[-76.5624,40.5719],[-76.5695,40.5761],[-76.5771,40.5807],[-76.5803,40.5842],[-76.5837,40.5846],[-76.6122,40.6025],[-76.6154,40.6041],[-76.6183,40.6066],[-76.6249,40.6106],[-76.6398,40.6198],[-76.6635,40.6345],[-76.6899,40.6509],[-76.6987,40.6558],[-76.7015,40.6581],[-76.702,40.6562],[-76.7032,40.6555],[-76.7055,40.6561],[-76.7137,40.6597],[-76.7191,40.6581],[-76.7205,40.6556],[-76.7211,40.654],[-76.7222,40.6534],[-76.7288,40.6535],[-76.7334,40.6551],[-76.7413,40.6546],[-76.7439,40.655],[-76.7497,40.6533],[-76.7514,40.6521],[-76.7525,40.6503],[-76.7554,40.6485],[-76.7667,40.6469],[-76.774,40.6464],[-76.7768,40.6458],[-76.7784,40.6461],[-76.7817,40.6443],[-76.7846,40.6431],[-76.7863,40.6415],[-76.794,40.6405],[-76.7945,40.6409],[-76.7946,40.6417],[-76.7984,40.6446],[-76.8015,40.6452],[-76.8021,40.6464],[-76.8036,40.6465],[-76.8057,40.6455],[-76.809,40.6415],[-76.8089,40.6411],[-76.8087,40.6409],[-76.81,40.636],[-76.8107,40.634],[-76.8147,40.6333],[-76.8225,40.6335],[-76.8251,40.6345],[-76.8285,40.6334],[-76.8321,40.6294],[-76.8333,40.6277],[-76.836,40.6263],[-76.841,40.6255],[-76.8563,40.6257],[-76.8613,40.6265],[-76.8642,40.6275],[-76.8666,40.6265],[-76.8688,40.6242],[-76.8693,40.6227],[-76.8695,40.6179],[-76.8727,40.6162],[-76.8821,40.6172],[-76.8844,40.6179],[-76.8861,40.6178],[-76.89,40.6163],[-76.8913,40.6145],[-76.8893,40.6126],[-76.8898,40.6104],[-76.892,40.61],[-76.9003,40.6108],[-76.9033,40.612],[-76.9098,40.6116],[-76.912,40.6117],[-76.9181,40.6102],[-76.9206,40.6102],[-76.9212,40.6093],[-76.9179,40.6055],[-76.9174,40.6041],[-76.9189,40.6036],[-76.9207,40.6048],[-76.9259,40.6092],[-76.9368,40.6129],[-76.949,40.6282],[-76.9392,40.6387],[-76.9406,40.6462],[-76.9423,40.6476],[-76.9439,40.6496],[-76.9452,40.6505],[-76.9536,40.6479],[-76.9574,40.6474],[-76.9602,40.646],[-76.9618,40.6456],[-76.9651,40.6468],[-76.9656,40.6469],[-76.9664,40.6454],[-76.9675,40.6451],[-76.9679,40.6431],[-76.9675,40.6412],[-76.9695,40.6413],[-76.975,40.6427],[-76.976,40.6427],[-76.9764,40.6453],[-76.9808,40.6448],[-76.9846,40.6436],[-76.9867,40.6439],[-76.9886,40.6431],[-76.9907,40.6406],[-76.997,40.6358],[-76.9985,40.6377],[-77.0017,40.6387],[-77.0034,40.6389],[-77.0047,40.6414],[-77.0059,40.6422],[-77.0049,40.6447],[-77.004,40.6455],[-77.0047,40.6473],[-77.007,40.6502],[-77.0077,40.6518],[-77.0079,40.6549],[-77.0082,40.6557],[-77.0071,40.6562],[-77.0083,40.6601],[-77.0097,40.6604],[-77.011,40.6619],[-77.0141,40.6622],[-77.017,40.6597],[-77.0198,40.66],[-77.0206,40.6603],[-77.0217,40.66],[-77.0219,40.6608],[-77.0252,40.6589],[-77.0253,40.6576],[-77.0261,40.6564],[-77.0264,40.6558],[-77.0293,40.6556],[-77.0308,40.6563],[-77.0311,40.657],[-77.033,40.6586],[-77.0335,40.6595],[-77.0346,40.6599],[-77.0333,40.6627],[-77.0334,40.6639],[-77.033,40.665],[-77.0341,40.6661],[-77.0345,40.6671],[-77.0357,40.6681],[-77.0356,40.6693],[-77.0365,40.6709],[-77.0353,40.6723],[-77.0359,40.6742],[-77.0366,40.6746],[-77.0359,40.6766],[-77.0374,40.6783],[-77.0378,40.6793],[-77.0391,40.6798],[-77.0415,40.6792],[-77.0438,40.6769],[-77.0458,40.6758],[-77.0481,40.6762],[-77.0525,40.6752],[-77.0537,40.6757],[-77.0567,40.6762],[-77.0572,40.6766],[-77.0586,40.677],[-77.0606,40.6797],[-77.0638,40.6784],[-77.0653,40.6783],[-77.067,40.6794],[-77.0709,40.6797],[-77.0735,40.679],[-77.0743,40.6783],[-77.0755,40.6787],[-77.0778,40.6789],[-77.0784,40.6785],[-77.0818,40.6782],[-77.0824,40.6778],[-77.0849,40.6779],[-77.0881,40.6783],[-77.0898,40.677],[-77.094,40.6763],[-77.0973,40.6784],[-77.0973,40.6812],[-77.0993,40.6855],[-77.1003,40.6862],[-77.1004,40.6879],[-77.1025,40.6894],[-77.1052,40.6895],[-77.1071,40.6913],[-77.1101,40.6922],[-77.1125,40.6914],[-77.1163,40.6886],[-77.1205,40.6881],[-77.1234,40.6872],[-77.1258,40.6859],[-77.1345,40.6842],[-77.1384,40.6834],[-77.1401,40.6836],[-77.1431,40.6826],[-77.1451,40.6814],[-77.1513,40.68],[-77.1508,40.6771],[-77.1712,40.6795],[-77.1892,40.6822],[-77.1935,40.6822],[-77.1991,40.6828],[-77.2452,40.6883],[-77.2701,40.6905],[-77.2879,40.6936],[-77.3026,40.6953],[-77.3344,40.6991],[-77.3418,40.6994],[-77.3456,40.7006],[-77.3543,40.7019],[-77.3549,40.7281],[-77.3544,40.7326],[-77.3555,40.735],[-77.3554,40.7501],[-77.3556,40.7594],[-77.3557,40.7646],[-77.3535,40.7721],[-77.3553,40.7742],[-77.3565,40.7844],[-77.3566,40.8074],[-77.3571,40.8445],[-77.3635,40.8472],[-77.3157,40.8828],[-77.302,40.8929],[-77.2792,40.9097],[-77.2492,40.9427],[-77.244,40.948],[-77.243,40.9496],[-77.2353,40.9569],[-77.2289,40.9651],[-77.2215,40.9733],[-77.2063,40.9905],[-77.2053,40.9926],[-77.1923,41.0022],[-77.1727,41.0187],[-77.1676,41.0214],[-77.1648,41.0254],[-77.1585,41.0304],[-77.1503,41.0372],[-77.1451,41.0441],[-77.1443,41.0444],[-77.1459,41.0444],[-77.1532,41.041],[-77.1697,41.036],[-77.2138,41.0237],[-77.2298,41.0195],[-77.2341,41.0179],[-77.3162,40.9949],[-77.3217,40.9929],[-77.343,40.9875],[-77.389,40.9799],[-77.4157,40.9777],[-77.4294,40.9756],[-77.4301,40.976],[-77.4358,40.9755],[-77.5088,40.9627],[-77.5177,40.9732],[-77.545,41.0055],[-77.5459,41.0061],[-77.5472,41.0084],[-77.5599,41.0214],[-77.5647,41.023],[-77.5653,41.0297],[-77.5802,41.0473],[-77.5703,41.0526],[-77.5617,41.0578],[-77.5695,41.0659],[-77.5717,41.0667],[-77.5729,41.0681],[-77.576,41.0685],[-77.5818,41.0672],[-77.5826,41.0675],[-77.5842,41.0701],[-77.5896,41.0714],[-77.5914,41.0708],[-77.5923,41.0715],[-77.5927,41.0748],[-77.595,41.0774],[-77.6007,41.0807],[-77.6019,41.0806],[-77.6103,41.0845],[-77.6163,41.0876],[-77.6198,41.0889],[-77.6221,41.0912],[-77.6274,41.0926],[-77.63,41.0924],[-77.6307,41.0928],[-77.6309,41.0938],[-77.6318,41.0938],[-77.6335,41.095],[-77.6359,41.0951],[-77.6398,41.0969],[-77.6425,41.0968],[-77.6481,41.0982],[-77.6508,41.098],[-77.6573,41.1006],[-77.6598,41.1028],[-77.6606,41.1067],[-77.6628,41.1089],[-77.6649,41.1092],[-77.6683,41.1077],[-77.671,41.1057],[-77.6726,41.1054],[-77.6757,41.1064],[-77.6812,41.109],[-77.6841,41.1091],[-77.6882,41.1068],[-77.6922,41.1064],[-77.6959,41.1078],[-77.7056,41.1137],[-77.707,41.1138],[-77.7095,41.1117],[-77.712,41.1107],[-77.713,41.1073],[-77.7154,41.1054],[-77.7186,41.1052],[-77.7236,41.1071],[-77.7247,41.1079],[-77.7247,41.1091],[-77.7262,41.1108],[-77.7292,41.1114],[-77.733,41.1106],[-77.7376,41.1081],[-77.7439,41.1076],[-77.7464,41.1066],[-77.7777,41.1467],[-77.7894,41.1421],[-77.7896,41.1772],[-77.8219,41.1771],[-77.8433,41.1778],[-77.8488,41.1799],[-77.8622,41.177],[-77.8708,41.1778],[-77.8722,41.1776],[-77.878,41.1787],[-77.8815,41.1776],[-77.8972,41.177],[-77.8975,41.2074],[-77.8953,41.215],[-77.8977,41.2305],[-77.8978,41.2533],[-77.9017,41.2491],[-77.9048,41.2467],[-77.9105,41.244],[-77.9127,41.2419],[-77.9161,41.237],[-77.9204,41.229],[-77.9214,41.2278],[-77.9246,41.2263],[-77.9345,41.2264],[-77.9369,41.2256],[-77.9385,41.2238],[-77.9392,41.2211],[-77.9355,41.2144],[-77.936,41.2111],[-77.9394,41.2095],[-77.9417,41.2098],[-77.9482,41.2125],[-77.9556,41.2174],[-77.9594,41.2175],[-77.9625,41.2146],[-77.9646,41.2106],[-77.9656,41.2096],[-77.9717,41.206],[-77.9731,41.2034],[-77.9736,41.1892],[-77.9708,41.1784],[-77.9708,41.1748],[-77.973,41.1732],[-77.9827,41.171],[-77.9846,41.1697],[-77.9872,41.1633],[-77.9902,41.1619],[-77.9972,41.1635],[-77.9992,41.163],[-78.0009,41.161],[-78.0018,41.1578],[-78.0004,41.1505],[-78.0011,41.1475],[-78.0048,41.144],[-78.0079,41.1433],[-78.0107,41.1439],[-78.0122,41.1457],[-78.0147,41.152],[-78.0174,41.153],[-78.0215,41.1523],[-78.0246,41.1508],[-78.0286,41.1503],[-78.0318,41.1517],[-78.0343,41.1534],[-78.0376,41.1538],[-78.0382,41.1536],[-78.0483,41.1632],[-78.0529,41.1697],[-78.0612,41.1753],[-78.0672,41.1827],[-78.0934,41.2169],[-78.0817,41.2341],[-78.0718,41.2478],[-78.0535,41.2738],[-78.0426,41.289],[-78.0396,41.291],[-78.0386,41.2948],[-78.0336,41.302],[-78.0252,41.3106],[-78.025,41.3116],[-78.0176,41.3249],[-78.012,41.3361],[-78.0082,41.3394],[-77.9997,41.35],[-77.9991,41.3563],[-77.9888,41.3675],[-77.9887,41.3752],[-77.9882,41.3794],[-77.989,41.3882],[-77.9885,41.3959],[-77.9884,41.4192],[-77.9894,41.4222],[-77.989,41.4286],[-77.9892,41.4376],[-77.9891,41.4486],[-77.9895,41.4743]]]}}]}